customerID,gender,SeniorCitizen,Partner,Dependents,tenure,PhoneService,InternetService,OnlineSecurity,OnlineBackup,DeviceProtection,TechSupport,TotalCharges,Churn
7590-VHVEG,Female,0,Yes,No,1,No,DSL,No,Yes,No,No,29.85,No
5575-GNVDE,Male,0,No,No,34,Yes,DSL,Yes,No,Yes,No,1889.5,No
3668-QPYBK,Male,0,No,No,2,Yes,DSL,Yes,Yes,No,No,108.15,Yes
7795-CFOCW,Male,0,No,No,45,No,DSL,Yes,No,Yes,Yes,1840.75,No
9237-HQITU,Female,0,No,No,2,Yes,Fiber optic,No,No,No,No,151.65,Yes
9305-CDSKC,Female,0,No,No,8,Yes,Fiber optic,No,No,Yes,No,820.5,Yes
1452-KIOVK,Male,0,No,Yes,22,Yes,Fiber optic,No,Yes,No,No,1949.4,No
6713-OKOMC,Female,0,No,No,10,No,DSL,Yes,No,No,No,301.9,No
7892-POOKP,Female,0,Yes,No,28,Yes,Fiber optic,No,No,Yes,Yes,3046.05,Yes
6388-TABGU,Male,0,No,Yes,62,Yes,DSL,Yes,Yes,No,No,3487.95,No
9763-GRSKD,Male,0,Yes,Yes,13,Yes,DSL,Yes,No,No,No,587.45,No
7469-LKBCI,Male,0,No,No,16,Yes,No,No internet service,No internet service,No internet service,No internet service,326.8,No
8091-TTVAX,Male,0,Yes,No,58,Yes,Fiber optic,No,No,Yes,No,5681.1,No
0280-XJGEX,Male,0,No,No,49,Yes,Fiber optic,No,Yes,Yes,No,5036.3,Yes
5129-JLPIS,Male,0,No,No,25,Yes,Fiber optic,Yes,No,Yes,Yes,2686.05,No
3655-SNQYZ,Female,0,Yes,Yes,69,Yes,Fiber optic,Yes,Yes,Yes,Yes,7895.15,No
8191-XWSZG,Female,0,No,No,52,Yes,No,No internet service,No internet service,No internet service,No internet service,1022.95,No
9959-WOFKT,Male,0,No,Yes,71,Yes,Fiber optic,Yes,No,Yes,No,7382.25,No
4190-MFLUW,Female,0,Yes,Yes,10,Yes,DSL,No,No,Yes,Yes,528.35,Yes
4183-MYFRB,Female,0,No,No,21,Yes,Fiber optic,No,Yes,Yes,No,1862.9,No
8779-QRDMV,Male,1,No,No,1,No,DSL,No,No,Yes,No,39.65,Yes
1680-VDCWW,Male,0,Yes,No,12,Yes,No,No internet service,No internet service,No internet service,No internet service,202.25,No
1066-JKSGK,Male,0,No,No,1,Yes,No,No internet service,No internet service,No internet service,No internet service,20.15,Yes
3638-WEABW,Female,0,Yes,No,58,Yes,DSL,No,Yes,No,Yes,3505.1,No
6322-HRPFA,Male,0,Yes,Yes,49,Yes,DSL,Yes,Yes,No,Yes,2970.3,No
6865-JZNKO,Female,0,No,No,30,Yes,DSL,Yes,Yes,No,No,1530.6,No
6467-CHFZW,Male,0,Yes,Yes,47,Yes,Fiber optic,No,Yes,No,No,4749.15,Yes
8665-UTDHZ,Male,0,Yes,Yes,1,No,DSL,No,Yes,No,No,30.2,Yes
5248-YGIJN,Male,0,Yes,No,72,Yes,DSL,Yes,Yes,Yes,Yes,6369.45,No
8773-HHUOZ,Female,0,No,Yes,17,Yes,DSL,No,No,No,No,1093.1,Yes
3841-NFECX,Female,1,Yes,No,71,Yes,Fiber optic,Yes,Yes,Yes,Yes,6766.95,No
4929-XIHVW,Male,1,Yes,No,2,Yes,Fiber optic,No,No,Yes,No,181.65,No
6827-IEAUQ,Female,0,Yes,Yes,27,Yes,DSL,Yes,Yes,Yes,Yes,1874.45,No
7310-EGVHZ,Male,0,No,No,1,Yes,No,No internet service,No internet service,No internet service,No internet service,20.2,No
3413-BMNZE,Male,1,No,No,1,Yes,DSL,No,No,No,No,45.25,No
6234-RAAPL,Female,0,Yes,Yes,72,Yes,Fiber optic,Yes,Yes,No,Yes,7251.7,No
6047-YHPVI,Male,0,No,No,5,Yes,Fiber optic,No,No,No,No,316.9,Yes
6572-ADKRS,Female,0,No,No,46,Yes,Fiber optic,No,No,Yes,No,3548.3,No
5380-WJKOV,Male,0,No,No,34,Yes,Fiber optic,No,Yes,Yes,No,3549.25,Yes
8168-UQWWF,Female,0,No,No,11,Yes,Fiber optic,No,No,Yes,No,1105.4,Yes
8865-TNMNX,Male,0,Yes,Yes,10,Yes,DSL,No,Yes,No,No,475.7,No
9489-DEDVP,Female,0,Yes,Yes,70,Yes,DSL,Yes,Yes,No,No,4872.35,No
9867-JCZSP,Female,0,Yes,Yes,17,Yes,No,No internet service,No internet service,No internet service,No internet service,418.25,No
4671-VJLCL,Female,0,No,No,63,Yes,DSL,Yes,Yes,Yes,Yes,4861.45,No
4080-IIARD,Female,0,Yes,No,13,Yes,DSL,Yes,Yes,No,Yes,981.45,No
3714-NTNFO,Female,0,No,No,49,Yes,Fiber optic,No,No,No,No,3906.7,No
5948-UJZLF,Male,0,No,No,2,Yes,DSL,No,Yes,No,No,97,No
7760-OYPDY,Female,0,No,No,2,Yes,Fiber optic,No,No,No,No,144.15,Yes
7639-LIAYI,Male,0,No,No,52,Yes,DSL,Yes,No,No,Yes,4217.8,No
2954-PIBKO,Female,0,Yes,Yes,69,Yes,DSL,Yes,No,Yes,Yes,4254.1,No
8012-SOUDQ,Female,1,No,No,43,Yes,Fiber optic,No,Yes,No,No,3838.75,No
9420-LOJKX,Female,0,No,No,15,Yes,Fiber optic,Yes,Yes,No,No,1426.4,Yes
6575-SUVOI,Female,1,Yes,No,25,Yes,DSL,Yes,No,No,Yes,1752.65,No
7495-OOKFY,Female,1,Yes,No,8,Yes,Fiber optic,No,Yes,No,No,633.3,Yes
4667-QONEA,Female,1,Yes,Yes,60,Yes,DSL,Yes,Yes,Yes,Yes,4456.35,No
1658-BYGOY,Male,1,No,No,18,Yes,Fiber optic,No,No,No,No,1752.55,Yes
8769-KKTPH,Female,0,Yes,Yes,63,Yes,Fiber optic,Yes,No,No,No,6311.2,No
5067-XJQFU,Male,1,Yes,Yes,66,Yes,Fiber optic,No,Yes,Yes,Yes,7076.35,No
3957-SQXML,Female,0,Yes,Yes,34,Yes,No,No internet service,No internet service,No internet service,No internet service,894.3,No
5954-BDFSG,Female,0,No,No,72,Yes,Fiber optic,No,No,Yes,Yes,7853.7,No
0434-CSFON,Female,0,Yes,No,47,Yes,Fiber optic,No,No,Yes,No,4707.1,No
1215-FIGMP,Male,0,No,No,60,Yes,Fiber optic,No,Yes,No,No,5450.7,No
0526-SXDJP,Male,0,Yes,No,72,No,DSL,Yes,Yes,Yes,No,2962,No
0557-ASKVU,Female,0,Yes,Yes,18,Yes,DSL,No,No,Yes,Yes,957.1,No
5698-BQJOH,Female,0,No,No,9,Yes,Fiber optic,No,No,No,No,857.25,Yes
5122-CYFXA,Female,0,No,No,3,Yes,DSL,No,Yes,No,Yes,244.1,No
8627-ZYGSZ,Male,0,Yes,No,47,Yes,Fiber optic,No,Yes,No,No,3650.35,No
3410-YOQBQ,Female,0,No,No,31,Yes,DSL,No,Yes,Yes,Yes,2497.2,No
3170-NMYVV,Female,0,Yes,Yes,50,Yes,No,No internet service,No internet service,No internet service,No internet service,930.9,No
7410-OIEDU,Male,0,No,No,10,Yes,Fiber optic,Yes,No,Yes,No,887.35,No
2273-QCKXA,Male,0,No,No,1,Yes,DSL,No,No,No,Yes,49.05,No
0731-EBJQB,Female,0,Yes,Yes,52,Yes,No,No internet service,No internet service,No internet service,No internet service,1090.65,No
1891-QRQSA,Male,1,Yes,Yes,64,Yes,Fiber optic,Yes,No,Yes,Yes,7099,No
8028-PNXHQ,Male,0,Yes,Yes,62,Yes,No,No internet service,No internet service,No internet service,No internet service,1424.6,No
5630-AHZIL,Female,0,No,Yes,3,Yes,DSL,Yes,No,No,Yes,177.4,No
2673-CXQEU,Female,1,No,No,56,Yes,Fiber optic,Yes,Yes,Yes,No,6139.5,No
6416-JNVRK,Female,0,No,No,46,Yes,DSL,No,No,No,No,2688.85,No
5590-ZSKRV,Female,0,Yes,Yes,8,Yes,DSL,Yes,Yes,No,No,482.25,No
0191-ZHSKZ,Male,1,No,No,30,Yes,DSL,Yes,Yes,No,No,2111.3,No
3887-PBQAO,Female,0,Yes,Yes,45,Yes,No,No internet service,No internet service,No internet service,No internet service,1216.6,No
5919-TMRGD,Female,0,No,Yes,1,Yes,Fiber optic,No,No,No,No,79.35,Yes
8108-UXRQN,Female,0,Yes,Yes,11,No,DSL,Yes,No,No,No,565.35,No
9191-MYQKX,Female,0,Yes,No,7,Yes,Fiber optic,No,No,Yes,No,496.9,Yes
9919-YLNNG,Female,0,No,No,42,Yes,Fiber optic,No,Yes,Yes,Yes,4327.5,No
0318-ZOPWS,Female,0,Yes,No,49,Yes,No,No internet service,No internet service,No internet service,No internet service,973.35,No
4445-ZJNMU,Male,0,No,No,9,Yes,Fiber optic,No,Yes,No,No,918.75,No
4808-YNLEU,Female,0,Yes,No,35,Yes,DSL,Yes,No,No,No,2215.45,No
1862-QRWPE,Female,0,Yes,Yes,48,Yes,No,No internet service,No internet service,No internet service,No internet service,1057,No
2796-NNUFI,Female,0,Yes,Yes,46,Yes,No,No internet service,No internet service,No internet service,No internet service,927.1,No
3016-KSVCP,Male,0,Yes,No,29,No,DSL,No,No,No,No,1009.25,No
4767-HZZHQ,Male,0,Yes,Yes,30,Yes,Fiber optic,No,Yes,Yes,No,2570.2,No
2424-WVHPL,Male,1,No,No,1,Yes,Fiber optic,No,No,No,Yes,74.7,No
7233-PAHHL,Male,0,Yes,Yes,66,Yes,DSL,Yes,No,Yes,Yes,5714.25,No
6067-NGCEU,Female,0,No,No,65,Yes,Fiber optic,Yes,Yes,Yes,No,7107,No
9848-JQJTX,Male,0,No,No,72,Yes,Fiber optic,No,Yes,Yes,No,7459.05,No
8637-XJIVR,Female,0,No,No,12,Yes,Fiber optic,Yes,No,No,No,927.35,Yes
9803-FTJCG,Male,0,Yes,Yes,71,Yes,DSL,Yes,Yes,No,Yes,4748.7,No
0278-YXOOG,Male,0,No,No,5,Yes,No,No internet service,No internet service,No internet service,No internet service,113.85,Yes
3212-KXOCR,Male,0,No,No,52,Yes,No,No internet service,No internet service,No internet service,No internet service,1107.2,No
4598-XLKNJ,Female,1,Yes,No,25,Yes,Fiber optic,No,Yes,Yes,No,2514.5,Yes
6380-ARCEH,Male,0,No,No,1,Yes,No,No internet service,No internet service,No internet service,No internet service,20.2,No
3679-XASPY,Female,0,Yes,Yes,1,Yes,No,No internet service,No internet service,No internet service,No internet service,19.45,No
7123-WQUHX,Male,0,No,No,38,Yes,Fiber optic,No,No,Yes,Yes,3605.6,No
5386-THSLQ,Female,1,Yes,No,66,No,DSL,No,Yes,Yes,No,3027.25,No
3192-NQECA,Male,0,Yes,No,68,Yes,Fiber optic,No,Yes,Yes,Yes,7611.85,Yes
6180-YBIQI,Male,0,No,No,5,No,DSL,No,No,No,No,100.2,No
6728-DKUCO,Female,0,Yes,Yes,72,Yes,Fiber optic,Yes,Yes,No,No,7303.05,No
9750-BOOHV,Female,0,No,No,32,No,DSL,Yes,No,No,No,927.65,No
8597-CWYHH,Male,0,No,No,43,Yes,Fiber optic,No,No,No,No,3921.3,No
2848-YXSMW,Male,0,Yes,Yes,72,Yes,No,No internet service,No internet service,No internet service,No internet service,1363.25,No
0486-HECZI,Male,0,Yes,No,55,Yes,Fiber optic,Yes,Yes,No,No,5238.9,Yes
4549-ZDQYY,Female,0,No,No,52,Yes,DSL,Yes,No,Yes,Yes,3042.25,No
5712-AHQNN,Female,0,No,No,43,Yes,Fiber optic,No,Yes,Yes,No,3954.1,No
4846-WHAFZ,Female,1,Yes,No,37,Yes,Fiber optic,No,No,No,No,2868.15,Yes
5256-SKJGO,Female,0,Yes,Yes,64,No,DSL,No,Yes,No,Yes,3423.5,No
3071-VBYPO,Male,0,Yes,Yes,3,Yes,Fiber optic,Yes,Yes,No,No,248.4,No
9560-BBZXK,Female,0,No,No,36,No,DSL,Yes,No,No,No,1126.35,No
5299-RULOA,Female,0,Yes,Yes,10,Yes,Fiber optic,Yes,No,No,No,1064.65,Yes
8402-OOOHJ,Female,0,No,No,41,Yes,No,No internet service,No internet service,No internet service,No internet service,835.15,No
9445-ZUEQE,Male,0,Yes,Yes,27,Yes,Fiber optic,No,Yes,No,Yes,2151.6,No
1091-SOZGA,Female,0,Yes,Yes,56,Yes,Fiber optic,No,No,Yes,No,5515.45,No
2928-HLDBA,Female,0,No,No,6,Yes,No,No internet service,No internet service,No internet service,No internet service,112.75,No
0404-SWRVG,Male,0,No,No,3,Yes,Fiber optic,No,No,No,No,229.55,Yes
6497-TILVL,Female,0,Yes,Yes,7,Yes,DSL,Yes,No,No,No,350.35,No
7219-TLZHO,Female,0,Yes,Yes,4,Yes,No,No internet service,No internet service,No internet service,No internet service,62.9,No
4622-YNKIJ,Male,0,No,No,33,Yes,Fiber optic,Yes,No,No,Yes,3027.65,No
4412-YLTKF,Female,1,No,No,27,Yes,Fiber optic,No,No,Yes,No,2135.5,Yes
6734-PSBAW,Male,0,Yes,No,72,Yes,No,No internet service,No internet service,No internet service,No internet service,1723.95,No
3930-ZGWVE,Male,0,No,No,1,Yes,No,No internet service,No internet service,No internet service,No internet service,19.75,No
2639-UGMAZ,Male,1,No,No,71,No,DSL,Yes,Yes,No,No,3985.35,No
2876-GZYZC,Female,0,No,No,13,Yes,Fiber optic,No,No,No,No,1215.65,No
6207-WIOLX,Female,0,Yes,Yes,25,No,DSL,Yes,Yes,Yes,No,1502.65,Yes
8587-XYZSF,Male,0,No,No,67,Yes,DSL,No,No,No,Yes,3260.1,No
3091-FYHKI,Male,0,No,No,1,No,DSL,No,No,No,No,35.45,Yes
2372-HWUHI,Male,0,No,No,2,Yes,DSL,No,No,No,No,81.25,Yes
7799-LGRDP,Female,0,No,No,43,Yes,No,No internet service,No internet service,No internet service,No internet service,1188.2,No
7850-VWJUU,Female,0,No,No,23,Yes,Fiber optic,Yes,No,No,No,1778.5,No
3774-VBNXY,Female,0,Yes,Yes,64,Yes,No,No internet service,No internet service,No internet service,No internet service,1277.75,No
6217-KDYWC,Male,0,No,Yes,57,Yes,No,No internet service,No internet service,No internet service,No internet service,1170.55,No
0390-DCFDQ,Female,1,Yes,No,1,Yes,Fiber optic,No,No,No,No,70.45,Yes
3146-MSEGF,Female,1,Yes,Yes,72,Yes,DSL,Yes,Yes,Yes,Yes,6425.65,No
4080-OGPJL,Female,0,No,No,8,Yes,DSL,Yes,No,No,Yes,563.65,Yes
1095-WGNGG,Female,0,Yes,No,61,Yes,Fiber optic,No,Yes,No,No,5971.25,No
2636-SJDOU,Male,0,No,No,64,Yes,Fiber optic,Yes,Yes,No,No,5289.05,No
1131-QQZEB,Male,1,Yes,No,71,Yes,No,No internet service,No internet service,No internet service,No internet service,1756.2,No
5716-EZXZN,Female,0,Yes,Yes,65,Yes,Fiber optic,Yes,Yes,No,Yes,6416.7,No
6837-BJYDQ,Male,0,No,No,3,Yes,No,No internet service,No internet service,No internet service,No internet service,61.35,No
2135-RXIHG,Male,0,No,No,1,Yes,DSL,No,No,No,No,45.65,Yes
6440-DKQGE,Male,0,No,Yes,30,Yes,DSL,No,Yes,Yes,No,1929.95,No
3466-BYAVD,Male,0,Yes,Yes,15,Yes,DSL,No,Yes,Yes,Yes,1071.4,No
3780-YVMFA,Female,0,Yes,Yes,8,Yes,DSL,No,No,No,Yes,564.35,No
3874-EQOEP,Male,0,No,No,7,Yes,Fiber optic,No,No,No,No,655.5,Yes
1679-JRFBR,Female,0,Yes,Yes,70,Yes,Fiber optic,Yes,Yes,Yes,No,7930.55,No
9073-ZZIAY,Male,0,Yes,Yes,62,Yes,DSL,Yes,Yes,Yes,Yes,5215.25,No
3077-RSNTJ,Female,0,Yes,Yes,6,Yes,No,No internet service,No internet service,No internet service,No internet service,113.5,No
6551-GNYDG,Female,0,Yes,Yes,14,Yes,Fiber optic,No,No,No,No,1152.8,No
9167-APMXZ,Female,0,No,No,22,Yes,Fiber optic,No,No,No,No,1821.95,No
2749-CTKAJ,Male,0,Yes,Yes,22,Yes,No,No internet service,No internet service,No internet service,No internet service,419.9,No
6371-NZYEG,Male,0,Yes,Yes,16,Yes,DSL,Yes,No,Yes,No,1024,No
7554-NEWDD,Male,0,No,No,10,Yes,No,No internet service,No internet service,No internet service,No internet service,251.6,No
8992-VONJD,Female,0,No,Yes,13,Yes,DSL,Yes,Yes,No,No,764.55,No
0867-MKZVY,Female,0,Yes,No,20,Yes,Fiber optic,Yes,No,No,No,1592.35,Yes
4482-EWFMI,Female,0,No,No,2,Yes,Fiber optic,No,No,No,No,135.2,No
4648-YPBTM,Male,0,No,No,53,Yes,DSL,No,Yes,Yes,Yes,3958.25,No
2907-ILJBN,Female,0,Yes,Yes,11,Yes,No,No internet service,No internet service,No internet service,No internet service,233.9,No
6345-FZOQH,Male,0,Yes,No,69,Yes,No,No internet service,No internet service,No internet service,No internet service,1363.45,No
3376-BMGFE,Female,0,No,No,4,Yes,Fiber optic,No,No,No,No,273,Yes
5997-OPVFA,Male,0,Yes,No,72,Yes,DSL,Yes,Yes,Yes,Yes,6254.45,No
3445-HXXGF,Male,1,Yes,No,58,No,DSL,No,Yes,Yes,No,2651.2,Yes
1159-WFSGR,Female,0,Yes,Yes,16,Yes,No,No internet service,No internet service,No internet service,No internet service,321.4,No
7654-YWJUF,Male,0,Yes,No,43,Yes,Fiber optic,Yes,No,Yes,Yes,3539.25,No
1875-QIVME,Female,0,Yes,No,2,Yes,Fiber optic,No,No,Yes,Yes,242.8,Yes
6727-IOTLZ,Male,0,Yes,No,14,Yes,DSL,No,Yes,Yes,Yes,1181.75,No
0691-JVSYA,Female,0,Yes,No,53,Yes,Fiber optic,No,No,Yes,No,5000.2,Yes
5918-VUKWP,Female,0,No,No,32,Yes,No,No internet service,No internet service,No internet service,No internet service,654.55,No
1744-JHKYS,Female,0,Yes,No,34,Yes,No,No internet service,No internet service,No internet service,No internet service,780.2,No
2656-FMOKZ,Female,1,No,No,15,Yes,Fiber optic,No,No,No,No,1145.7,Yes
2070-FNEXE,Female,1,No,No,7,Yes,Fiber optic,Yes,No,No,No,503.6,Yes
5947-SGKCL,Female,0,Yes,Yes,15,Yes,Fiber optic,No,Yes,Yes,No,1559.25,No
3712-PKXZA,Male,0,Yes,No,61,Yes,No,No internet service,No internet service,No internet service,No internet service,1252,No
6317-YPKDH,Female,0,No,No,1,No,DSL,No,Yes,No,No,29.95,Yes
6582-OIVSP,Female,0,No,No,1,Yes,DSL,No,No,No,No,45.3,No
9367-WXLCH,Male,0,No,No,8,Yes,Fiber optic,No,No,No,No,662.65,Yes
5524-KHNJP,Male,0,Yes,Yes,33,Yes,DSL,Yes,No,Yes,No,2453.3,No
1918-ZBFQJ,Female,0,No,No,13,Yes,Fiber optic,No,Yes,Yes,No,1111.65,Yes
1024-GUALD,Female,0,Yes,No,1,No,DSL,No,No,No,No,24.8,Yes
4827-USJHP,Male,0,No,No,20,Yes,DSL,No,Yes,No,No,1023.85,No
8167-GJLRN,Male,0,No,No,3,No,DSL,No,No,No,Yes,82.15,No
0956-SYCWG,Female,0,No,No,13,Yes,No,No internet service,No internet service,No internet service,No internet service,244.8,No
8017-UVSZU,Female,0,Yes,No,40,Yes,DSL,No,Yes,No,No,2379.1,No
7100-FQPRV,Male,0,Yes,Yes,43,Yes,DSL,Yes,No,No,Yes,3173.35,No
2472-OVKUP,Male,0,Yes,No,6,Yes,Fiber optic,No,Yes,Yes,No,531,Yes
2984-RGEYA,Female,0,Yes,Yes,69,Yes,No,No internet service,No internet service,No internet service,No internet service,1375.4,No
9680-NIAUV,Female,0,Yes,Yes,72,Yes,Fiber optic,Yes,Yes,Yes,No,8129.3,No
2146-EGVDT,Male,0,Yes,Yes,59,Yes,No,No internet service,No internet service,No internet service,No internet service,1192.7,No
2604-IJPDU,Female,0,Yes,No,20,Yes,Fiber optic,Yes,Yes,No,Yes,1901.65,No
9178-JHUVJ,Male,0,Yes,Yes,24,Yes,No,No internet service,No internet service,No internet service,No internet service,587.4,No
6168-YBYNP,Male,0,No,No,59,Yes,Fiber optic,No,Yes,Yes,Yes,6519.75,No
7255-SSFBC,Male,0,Yes,Yes,72,Yes,Fiber optic,No,Yes,Yes,Yes,8041.65,No
3645-DEYGF,Male,0,No,Yes,1,Yes,No,No internet service,No internet service,No internet service,No internet service,20.75,No
9323-HGFWY,Female,0,Yes,No,27,Yes,Fiber optic,Yes,No,No,Yes,2681.15,No
8544-GOQSH,Female,0,No,No,14,Yes,Fiber optic,No,Yes,No,Yes,1112.3,No
3363-DTIVD,Male,0,Yes,Yes,71,Yes,Fiber optic,Yes,No,Yes,No,7405.5,No
7018-WBJNK,Male,0,No,Yes,13,Yes,Fiber optic,No,No,No,No,1033.95,No
9142-KZXOP,Male,0,No,No,44,Yes,Fiber optic,No,No,No,No,2958.95,No
7674-YTAFD,Female,0,No,No,33,Yes,Fiber optic,No,Yes,No,Yes,2684.85,No
6348-SNFUS,Male,0,Yes,Yes,72,No,DSL,Yes,Yes,Yes,Yes,4179.2,No
1285-OKIPP,Male,0,No,No,1,Yes,Fiber optic,No,No,No,No,79.9,Yes
7825-ECJRF,Female,0,No,No,19,Yes,Fiber optic,Yes,No,Yes,Yes,1934.45,Yes
1347-KTTTA,Male,0,Yes,No,64,Yes,Fiber optic,No,Yes,Yes,Yes,6654.1,No
7841-TZDMQ,Male,0,No,No,2,Yes,DSL,No,No,No,No,84.5,Yes
4195-NZGTA,Female,0,No,No,1,No,DSL,No,No,No,No,25.25,No
7157-SMCFK,Male,0,No,Yes,61,Yes,No,No internet service,No internet service,No internet service,No internet service,1124.2,No
4709-LKHYG,Female,0,Yes,Yes,29,Yes,No,No internet service,No internet service,No internet service,No internet service,540.05,No
2504-DSHIH,Male,1,Yes,No,23,Yes,Fiber optic,No,No,No,No,1975.85,No
0699-NDKJM,Female,0,Yes,No,57,No,DSL,Yes,Yes,Yes,No,3437.45,No
9286-BHDQG,Male,0,Yes,Yes,72,No,DSL,Yes,Yes,Yes,Yes,3139.8,No
0230-WEQUW,Male,0,Yes,No,66,No,DSL,Yes,Yes,Yes,Yes,3789.2,No
2040-LDIWQ,Male,0,Yes,Yes,65,Yes,DSL,No,Yes,Yes,Yes,5324.5,No
6496-JDSSB,Female,0,No,No,8,Yes,Fiber optic,No,No,No,No,624.6,No
9408-SSNVZ,Female,0,No,No,4,Yes,Fiber optic,No,No,No,No,268.35,Yes
4443-EMBNA,Female,0,Yes,No,71,Yes,No,No internet service,No internet service,No internet service,No internet service,1836.9,No
6469-MRVET,Male,0,Yes,Yes,1,Yes,No,No internet service,No internet service,No internet service,No internet service,20.2,No
0742-MOABM,Male,0,Yes,No,4,Yes,DSL,No,No,No,Yes,179.35,Yes
5961-VUSRV,Female,0,No,No,12,Yes,No,No internet service,No internet service,No internet service,No internet service,219.35,No
6778-JFCMK,Male,0,No,No,24,No,DSL,Yes,No,No,No,1288.75,No
6341-JVQGF,Female,0,Yes,Yes,31,Yes,DSL,Yes,No,Yes,Yes,2545.75,No
2232-DMLXU,Female,0,Yes,No,1,Yes,DSL,No,No,No,No,55.2,Yes
4811-JBUVU,Male,0,No,No,30,Yes,Fiber optic,No,No,No,Yes,2723.15,No
0945-TSONX,Female,0,Yes,Yes,47,Yes,DSL,Yes,Yes,No,Yes,4107.25,No
2651-ZCBXV,Male,0,No,No,54,Yes,Fiber optic,Yes,Yes,No,Yes,5760.65,No
3316-UWXUY,Male,0,No,No,50,Yes,Fiber optic,Yes,Yes,No,Yes,4747.5,No
8937-RDTHP,Male,0,No,No,1,Yes,Fiber optic,Yes,No,No,No,84.6,Yes
7083-MIOPC,Female,0,No,No,72,Yes,No,No internet service,No internet service,No internet service,No internet service,1566.9,No
1984-GPTEH,Female,0,No,No,29,Yes,No,No internet service,No internet service,No internet service,No internet service,702,No
1251-KRREG,Male,0,No,No,2,Yes,DSL,No,Yes,No,No,114.1,Yes
0621-JFHOL,Female,0,No,No,10,No,DSL,No,No,No,Yes,299.05,No
9903-LYSAB,Male,0,Yes,No,18,Yes,Fiber optic,No,No,No,No,1305.95,No
0094-OIFMO,Female,1,No,No,11,Yes,Fiber optic,No,Yes,No,No,1120.3,Yes
9227-UAQFT,Male,0,No,No,16,Yes,No,No internet service,No internet service,No internet service,No internet service,284.35,No
7301-ABVAD,Female,0,No,No,72,Yes,DSL,No,Yes,Yes,Yes,6350.5,No
6614-FHDBO,Male,0,No,No,72,Yes,Fiber optic,No,Yes,Yes,Yes,7878.3,No
7576-ASEJU,Female,0,Yes,Yes,41,Yes,DSL,Yes,No,No,Yes,3187.65,No
9058-HRZSV,Female,1,Yes,No,65,Yes,Fiber optic,Yes,Yes,Yes,No,6126.15,No
4522-AKYLR,Female,1,No,No,13,Yes,DSL,No,Yes,Yes,No,731.3,No
0221-WMXNQ,Male,1,No,No,4,Yes,Fiber optic,Yes,No,No,No,273.4,No
0303-UNCIP,Male,0,No,No,41,Yes,DSL,No,No,Yes,No,2531.8,No
9947-OTFQU,Male,1,No,No,15,Yes,Fiber optic,No,Yes,No,No,1074.3,Yes
0322-YINQP,Male,0,No,No,1,Yes,DSL,Yes,No,No,No,48.55,Yes
0959-WHOKV,Male,0,No,No,42,Yes,Fiber optic,Yes,Yes,Yes,No,4298.45,No
4075-JFPGR,Female,0,Yes,No,51,Yes,Fiber optic,Yes,Yes,Yes,No,4619.55,No
4629-NRXKX,Female,0,Yes,Yes,2,Yes,Fiber optic,No,No,No,No,147.15,Yes
9514-JDSKI,Male,1,Yes,No,1,No,DSL,No,Yes,No,No,40.2,Yes
3282-ZISZV,Male,0,No,Yes,32,Yes,DSL,No,Yes,Yes,Yes,2633.3,No
3675-YDUPJ,Male,0,No,No,10,Yes,No,No internet service,No internet service,No internet service,No internet service,193.05,No
4111-BNXIF,Female,0,Yes,Yes,67,No,DSL,No,Yes,Yes,Yes,4103.9,No
7017-VFHAY,Female,0,Yes,Yes,61,Yes,Fiber optic,Yes,Yes,Yes,Yes,7008.15,No
6655-LHBYW,Male,0,No,No,50,Yes,Fiber optic,Yes,Yes,Yes,Yes,5791.1,No
4959-JOSRX,Female,0,Yes,No,2,Yes,DSL,No,No,No,No,80.55,Yes
5046-NUHWD,Female,1,Yes,No,29,No,DSL,Yes,No,Yes,No,1228.65,No
7273-TEFQD,Male,1,No,No,3,No,DSL,No,No,Yes,No,132.2,Yes
3606-TWKGI,Male,1,No,No,13,Yes,Fiber optic,No,Yes,Yes,No,1364.3,Yes
7529-ZDFXI,Male,1,Yes,No,57,Yes,Fiber optic,No,Yes,No,No,4925.35,No
7605-BDWDC,Female,0,No,No,31,No,DSL,Yes,Yes,No,Yes,1520.1,No
1950-KSVVJ,Female,0,Yes,No,45,Yes,Fiber optic,Yes,Yes,Yes,Yes,5032.25,No
0123-CRBRT,Female,0,Yes,Yes,61,Yes,DSL,Yes,Yes,Yes,Yes,5526.75,No
6292-TOSSS,Male,0,No,No,50,Yes,No,No internet service,No internet service,No internet service,No internet service,1195.25,No
3197-ARFOY,Female,1,No,No,19,Yes,Fiber optic,Yes,Yes,No,Yes,2007.25,No
6323-AYBRX,Male,0,No,No,59,Yes,No,No internet service,No internet service,No internet service,No internet service,1099.6,Yes
7014-ZZXAW,Female,0,Yes,No,71,Yes,No,No internet service,No internet service,No internet service,No internet service,1732.95,No
4385-GZQXV,Female,1,No,No,16,Yes,Fiber optic,No,No,No,Yes,1511.2,Yes
7633-MVPUY,Male,0,Yes,No,57,Yes,DSL,Yes,Yes,No,Yes,3450.15,No
6366-ZGQGL,Male,0,No,No,1,No,DSL,No,No,No,No,24.8,Yes
4716-HHKQH,Male,1,Yes,No,20,Yes,Fiber optic,No,Yes,No,Yes,2172.05,No
5940-AHUHD,Male,0,No,No,1,Yes,Fiber optic,No,No,No,No,70.6,Yes
6432-TWQLB,Male,0,Yes,No,5,Yes,Fiber optic,No,Yes,No,Yes,401.1,Yes
4484-GLZOU,Female,0,Yes,No,52,Yes,Fiber optic,No,Yes,Yes,No,5624.85,Yes
3179-GBRWV,Male,1,Yes,No,21,Yes,DSL,Yes,Yes,No,No,1339.8,No
8645-KWHJO,Male,0,No,No,14,No,DSL,No,No,Yes,Yes,771.95,No
4130-MZLCC,Female,0,No,No,5,Yes,DSL,No,Yes,No,No,244.75,No
0314-TKOSI,Female,0,No,No,6,Yes,DSL,Yes,Yes,No,No,322.9,No
8229-MYEJZ,Female,0,No,No,10,Yes,DSL,No,Yes,No,No,498.25,No
2080-SRCDE,Female,0,No,Yes,1,Yes,No,No internet service,No internet service,No internet service,No internet service,25.4,No
9577-WJVCQ,Female,0,No,No,68,Yes,DSL,Yes,No,No,No,3687.75,No
9512-UIBFX,Male,0,Yes,Yes,18,Yes,Fiber optic,No,No,Yes,No,1779.95,Yes
6202-DYYFX,Female,0,No,No,22,Yes,Fiber optic,No,No,No,No,1783.6,No
3808-HFKDE,Female,0,No,No,20,Yes,DSL,No,No,No,No,927.15,No
5583-SXDAG,Male,0,Yes,No,1,Yes,Fiber optic,No,No,No,No,70,Yes
3488-PGMQJ,Male,1,No,No,8,Yes,Fiber optic,No,Yes,No,No,606.55,Yes
3580-REOAC,Male,0,No,No,10,Yes,DSL,No,No,No,No,435.4,Yes
7534-BFESC,Male,1,No,No,24,Yes,Fiber optic,No,No,No,No,1712.7,Yes
3727-OWVYD,Male,0,No,No,35,Yes,DSL,Yes,Yes,Yes,No,2021.2,No
2294-SALNE,Male,0,Yes,Yes,23,Yes,Fiber optic,No,Yes,Yes,Yes,1940.8,No
4847-TAJYI,Female,1,No,No,6,Yes,Fiber optic,No,No,No,No,567.8,No
1563-IWQEX,Female,0,No,No,12,Yes,No,No internet service,No internet service,No internet service,No internet service,220.35,No
8203-XJZRC,Male,0,No,No,1,Yes,No,No internet service,No internet service,No internet service,No internet service,20.25,No
6556-DBKZF,Female,0,Yes,Yes,71,Yes,Fiber optic,No,No,Yes,No,5436.45,No
6851-WEFYX,Male,1,Yes,No,35,Yes,Fiber optic,No,No,Yes,No,3437.5,No
2985-JUUBZ,Male,0,Yes,Yes,40,Yes,DSL,No,No,Yes,No,3015.75,No
6390-DSAZX,Female,0,No,Yes,1,Yes,Fiber optic,Yes,No,No,No,73.6,Yes
0895-LMRSF,Male,0,No,No,23,Yes,DSL,No,No,No,No,1509.8,No
8098-LLAZX,Female,1,No,No,4,Yes,Fiber optic,No,No,No,No,396.1,Yes
8266-VBFQL,Male,0,No,No,4,Yes,Fiber optic,No,No,Yes,Yes,356.65,No
8181-YHCMF,Female,0,Yes,Yes,68,No,DSL,No,Yes,Yes,Yes,4109,No
2240-HSJQD,Male,0,No,Yes,38,Yes,Fiber optic,No,Yes,No,No,3141.7,No
1248-DYXUB,Male,0,Yes,Yes,52,Yes,No,No internet service,No internet service,No internet service,No internet service,1229.1,No
0265-EDXBD,Male,1,Yes,No,32,Yes,Fiber optic,No,No,No,No,2303.35,Yes
4115-BNPJY,Male,0,Yes,Yes,29,Yes,DSL,No,No,Yes,Yes,2054.4,No
3167-SNQPL,Male,1,Yes,Yes,38,Yes,Fiber optic,No,Yes,No,No,3741.85,No
4091-TVOCN,Male,0,No,Yes,48,Yes,DSL,Yes,No,Yes,No,3682.45,No
1098-TDVUQ,Female,0,No,No,1,Yes,No,No internet service,No internet service,No internet service,No internet service,19.25,No
7277-OZCGZ,Female,0,No,No,22,Yes,Fiber optic,Yes,No,No,Yes,1886.25,No
1557-EMYVT,Female,0,No,No,43,Yes,Fiber optic,Yes,Yes,Yes,Yes,4895.1,No
2799-ARNLO,Female,1,Yes,No,5,Yes,Fiber optic,No,No,No,No,341.6,No
7563-BIUPC,Male,0,No,No,5,Yes,Fiber optic,No,No,No,No,415.55,Yes
5027-YOCXN,Male,0,Yes,Yes,51,Yes,Fiber optic,Yes,Yes,No,Yes,5686.4,No
3973-SKMLN,Male,0,No,No,71,Yes,No,No internet service,No internet service,No internet service,No internet service,1355.1,No
2321-OMBXY,Female,0,Yes,Yes,38,Yes,DSL,Yes,Yes,No,Yes,3058.65,Yes
2840-XANRC,Male,1,Yes,No,24,Yes,Fiber optic,No,No,Yes,No,2231.05,Yes
6745-JEFZB,Male,0,Yes,No,35,Yes,Fiber optic,No,No,No,Yes,3236.35,No
5020-ZSTTY,Female,1,No,No,54,Yes,DSL,Yes,Yes,No,Yes,4350.1,Yes
9880-TDQAC,Female,0,Yes,Yes,72,No,DSL,No,Yes,Yes,Yes,4264,No
8705-WZCYL,Male,0,No,No,1,Yes,DSL,No,No,No,No,44.8,No
7102-JJVTX,Female,0,Yes,Yes,9,Yes,DSL,Yes,No,No,No,422.3,No
8626-PTQGE,Male,0,No,No,69,No,DSL,Yes,Yes,No,Yes,4176.7,No
4983-CLMLV,Female,0,Yes,No,52,Yes,Fiber optic,No,Yes,No,Yes,5138.1,No
5701-YVSVF,Female,1,Yes,No,11,Yes,Fiber optic,No,No,No,Yes,880.05,No
5804-LEPIM,Female,1,No,No,2,Yes,Fiber optic,No,No,No,No,139.05,Yes
5697-GOMBF,Female,1,Yes,Yes,28,No,DSL,No,No,No,No,973.65,No
2739-CACDQ,Female,1,No,No,17,Yes,Fiber optic,No,No,Yes,No,1470.05,No
9385-EHGDO,Female,0,Yes,Yes,35,Yes,No,No internet service,No internet service,No internet service,No internet service,739.35,No
9498-FIMXL,Female,0,No,No,8,Yes,No,No internet service,No internet service,No internet service,No internet service,161.95,No
2379-GYFLQ,Male,0,No,No,46,Yes,Fiber optic,No,Yes,Yes,No,4422.95,No
0122-OAHPZ,Female,0,No,No,7,Yes,Fiber optic,No,No,No,No,511.25,Yes
2868-SNELZ,Female,0,No,No,2,Yes,Fiber optic,No,No,Yes,No,155.8,Yes
4322-RCYMT,Male,0,Yes,Yes,68,Yes,DSL,No,Yes,Yes,Yes,5293.95,Yes
6680-NENYN,Female,0,No,No,43,Yes,Fiber optic,No,Yes,Yes,No,4759.85,Yes
2088-IEBAU,Female,0,No,No,68,Yes,DSL,Yes,Yes,Yes,Yes,6148.45,No
7982-VCELR,Female,0,No,No,36,Yes,Fiber optic,No,Yes,No,No,3565.65,No
1343-EHPYB,Male,0,Yes,No,63,Yes,Fiber optic,No,Yes,Yes,No,6603,Yes
6035-BXTTY,Female,1,No,No,32,Yes,DSL,No,Yes,No,Yes,1830.1,No
6885-PKOAM,Female,0,Yes,No,71,Yes,DSL,Yes,Yes,Yes,Yes,6223.8,No
7520-HQWJU,Female,0,Yes,Yes,66,Yes,DSL,Yes,Yes,Yes,No,4508.65,No
9639-BUJXT,Male,0,No,No,63,Yes,No,No internet service,No internet service,No internet service,No internet service,1328.15,No
5924-SNGKP,Female,0,No,Yes,41,Yes,No,No internet service,No internet service,No internet service,No internet service,865,No
0021-IKXGC,Female,1,No,No,1,Yes,Fiber optic,No,No,No,No,72.1,No
2034-GDRCN,Female,0,No,No,2,Yes,Fiber optic,No,No,No,No,168.2,Yes
8966-SNIZF,Female,0,Yes,No,70,Yes,No,No internet service,No internet service,No internet service,No internet service,1303.5,No
6243-OZGFH,Female,0,No,No,23,No,DSL,No,No,No,No,996.85,No
4654-DLAMQ,Female,1,Yes,No,64,Yes,Fiber optic,Yes,Yes,Yes,No,6430.9,No
0513-RBGPE,Male,0,Yes,Yes,37,Yes,DSL,Yes,No,Yes,Yes,2278.75,No
5160-UXJED,Male,0,No,Yes,17,Yes,DSL,No,No,No,No,681.4,No
4115-NZRKS,Female,1,No,No,7,Yes,Fiber optic,No,No,No,No,574.35,No
0219-YTZUE,Male,0,Yes,Yes,4,Yes,Fiber optic,No,Yes,Yes,No,371.9,Yes
0623-IIHUG,Female,1,No,No,21,No,DSL,Yes,No,No,No,840.1,Yes
4572-DVCGN,Female,0,No,No,10,Yes,Fiber optic,No,No,No,No,846,Yes
3351-NGXYI,Female,1,No,No,16,Yes,DSL,Yes,No,No,No,889,No
8984-EYLLL,Male,0,Yes,No,64,Yes,Fiber optic,No,Yes,No,Yes,6823.4,No
9057-MSWCO,Male,1,Yes,No,27,No,DSL,Yes,No,No,No,805.1,Yes
9833-TGFHX,Male,0,Yes,Yes,42,Yes,Fiber optic,Yes,No,No,No,4016.75,No
9294-TDIPC,Male,0,No,Yes,5,Yes,No,No internet service,No internet service,No internet service,No internet service,83.75,No
5229-DTFYB,Female,0,No,No,41,Yes,Fiber optic,No,Yes,No,Yes,3959.15,No
0104-PPXDV,Male,0,Yes,No,58,Yes,DSL,No,No,Yes,No,2878.55,No
5176-LMJXE,Female,0,No,No,47,Yes,No,No internet service,No internet service,No internet service,No internet service,945.7,No
3583-KRKMD,Male,0,No,No,18,Yes,Fiber optic,No,No,No,Yes,1373.05,No
1010-DIAUQ,Male,0,No,No,5,Yes,Fiber optic,No,No,Yes,No,492.55,Yes
9069-LGEUL,Male,0,Yes,No,23,Yes,DSL,Yes,No,No,No,1406,No
7302-ZHMHP,Female,0,No,No,1,Yes,No,No internet service,No internet service,No internet service,No internet service,19.15,No
9571-EDEBV,Male,0,Yes,No,71,Yes,Fiber optic,No,No,Yes,No,6962.85,No
3520-FJGCV,Male,0,Yes,Yes,72,Yes,Fiber optic,Yes,Yes,Yes,Yes,8126.65,No
6563-VRERX,Male,0,Yes,Yes,33,Yes,No,No internet service,No internet service,No internet service,No internet service,690.25,No
0259-GBZSH,Male,0,No,No,2,Yes,Fiber optic,No,No,No,No,181.5,Yes
6122-EFVKN,Male,0,No,Yes,24,No,DSL,Yes,No,No,Yes,830.8,No
2805-EDJPQ,Female,0,Yes,Yes,56,Yes,Fiber optic,No,Yes,Yes,Yes,5608.4,No
6862-CQUMB,Male,0,No,No,37,Yes,Fiber optic,No,Yes,No,No,3646.8,No
7156-MXBJE,Female,0,No,No,43,Yes,DSL,No,Yes,Yes,Yes,3662.25,No
6158-HDPXZ,Male,0,No,No,1,No,DSL,No,No,No,No,25.35,No
9601-BRXPO,Female,0,Yes,No,25,Yes,Fiber optic,No,No,Yes,Yes,2566.5,Yes
2863-IMQDR,Female,0,No,No,61,Yes,DSL,Yes,Yes,Yes,Yes,5308.7,No
5686-CMAWK,Male,0,No,No,17,Yes,Fiber optic,No,No,Yes,Yes,1410.25,No
5651-CRHKQ,Female,0,Yes,No,41,Yes,Fiber optic,No,Yes,Yes,Yes,3339.05,No
6905-NIQIN,Male,0,No,No,1,Yes,DSL,No,Yes,No,No,50.65,Yes
8204-YJCLA,Male,1,Yes,Yes,72,No,DSL,Yes,Yes,Yes,Yes,4732.35,No
5167-ZFFMM,Male,0,No,No,1,Yes,Fiber optic,No,Yes,No,No,90.85,Yes
6583-SZVGP,Male,0,No,No,48,Yes,Fiber optic,No,Yes,Yes,No,5067.45,No
4895-TMWIR,Male,1,Yes,No,11,Yes,No,No internet service,No internet service,No internet service,No internet service,214.75,Yes
0533-BNWKF,Female,1,Yes,No,55,Yes,Fiber optic,No,Yes,Yes,No,4874.7,Yes
1708-PBBOA,Female,0,No,No,42,No,DSL,Yes,Yes,Yes,Yes,2348.45,No
8782-LKFPK,Male,0,No,No,44,Yes,Fiber optic,No,No,Yes,No,4063,No
5522-JBWMO,Male,0,No,Yes,1,Yes,DSL,No,No,No,No,44,No
3597-MVHJT,Female,0,No,No,27,Yes,Fiber optic,No,No,No,No,2595.25,No
9774-NRNAU,Male,1,Yes,No,27,Yes,DSL,No,Yes,Yes,Yes,2309.55,No
0224-RLWWD,Female,1,No,No,2,Yes,DSL,No,No,No,No,89.3,No
9967-ATRFS,Female,0,No,No,19,Yes,No,No internet service,No internet service,No internet service,No internet service,367.55,No
3951-NJCVI,Female,1,Yes,No,42,Yes,Fiber optic,No,No,No,No,3944.5,No
2977-CEBSX,Female,0,No,No,66,Yes,DSL,Yes,Yes,Yes,Yes,5965.95,No
0177-PXBAT,Male,1,Yes,No,33,Yes,Fiber optic,Yes,No,Yes,Yes,3694.7,No
6599-CEBNN,Female,0,No,No,34,Yes,Fiber optic,No,Yes,No,No,2524.45,Yes
2519-ERQOJ,Male,1,No,No,33,No,DSL,No,No,Yes,Yes,1803.7,No
5876-QMYLD,Female,0,Yes,Yes,23,Yes,No,No internet service,No internet service,No internet service,No internet service,415.1,No
2277-AXSDC,Female,0,No,No,32,Yes,No,No internet service,No internet service,No internet service,No internet service,624.15,No
9442-JTWDL,Female,0,No,No,11,Yes,No,No internet service,No internet service,No internet service,No internet service,237.7,No
0979-PHULV,Male,0,Yes,Yes,69,Yes,Fiber optic,No,No,Yes,No,7007.6,Yes
3067-SVMTC,Female,0,Yes,No,68,Yes,DSL,Yes,No,No,Yes,3848.8,No
5495-GPSRW,Male,0,No,No,20,Yes,No,No internet service,No internet service,No internet service,No internet service,419.4,No
7606-BPHHN,Male,0,No,No,72,Yes,No,No internet service,No internet service,No internet service,No internet service,1468.75,No
4742-DRORA,Male,0,Yes,Yes,60,Yes,Fiber optic,Yes,No,Yes,No,5812,No
0111-KLBQG,Male,1,Yes,Yes,32,Yes,Fiber optic,No,Yes,No,No,2861.45,No
4800-VHZKI,Female,0,No,No,1,Yes,No,No internet service,No internet service,No internet service,No internet service,19.9,Yes
7989-CHGTL,Male,0,No,No,1,Yes,No,No internet service,No internet service,No internet service,No internet service,19.6,Yes
0334-GDDSO,Male,1,No,No,3,Yes,Fiber optic,No,Yes,No,No,233.7,Yes
4163-NCJAK,Female,0,Yes,No,46,Yes,No,No internet service,No internet service,No internet service,No internet service,1066.15,No
5233-AOZUF,Female,0,Yes,No,29,Yes,Fiber optic,No,No,No,No,2149.05,No
5973-EJGDP,Male,0,No,No,51,Yes,Fiber optic,No,Yes,Yes,Yes,4473,No
1996-DBMUS,Female,1,Yes,No,48,Yes,Fiber optic,No,No,No,No,3545.05,No
7916-VCCPB,Female,0,Yes,Yes,16,Yes,Fiber optic,No,Yes,No,No,1195.75,No
4686-GEFRM,Male,0,Yes,No,70,Yes,Fiber optic,No,Yes,Yes,Yes,6858.9,No
5249-QYHEX,Female,0,Yes,Yes,40,Yes,No,No internet service,No internet service,No internet service,No internet service,1024.7,No
0578-SKVMF,Female,0,Yes,Yes,22,Yes,Fiber optic,No,Yes,No,No,1845.9,Yes
5564-NEMQO,Female,1,No,No,1,Yes,Fiber optic,No,No,Yes,No,75.3,Yes
2233-FAGXV,Female,0,Yes,Yes,5,Yes,No,No internet service,No internet service,No internet service,No internet service,132.25,No
5605-IYGFG,Female,0,No,No,7,Yes,Fiber optic,No,No,No,No,515.45,No
7663-ZTEGJ,Male,0,No,Yes,29,Yes,Fiber optic,No,Yes,Yes,Yes,2830.45,No
3935-TBRZZ,Male,0,Yes,Yes,44,Yes,No,No internet service,No internet service,No internet service,No internet service,1110.5,No
8111-BKVDS,Female,0,No,No,10,No,DSL,Yes,Yes,Yes,No,449.3,No
2055-SIFSS,Female,1,Yes,No,55,Yes,DSL,No,No,No,No,2838.55,No
2806-MLNTI,Male,1,Yes,No,52,Yes,Fiber optic,No,Yes,Yes,No,5376.4,No
8734-DKSTZ,Female,0,Yes,Yes,10,Yes,Fiber optic,No,No,No,No,858.6,No
4360-PNRQB,Male,0,No,No,18,Yes,Fiber optic,No,No,No,No,1395.05,No
6152-ONASV,Female,0,Yes,No,68,Yes,DSL,Yes,No,No,Yes,3975.7,No
9063-ZGTUY,Female,0,Yes,Yes,61,Yes,No,No internet service,No internet service,No internet service,No internet service,1182.55,Yes
7781-HVGMK,Female,0,Yes,Yes,72,No,DSL,Yes,Yes,Yes,Yes,4784.45,No
2181-UAESM,Male,0,No,No,2,Yes,DSL,Yes,No,Yes,No,119.5,No
2957-LOLHO,Male,0,No,No,12,Yes,DSL,No,No,No,No,518.9,Yes
6048-NJXHX,Male,0,Yes,No,41,Yes,No,No internet service,No internet service,No internet service,No internet service,899.45,No
2320-SLKMB,Female,0,No,No,26,No,DSL,No,No,Yes,Yes,1183.8,No
4980-URKXC,Male,0,Yes,No,36,Yes,No,No internet service,No internet service,No internet service,No internet service,720.05,No
4376-KFVRS,Male,0,Yes,Yes,72,Yes,Fiber optic,Yes,Yes,Yes,Yes,8468.2,No
5886-VLQVU,Male,0,Yes,No,35,Yes,Fiber optic,No,No,No,Yes,3161.2,No
3577-AMVUX,Male,0,No,No,1,Yes,DSL,No,No,Yes,Yes,55.05,No
0771-WLCLA,Female,0,Yes,Yes,16,Yes,Fiber optic,Yes,No,Yes,Yes,1882.55,No
5628-RKIFK,Female,1,No,No,49,Yes,Fiber optic,Yes,No,No,No,5070.4,No
0206-TBWLC,Female,0,Yes,No,54,Yes,Fiber optic,Yes,Yes,Yes,Yes,6049.5,No
2937-FTHUR,Female,0,No,Yes,18,Yes,DSL,Yes,No,No,No,1166.7,No
1910-FMXJM,Female,0,Yes,No,36,Yes,Fiber optic,No,No,No,No,2937.65,No
7752-XUSCI,Female,0,No,No,60,Yes,Fiber optic,No,Yes,Yes,No,6396.45,Yes
4110-PFEUZ,Female,0,No,No,1,Yes,Fiber optic,No,No,No,No,69.55,Yes
0732-OCQOC,Female,0,Yes,Yes,52,Yes,No,No internet service,No internet service,No internet service,No internet service,1270.25,No
5168-MSWXT,Male,0,Yes,Yes,8,Yes,Fiber optic,No,No,Yes,No,759.55,No
1090-ESELR,Male,0,Yes,Yes,72,Yes,Fiber optic,Yes,Yes,No,Yes,7611.55,No
8592-PLTMQ,Female,0,No,No,64,Yes,No,No internet service,No internet service,No internet service,No internet service,1642.75,No
5760-WRAHC,Female,1,No,No,22,Yes,DSL,Yes,No,Yes,Yes,1545.4,No
8847-GEOOQ,Male,0,Yes,No,60,No,DSL,No,Yes,Yes,Yes,3582.4,No
0256-LTHVJ,Female,0,Yes,Yes,28,Yes,Fiber optic,No,No,No,No,2227.1,Yes
4785-FCIFB,Female,0,Yes,No,61,Yes,No,No internet service,No internet service,No internet service,No internet service,1417.9,No
8313-NDOIA,Female,0,No,No,24,Yes,Fiber optic,No,Yes,Yes,No,2494.65,No
5149-CUZUJ,Male,0,Yes,Yes,28,Yes,Fiber optic,No,Yes,Yes,Yes,2768.35,No
0942-KOWSM,Female,0,Yes,Yes,30,Yes,DSL,No,Yes,Yes,Yes,2369.3,No
4237-CLSMM,Male,0,Yes,No,2,Yes,No,No internet service,No internet service,No internet service,No internet service,38,No
1452-VOQCH,Male,0,No,No,1,Yes,Fiber optic,No,No,No,No,75.1,No
4719-UMSIY,Male,0,No,Yes,6,Yes,No,No internet service,No internet service,No internet service,No internet service,100.9,No
6614-VBEGU,Female,0,Yes,No,24,Yes,DSL,No,Yes,No,No,1614.05,No
0880-TKATG,Male,0,Yes,Yes,4,Yes,Fiber optic,No,No,Yes,No,385.9,Yes
3811-VBYBZ,Male,0,No,No,7,Yes,Fiber optic,No,Yes,No,No,673.25,Yes
1480-BKXGA,Male,1,Yes,No,72,Yes,Fiber optic,Yes,Yes,Yes,Yes,8404.9,No
2996-XAUVF,Male,0,No,No,70,No,DSL,No,No,No,Yes,2799.75,No
9076-AXYIK,Male,1,Yes,No,64,Yes,Fiber optic,No,No,Yes,Yes,6538.45,No
5968-XQIVE,Male,0,Yes,Yes,72,Yes,Fiber optic,No,Yes,No,No,6588.95,No
8896-RAZCR,Female,0,No,Yes,44,Yes,No,No internet service,No internet service,No internet service,No internet service,868.1,No
4640-UHDOS,Female,0,Yes,Yes,13,Yes,DSL,No,No,No,No,734.35,Yes
4933-IKULF,Female,1,No,No,17,Yes,No,No internet service,No internet service,No internet service,No internet service,330.6,No
3583-EKAPL,Male,0,No,No,1,Yes,DSL,No,No,No,No,55,Yes
1304-BCCFO,Male,0,Yes,No,9,Yes,DSL,No,No,Yes,No,564.4,No
4104-PVRPS,Male,0,Yes,No,24,Yes,DSL,Yes,No,No,Yes,1315.35,No
9399-APLBT,Female,0,Yes,Yes,1,Yes,Fiber optic,No,Yes,No,No,74.7,Yes
2359-KMGLI,Male,0,No,No,24,Yes,Fiber optic,No,Yes,No,No,1861.5,Yes
3780-DDGSE,Male,1,Yes,Yes,35,Yes,DSL,No,Yes,No,Yes,2747.2,No
4431-EDMIQ,Female,0,Yes,Yes,7,Yes,DSL,Yes,Yes,Yes,Yes,554.05,No
0306-JAELE,Male,0,No,No,5,Yes,Fiber optic,No,No,No,Yes,453.4,Yes
6227-HWPWX,Female,0,No,Yes,15,Yes,Fiber optic,No,No,No,No,994.8,Yes
0486-LGCCH,Male,0,Yes,Yes,11,Yes,No,No internet service,No internet service,No internet service,No internet service,225.75,No
0447-BEMNG,Female,0,Yes,No,48,No,DSL,Yes,No,Yes,No,2145,Yes
4612-SSVHJ,Female,1,No,No,20,Yes,Fiber optic,No,No,No,No,1671.6,No
5168-MQQCA,Female,0,Yes,No,72,Yes,Fiber optic,No,Yes,Yes,Yes,8003.8,No
5949-XIKAE,Female,0,Yes,Yes,8,Yes,Fiber optic,No,Yes,No,No,680.05,Yes
7971-HLVXI,Male,0,Yes,Yes,72,Yes,Fiber optic,No,No,No,No,6130.85,No
9094-AZPHK,Female,0,No,No,15,Yes,Fiber optic,No,Yes,No,No,1415,No
3649-JPUGY,Male,0,No,No,72,Yes,DSL,No,Yes,Yes,Yes,6201.95,No
4472-LVYGI,Female,0,Yes,Yes,0,No,DSL,Yes,No,Yes,Yes, ,No
8372-JUXUI,Male,0,No,Yes,1,Yes,Fiber optic,No,No,No,No,74.35,Yes
3552-CTCYF,Male,0,Yes,Yes,63,Yes,Fiber optic,No,Yes,Yes,No,6597.25,No
6778-YSNIH,Female,0,No,No,2,Yes,DSL,No,Yes,No,No,114.15,No
0388-EOPEX,Female,0,Yes,No,2,Yes,Fiber optic,Yes,No,No,No,139.4,Yes
5756-OZRIO,Male,1,Yes,No,61,Yes,DSL,No,Yes,No,No,3902.6,No
6579-JPICP,Male,0,No,No,1,Yes,No,No internet service,No internet service,No internet service,No internet service,20.4,No
8205-OTCHB,Male,0,No,No,22,No,DSL,No,Yes,Yes,No,903.6,Yes
4134-BSXLX,Male,0,Yes,No,28,Yes,DSL,Yes,Yes,No,Yes,1785.65,No
0505-SPOOW,Female,0,Yes,No,70,Yes,No,No internet service,No internet service,No internet service,No internet service,1397.65,No
6235-VDHOM,Female,1,No,No,5,No,DSL,No,Yes,No,No,131.05,Yes
7783-YKGDV,Female,0,No,No,12,Yes,Fiber optic,Yes,Yes,Yes,No,1238.45,Yes
4374-YMUSQ,Male,0,No,No,34,Yes,Fiber optic,Yes,Yes,Yes,Yes,3899.05,No
4513-CXYIX,Female,1,Yes,No,71,Yes,Fiber optic,Yes,No,No,No,5676,No
3957-HHLMR,Female,0,Yes,Yes,70,Yes,DSL,Yes,No,No,No,4543.15,No
7803-XOCCZ,Female,0,Yes,Yes,52,Yes,Fiber optic,Yes,No,Yes,Yes,4326.8,No
5736-YEJAX,Male,0,No,Yes,69,Yes,DSL,Yes,Yes,Yes,Yes,5502.55,No
5609-CEBID,Female,1,No,No,20,Yes,Fiber optic,No,Yes,Yes,No,1782.4,Yes
8981-FJGLA,Male,0,No,Yes,11,Yes,Fiber optic,No,No,Yes,No,851.8,No
7218-HKQFK,Male,0,Yes,No,2,Yes,Fiber optic,No,No,No,Yes,167.5,Yes
4636-QRJKY,Female,0,Yes,Yes,6,Yes,Fiber optic,No,No,No,Yes,502.85,Yes
1135-LMECX,Female,0,No,No,1,Yes,No,No internet service,No internet service,No internet service,No internet service,19.85,No
4332-MUOEZ,Male,1,Yes,Yes,20,Yes,Fiber optic,Yes,No,Yes,Yes,1818.3,No
8535-SFUTN,Male,0,No,No,61,Yes,Fiber optic,Yes,No,Yes,No,6300.15,No
5956-VKDTT,Female,1,Yes,No,5,Yes,Fiber optic,No,No,No,No,334.8,Yes
8677-HDZEE,Female,0,No,No,56,Yes,Fiber optic,No,Yes,No,Yes,5916.95,No
2475-MROZF,Male,0,No,No,30,Yes,Fiber optic,Yes,Yes,Yes,Yes,2852.4,No
9412-GHEEC,Male,0,No,No,40,Yes,Fiber optic,No,No,Yes,Yes,4131.95,Yes
3482-ABPKK,Female,0,No,No,28,Yes,DSL,Yes,No,No,Yes,1546.3,No
6705-LXORM,Female,1,Yes,No,5,Yes,Fiber optic,No,No,No,No,302.6,No
0257-ZESQC,Female,1,Yes,No,27,Yes,Fiber optic,Yes,No,No,No,1929.35,Yes
7531-GQHME,Male,0,No,No,12,Yes,No,No internet service,No internet service,No internet service,No internet service,265.45,No
5174-ITUMV,Male,0,Yes,Yes,67,Yes,Fiber optic,No,Yes,Yes,No,6989.45,No
4109-CYRBD,Male,1,Yes,No,29,Yes,DSL,No,No,No,No,1442,No
0913-XWSCN,Male,0,Yes,Yes,55,Yes,Fiber optic,No,No,No,No,4713.4,No
6825-UYPFK,Female,0,No,No,23,Yes,Fiber optic,No,No,No,No,1758.6,Yes
8397-MVTAZ,Male,0,Yes,No,34,Yes,Fiber optic,No,No,Yes,No,3480,Yes
0750-EBAIU,Male,0,No,No,52,Yes,Fiber optic,Yes,No,Yes,No,4738.3,No
8606-CIQUL,Male,1,Yes,Yes,72,Yes,Fiber optic,Yes,Yes,Yes,Yes,8399.15,No
3571-DPYUH,Male,0,Yes,Yes,58,Yes,Fiber optic,No,Yes,No,Yes,5430.35,No
7601-GNDYK,Male,0,Yes,Yes,35,Yes,No,No internet service,No internet service,No internet service,No internet service,686.95,No
0356-OBMAC,Female,1,No,No,56,Yes,Fiber optic,No,Yes,Yes,Yes,5706.3,No
8067-NIOYM,Female,0,Yes,Yes,24,Yes,No,No internet service,No internet service,No internet service,No internet service,490.65,No
1403-GYAFU,Male,0,Yes,Yes,70,Yes,No,No internet service,No internet service,No internet service,No internet service,1360.25,No
4234-XTNEA,Male,0,No,No,2,Yes,Fiber optic,No,No,No,No,174.45,No
1297-VQDRP,Male,1,Yes,Yes,68,Yes,Fiber optic,No,No,Yes,Yes,7379.8,No
9282-IZGQK,Female,0,No,No,1,Yes,Fiber optic,No,No,No,No,85,Yes
5348-CAGXB,Male,0,No,No,12,Yes,Fiber optic,No,No,Yes,No,1021.75,No
0621-HJWXJ,Female,0,Yes,No,63,Yes,Fiber optic,No,Yes,No,No,5029.05,No
5844-QVTAT,Female,0,Yes,Yes,33,Yes,DSL,Yes,Yes,Yes,No,1955.4,No
8905-IAZPF,Female,0,Yes,No,69,Yes,Fiber optic,No,Yes,No,No,6744.2,No
5394-MEITZ,Female,0,Yes,Yes,60,Yes,DSL,No,Yes,Yes,Yes,4946.7,No
6859-QNXIQ,Female,0,Yes,Yes,72,Yes,Fiber optic,Yes,Yes,Yes,Yes,8248.5,No
2782-LFZVW,Female,0,No,No,11,Yes,DSL,No,No,No,No,601.6,No
2866-IKBTM,Female,0,No,No,1,Yes,No,No internet service,No internet service,No internet service,No internet service,19.55,No
1342-JPNKI,Male,0,No,No,10,Yes,Fiber optic,No,No,No,No,834.1,Yes
2817-NTQDO,Male,0,No,No,13,No,DSL,Yes,No,No,Yes,597,Yes
7129-AZJDE,Male,0,Yes,Yes,34,Yes,Fiber optic,No,No,No,No,2647.2,No
6986-IJDHX,Male,0,Yes,Yes,39,Yes,Fiber optic,No,Yes,No,No,3266,Yes
2560-PPCHE,Female,0,No,No,65,Yes,Fiber optic,No,Yes,No,Yes,6744.25,No
4676-MQUEA,Male,1,Yes,No,50,Yes,Fiber optic,Yes,Yes,Yes,No,5265.5,No
8138-EALND,Male,0,No,No,15,Yes,No,No internet service,No internet service,No internet service,No internet service,311.6,No
3580-HYCSP,Male,0,Yes,Yes,72,Yes,Fiber optic,Yes,Yes,Yes,No,7966.9,No
1352-HNSAW,Female,0,Yes,Yes,72,Yes,Fiber optic,Yes,Yes,Yes,Yes,8220.4,No
2075-PUEPR,Male,0,Yes,Yes,55,Yes,No,No internet service,No internet service,No internet service,No internet service,1153.25,No
1982-FEBTD,Female,0,Yes,Yes,23,Yes,No,No internet service,No internet service,No internet service,No internet service,514.75,No
5301-GAUUY,Male,0,No,No,32,Yes,Fiber optic,No,Yes,No,No,2596.15,Yes
5791-KAJFD,Female,0,Yes,Yes,56,Yes,DSL,Yes,No,Yes,No,3808,No
2654-VBVPB,Female,0,No,No,1,Yes,No,No internet service,No internet service,No internet service,No internet service,19.9,No
1154-HYWWO,Male,0,No,No,38,Yes,DSL,Yes,Yes,No,Yes,2708.2,No
2501-XWWTZ,Male,0,No,No,11,Yes,Fiber optic,No,No,No,No,760.05,No
3716-UVSPD,Male,0,No,No,1,Yes,DSL,No,No,No,Yes,49.3,No
6815-ABQFQ,Male,0,Yes,No,56,Yes,Fiber optic,No,Yes,No,Yes,6033.3,No
7343-EOBEU,Male,0,Yes,No,3,Yes,No,No internet service,No internet service,No internet service,No internet service,89.05,No
3701-SFMUH,Male,0,Yes,Yes,7,Yes,DSL,Yes,No,No,No,516.15,No
6103-LIANB,Male,0,Yes,Yes,59,Yes,Fiber optic,No,No,Yes,No,5861.75,No
7319-VENRZ,Male,0,No,No,7,Yes,DSL,No,No,Yes,Yes,445.95,No
5846-NEQVZ,Male,0,Yes,Yes,71,Yes,DSL,Yes,No,Yes,Yes,4973.4,No
6967-QIQRV,Male,0,Yes,Yes,15,Yes,Fiber optic,Yes,No,No,Yes,1667.25,No
5781-RFZRP,Male,0,Yes,No,71,Yes,DSL,Yes,Yes,No,Yes,5357.75,No
0939-YAPAF,Female,0,No,No,35,Yes,Fiber optic,No,No,Yes,No,3527.6,Yes
0308-IVGOK,Female,0,No,No,11,No,DSL,No,Yes,Yes,Yes,422.6,No
7293-LSCDV,Female,0,Yes,Yes,60,Yes,No,No internet service,No internet service,No internet service,No internet service,1103.25,No
7025-WCBNE,Male,1,No,No,47,Yes,DSL,No,Yes,No,Yes,2754,No
5756-JYOJT,Female,0,No,No,11,Yes,DSL,No,No,Yes,Yes,697.25,No
4710-FDUIZ,Male,0,Yes,No,56,Yes,Fiber optic,No,Yes,No,No,5614.45,Yes
6030-REHUX,Female,1,Yes,No,28,Yes,Fiber optic,No,Yes,Yes,Yes,3204.4,No
9548-LIGTA,Male,0,Yes,No,61,Yes,DSL,Yes,Yes,No,Yes,4747.65,No
5150-LJNSR,Male,0,Yes,Yes,31,Yes,Fiber optic,Yes,No,Yes,No,3082.1,No
8270-RKSAP,Male,0,No,No,9,Yes,Fiber optic,No,No,No,No,597.9,No
6522-YRBXD,Male,1,Yes,No,35,Yes,Fiber optic,Yes,Yes,No,No,3365.4,No
2640-LYMOV,Male,0,No,No,2,Yes,No,No internet service,No internet service,No internet service,No internet service,38.8,No
1218-VKFPE,Female,0,Yes,Yes,12,Yes,No,No internet service,No internet service,No internet service,No internet service,233.55,Yes
3627-FHKBK,Female,0,No,No,1,Yes,Fiber optic,Yes,No,No,No,75.3,Yes
2865-TCHJW,Female,1,No,No,4,Yes,Fiber optic,No,No,Yes,No,346.2,Yes
1423-BMPBQ,Female,0,Yes,Yes,1,Yes,No,No internet service,No internet service,No internet service,No internet service,19,No
2393-DIVAI,Female,0,No,No,3,Yes,No,No internet service,No internet service,No internet service,No internet service,61.7,No
5192-EBGOV,Female,1,No,No,1,Yes,Fiber optic,No,No,No,No,85.7,Yes
4568-KNYWR,Male,0,No,No,52,Yes,DSL,Yes,Yes,No,No,3342.45,No
8752-IMQOS,Male,0,Yes,Yes,5,Yes,No,No internet service,No internet service,No internet service,No internet service,85.1,No
0742-LAFQK,Male,0,Yes,No,72,Yes,Fiber optic,Yes,Yes,Yes,No,7422.1,No
0795-LAFGP,Male,0,Yes,Yes,71,Yes,DSL,Yes,Yes,Yes,Yes,6668.05,No
0619-OLYUR,Male,0,Yes,No,72,Yes,Fiber optic,Yes,No,Yes,Yes,8071.05,No
5512-IDZEI,Male,0,Yes,Yes,46,Yes,No,No internet service,No internet service,No internet service,No internet service,1174.8,No
0459-SPZHJ,Male,0,Yes,Yes,63,Yes,DSL,Yes,Yes,Yes,No,5435,No
0215-BQKGS,Male,0,No,No,30,Yes,Fiber optic,Yes,Yes,Yes,No,2438.6,No
9244-ZVAPM,Male,0,No,No,1,Yes,DSL,No,No,No,No,45.6,No
0719-SYFRB,Female,0,No,No,12,Yes,DSL,Yes,No,Yes,Yes,713.75,Yes
8208-EUMTE,Male,0,No,No,16,No,DSL,Yes,Yes,Yes,Yes,916.15,No
5172-MIGPM,Male,0,No,No,4,Yes,DSL,No,No,No,Yes,237.2,No
1710-RCXUS,Male,0,Yes,No,51,Yes,Fiber optic,No,Yes,No,No,4614.55,No
0374-FIUCA,Male,0,Yes,No,65,Yes,No,No internet service,No internet service,No internet service,No internet service,1414.45,No
5839-SUYVZ,Male,0,No,No,16,Yes,Fiber optic,No,No,No,Yes,1170.5,No
5173-ZXXXL,Male,0,No,No,2,Yes,No,No internet service,No internet service,No internet service,No internet service,47.7,No
1096-ADRUX,Female,0,Yes,Yes,66,Yes,Fiber optic,No,No,No,No,4859.25,No
2001-MCUUW,Male,0,No,No,46,Yes,Fiber optic,No,Yes,Yes,Yes,4903.2,No
2731-GJRDG,Female,0,No,No,32,Yes,Fiber optic,Yes,No,Yes,Yes,3608,No
4723-BEGSG,Male,0,Yes,No,72,Yes,DSL,Yes,No,Yes,Yes,6094.25,No
6516-NKQBO,Male,0,Yes,Yes,38,Yes,DSL,Yes,No,Yes,Yes,3084.9,No
8672-OAUPW,Male,0,No,Yes,51,Yes,DSL,No,No,No,Yes,2356.75,No
8207-DMRVL,Male,0,Yes,Yes,72,Yes,Fiber optic,Yes,Yes,Yes,Yes,8306.05,No
3419-SNJJD,Female,1,Yes,No,65,Yes,Fiber optic,Yes,No,Yes,No,6786.4,Yes
6543-CPZMK,Male,0,Yes,Yes,9,No,DSL,No,Yes,No,No,248.95,Yes
4765-OXPPD,Female,0,Yes,Yes,9,Yes,DSL,Yes,Yes,Yes,Yes,663.05,Yes
2804-ETQDK,Male,0,No,Yes,66,Yes,No,No internet service,No internet service,No internet service,No internet service,1357.1,No
6689-VRRTK,Female,1,No,No,44,Yes,Fiber optic,Yes,Yes,Yes,No,4860.35,No
7138-GIRSH,Male,0,No,No,50,Yes,DSL,No,No,Yes,Yes,3418.2,No
9396-ZSFLL,Female,0,No,No,15,Yes,DSL,No,No,No,No,631.4,No
6464-KEXXH,Male,0,No,No,8,No,DSL,No,No,No,No,186.3,No
7134-MJPDY,Female,1,No,No,66,Yes,Fiber optic,No,No,Yes,Yes,6976.75,No
5240-CAOYT,Female,0,No,No,57,Yes,Fiber optic,Yes,Yes,No,Yes,4884.85,No
4059-IIEBK,Female,0,No,No,7,Yes,Fiber optic,No,Yes,No,No,522.95,No
4881-JVQOD,Male,1,Yes,Yes,10,No,DSL,No,No,No,No,362.6,No
0516-UXRMT,Female,0,No,No,62,Yes,Fiber optic,Yes,Yes,Yes,No,5755.8,No
4851-BQDNX,Male,0,Yes,Yes,40,Yes,Fiber optic,No,No,Yes,No,3355.65,No
5148-HKFIR,Female,0,No,No,20,Yes,No,No internet service,No internet service,No internet service,No internet service,406.95,No
1009-IRMNA,Female,0,No,No,7,Yes,No,No internet service,No internet service,No internet service,No internet service,137.6,Yes
3003-CMDUU,Female,0,Yes,No,25,Yes,Fiber optic,No,No,No,Yes,2395.7,No
5016-IBERQ,Male,0,Yes,No,23,Yes,Fiber optic,No,Yes,Yes,No,1968.1,No
6797-UCJHZ,Female,1,Yes,No,66,Yes,Fiber optic,No,Yes,Yes,No,6819.45,No
2469-DTSGX,Female,1,No,No,72,Yes,Fiber optic,No,Yes,Yes,Yes,7943.45,No
4554-YGZIH,Male,1,Yes,No,49,Yes,Fiber optic,No,Yes,No,No,4547.25,Yes
5099-BAILX,Male,1,Yes,Yes,43,Yes,Fiber optic,No,Yes,Yes,Yes,4687.9,Yes
9931-KGHOA,Female,0,Yes,No,46,Yes,DSL,Yes,No,No,No,2473.95,No
1775-KWJKQ,Male,0,Yes,Yes,72,Yes,DSL,Yes,Yes,Yes,Yes,6562.9,No
7665-VIGUD,Male,0,No,No,10,Yes,No,No internet service,No internet service,No internet service,No internet service,176.3,No
9411-TPQQV,Female,0,No,No,40,No,DSL,Yes,No,No,Yes,2236.2,No
7207-RMRDB,Female,0,Yes,Yes,65,Yes,Fiber optic,No,Yes,Yes,No,6985.65,Yes
7954-MLBUN,Male,0,No,No,31,Yes,Fiber optic,No,No,Yes,Yes,3109.9,No
2077-DDHJK,Female,0,Yes,No,68,Yes,DSL,Yes,Yes,Yes,Yes,4911.35,No
4913-EHYUI,Male,1,Yes,Yes,56,Yes,Fiber optic,Yes,No,Yes,No,5794.65,Yes
0195-IESCP,Male,0,Yes,No,10,Yes,Fiber optic,No,No,No,No,855.3,Yes
9574-BOSMD,Male,0,Yes,Yes,68,Yes,No,No internet service,No internet service,No internet service,No internet service,1620.2,No
4580-TMHJU,Female,0,Yes,Yes,43,Yes,DSL,No,No,No,No,2499.3,Yes
0970-ETWGE,Male,0,No,No,1,Yes,Fiber optic,No,No,No,No,89.55,Yes
4908-XAXAY,Female,1,No,No,49,Yes,Fiber optic,No,Yes,Yes,No,4287.2,No
8404-VLQFB,Female,0,Yes,Yes,15,Yes,No,No internet service,No internet service,No internet service,No internet service,394.85,No
1626-ERCMM,Male,1,Yes,No,20,Yes,Fiber optic,No,No,No,No,1899.65,Yes
0887-HJGAR,Male,0,No,No,1,Yes,DSL,No,No,No,No,45.7,Yes
2391-IPLOP,Male,0,Yes,Yes,50,Yes,DSL,No,No,Yes,Yes,3442.15,No
5644-PDMZC,Female,1,No,No,2,Yes,Fiber optic,No,Yes,No,No,161.5,Yes
3509-GWQGF,Male,1,No,No,24,Yes,Fiber optic,No,No,No,No,1732.6,No
9576-ANLXO,Female,0,No,No,3,Yes,Fiber optic,No,No,No,No,222.3,Yes
2024-BASKD,Female,0,No,No,1,Yes,Fiber optic,No,No,Yes,No,74.6,Yes
5845-BZZIB,Male,0,Yes,Yes,35,Yes,No,No internet service,No internet service,No internet service,No internet service,655.3,No
1140-UKVZG,Female,0,No,No,17,Yes,No,No internet service,No internet service,No internet service,No internet service,475.25,No
4160-AMJTL,Female,1,No,No,8,Yes,No,No internet service,No internet service,No internet service,No internet service,164.3,Yes
5183-SNMJQ,Male,0,No,No,10,Yes,Fiber optic,No,No,No,Yes,865.1,No
8100-PNJMH,Male,0,Yes,Yes,68,Yes,DSL,Yes,Yes,Yes,Yes,6132.7,No
7838-LAZFO,Male,0,Yes,No,45,Yes,DSL,Yes,Yes,Yes,No,3597.5,No
4464-JCOLN,Male,0,Yes,Yes,2,Yes,No,No internet service,No internet service,No internet service,No internet service,35.9,Yes
2085-JVGAD,Male,0,Yes,No,37,Yes,No,No internet service,No internet service,No internet service,No internet service,697.65,No
5650-VDUDS,Female,0,No,No,4,No,DSL,No,No,No,No,96.05,Yes
8095-WANWK,Female,0,No,No,10,Yes,DSL,No,No,No,No,428.7,No
3030-ZKIWL,Male,0,No,No,1,Yes,No,No internet service,No internet service,No internet service,No internet service,20.05,No
9565-FLVCG,Male,0,Yes,Yes,65,Yes,DSL,Yes,Yes,No,No,4459.15,No
8755-OGKNA,Female,0,Yes,Yes,57,Yes,No,No internet service,No internet service,No internet service,No internet service,1167.6,No
2800-VEQXM,Female,0,No,No,3,Yes,Fiber optic,No,No,Yes,No,238.1,No
7538-GWHML,Female,0,No,No,2,Yes,Fiber optic,No,No,No,No,145.15,Yes
5533-RJFTJ,Male,0,No,No,49,No,DSL,No,No,Yes,No,1453.1,No
3859-CVCET,Female,0,No,No,4,Yes,DSL,No,No,No,No,191.05,Yes
0214-JHPFW,Female,0,Yes,No,70,No,DSL,No,Yes,Yes,Yes,4039.3,No
5642-MHDQT,Female,0,Yes,Yes,53,Yes,No,No internet service,No internet service,No internet service,No internet service,1039.45,No
3088-FVYWK,Male,0,Yes,Yes,53,Yes,No,No internet service,No internet service,No internet service,No internet service,1336.1,No
3276-HDUEG,Female,0,No,No,1,Yes,Fiber optic,No,No,No,No,75.05,Yes
9092-GDZKO,Male,0,No,No,22,Yes,No,No internet service,No internet service,No internet service,No internet service,493.4,No
0823-HSCDJ,Male,1,No,No,52,No,DSL,No,Yes,No,No,2550.9,Yes
3729-OWRVL,Male,1,No,No,65,Yes,Fiber optic,Yes,No,Yes,Yes,7246.15,No
2324-AALNO,Female,0,No,No,48,Yes,No,No internet service,No internet service,No internet service,No internet service,1203.95,No
0822-GAVAP,Female,0,No,No,2,No,DSL,No,No,No,No,62.25,Yes
5760-IFJOZ,Male,0,No,No,3,Yes,Fiber optic,No,Yes,Yes,No,313.6,No
2826-UWHIS,Male,0,Yes,No,45,Yes,Fiber optic,No,Yes,No,No,3775.85,No
1448-PWKYE,Male,0,Yes,Yes,1,Yes,Fiber optic,No,No,No,No,80,Yes
7501-IWUNG,Female,0,Yes,Yes,61,Yes,DSL,No,No,Yes,Yes,4616.05,No
4957-TREIR,Male,0,No,No,3,Yes,DSL,Yes,No,No,Yes,195.65,No
7251-LJBQN,Female,1,No,No,40,Yes,Fiber optic,No,No,Yes,Yes,4188.4,No
8040-MNRTF,Female,0,No,No,1,Yes,Fiber optic,No,No,No,No,71.1,No
1536-HBSWP,Female,0,No,No,1,Yes,DSL,No,No,No,Yes,49.9,No
5313-FPXWG,Male,0,No,No,51,Yes,No,No internet service,No internet service,No internet service,No internet service,1266.4,No
0067-DKWBL,Male,1,No,No,2,Yes,DSL,Yes,No,No,No,91.1,Yes
0946-FKYTX,Male,0,No,No,52,No,DSL,No,Yes,No,No,1623.4,No
5076-YVXCM,Male,0,No,No,51,Yes,Fiber optic,No,No,No,No,4149.45,No
8262-COGGB,Male,0,No,No,1,Yes,No,No internet service,No internet service,No internet service,No internet service,20.45,No
6663-JOCQO,Male,0,Yes,Yes,31,Yes,DSL,Yes,Yes,No,Yes,2344.5,No
9620-QJREV,Male,0,No,Yes,47,Yes,No,No internet service,No internet service,No internet service,No internet service,1013.05,No
2276-YDAVZ,Female,0,No,No,3,Yes,Fiber optic,No,No,No,No,270.7,Yes
2682-KEVRP,Female,1,No,No,22,Yes,No,No internet service,No internet service,No internet service,No internet service,417,No
2480-JZOSN,Female,0,Yes,No,1,Yes,No,No internet service,No internet service,No internet service,No internet service,20.65,No
0078-XZMHT,Male,0,Yes,No,72,Yes,DSL,No,Yes,Yes,Yes,6316.2,No
5896-NPFWW,Male,0,Yes,Yes,3,Yes,DSL,No,No,Yes,No,168.15,Yes
9978-HYCIN,Male,1,Yes,Yes,47,Yes,Fiber optic,No,Yes,No,No,4018.05,No
8338-QIUNR,Male,0,Yes,Yes,72,Yes,DSL,Yes,No,Yes,Yes,4811.6,No
1525-LNLOJ,Male,0,Yes,Yes,66,Yes,DSL,No,No,Yes,No,4189.7,No
9450-TRJUU,Male,0,No,No,35,Yes,Fiber optic,No,No,No,No,2848.45,No
1766-GKNMI,Male,0,No,No,29,Yes,Fiber optic,No,No,No,No,2516.2,No
6942-LBFDP,Female,0,No,No,2,Yes,No,No internet service,No internet service,No internet service,No internet service,33.6,No
1456-TWCGB,Male,0,No,No,4,Yes,DSL,No,Yes,No,No,208.45,No
7133-VBDCG,Female,0,No,No,25,Yes,Fiber optic,Yes,Yes,No,No,2015.35,Yes
7596-ZYWBB,Female,0,No,No,65,Yes,DSL,Yes,Yes,No,Yes,3739.8,No
8329-UTMVM,Male,1,No,No,27,Yes,Fiber optic,No,Yes,No,Yes,2964,No
3014-WJKSM,Male,0,Yes,No,29,Yes,Fiber optic,No,No,Yes,No,2263.4,No
3347-YJZZE,Male,0,Yes,Yes,29,Yes,DSL,No,Yes,Yes,No,2211.8,No
1029-QFBEN,Male,0,No,No,1,Yes,No,No internet service,No internet service,No internet service,No internet service,19.55,Yes
7929-DMBCV,Female,0,Yes,No,20,Yes,Fiber optic,No,No,Yes,Yes,1683.7,No
9661-JALZV,Female,0,No,No,58,Yes,No,No internet service,No internet service,No internet service,No internet service,1519,No
5433-KYGHE,Female,0,No,Yes,14,Yes,Fiber optic,Yes,No,No,Yes,1164.05,No
4312-KFRXN,Male,0,Yes,No,72,Yes,No,No internet service,No internet service,No internet service,No internet service,1710.9,No
5575-TPIZQ,Male,0,No,No,46,Yes,Fiber optic,Yes,No,No,No,4245.55,No
0114-IGABW,Female,0,Yes,No,71,No,DSL,No,Yes,Yes,Yes,4145.9,No
9944-AEXBM,Male,0,No,No,32,Yes,Fiber optic,No,No,No,No,2664.3,No
1853-ARAAQ,Female,0,No,No,26,No,DSL,No,No,Yes,No,1277.5,No
6952-OMNWB,Male,1,Yes,No,68,Yes,Fiber optic,No,No,Yes,No,5589.3,No
4697-LUPSU,Male,0,Yes,Yes,2,Yes,No,No internet service,No internet service,No internet service,No internet service,34.75,No
8434-VGEQQ,Male,0,Yes,Yes,61,Yes,No,No internet service,No internet service,No internet service,No internet service,1305.95,No
4952-YSOGZ,Female,0,Yes,Yes,4,Yes,Fiber optic,No,No,No,No,381.3,Yes
1589-AGTLK,Male,0,No,No,3,Yes,DSL,No,No,No,No,141.5,Yes
5244-IRFIH,Male,1,Yes,No,33,Yes,Fiber optic,No,No,No,No,3105.55,Yes
6549-YMFAW,Male,1,Yes,No,9,Yes,No,No internet service,No internet service,No internet service,No internet service,204.55,No
4950-HKQTE,Female,0,No,No,22,Yes,No,No internet service,No internet service,No internet service,No internet service,605.9,No
6786-OBWQR,Female,0,Yes,Yes,5,Yes,Fiber optic,No,No,No,No,356.1,No
2684-EIWEO,Female,1,No,No,30,Yes,Fiber optic,Yes,Yes,Yes,No,2758.15,Yes
2753-JMMCV,Male,0,No,No,65,Yes,DSL,No,Yes,Yes,Yes,4805.65,No
6439-GTPCA,Female,0,No,No,45,Yes,Fiber optic,No,No,Yes,Yes,3941.7,Yes
6621-YOBKI,Male,0,No,No,5,Yes,No,No internet service,No internet service,No internet service,No internet service,92.75,No
1216-JWVUX,Male,0,Yes,Yes,25,Yes,Fiber optic,No,Yes,No,No,1901.05,No
7564-GHCVB,Female,0,Yes,Yes,72,Yes,Fiber optic,Yes,No,No,No,5730.7,No
1173-NOEYG,Female,0,Yes,No,27,Yes,Fiber optic,No,No,Yes,No,2423.4,No
7595-EHCDL,Male,0,Yes,Yes,32,No,DSL,No,No,Yes,No,1653.45,No
6647-ZEDXT,Female,0,No,No,30,Yes,Fiber optic,No,Yes,Yes,Yes,3327.05,No
2521-NPUZR,Male,0,Yes,No,70,Yes,Fiber optic,Yes,Yes,Yes,Yes,7085.5,No
1307-TVUFB,Male,1,No,No,42,Yes,Fiber optic,No,Yes,No,No,3344.1,No
7503-MIOGA,Female,1,Yes,No,72,Yes,DSL,Yes,Yes,Yes,Yes,6697.35,No
4381-MHQDC,Female,0,No,No,47,Yes,DSL,Yes,No,Yes,Yes,2879.9,No
6923-JHPMP,Female,0,No,No,2,Yes,Fiber optic,Yes,No,Yes,No,137.1,No
5138-WVKYJ,Male,0,No,No,10,Yes,Fiber optic,Yes,No,No,No,1008.55,Yes
4018-PPNDW,Female,0,Yes,Yes,61,Yes,No,No internet service,No internet service,No internet service,No internet service,1551.6,No
1635-FJFCC,Female,0,No,No,5,Yes,DSL,No,No,No,No,202.15,No
2499-AJYUA,Female,1,Yes,No,72,Yes,Fiber optic,No,Yes,Yes,Yes,7882.25,No
6919-ELBGL,Male,1,Yes,Yes,72,Yes,Fiber optic,Yes,Yes,Yes,Yes,8196.4,No
3966-HRMZA,Female,1,No,No,3,Yes,Fiber optic,No,No,Yes,No,202.9,No
6425-JWTDV,Male,0,Yes,No,48,Yes,No,No internet service,No internet service,No internet service,No internet service,855.1,No
8405-IGQFX,Female,0,No,No,63,Yes,Fiber optic,No,No,Yes,Yes,5817,No
8224-IVVPA,Female,0,No,No,27,Yes,DSL,Yes,Yes,No,No,1652.95,No
9477-LGWQI,Male,0,Yes,Yes,70,Yes,DSL,Yes,Yes,Yes,No,5600.15,No
1410-RSCMR,Male,0,Yes,Yes,7,Yes,DSL,Yes,No,Yes,Yes,515.75,No
3115-CZMZD,Male,0,No,Yes,0,Yes,No,No internet service,No internet service,No internet service,No internet service, ,No
0139-IVFJG,Female,0,Yes,No,2,Yes,Fiber optic,Yes,Yes,No,No,190.5,No
6683-VLCTZ,Male,1,No,No,20,Yes,Fiber optic,No,No,Yes,No,1842.8,Yes
5730-DBDSI,Male,0,No,No,66,Yes,No,No internet service,No internet service,No internet service,No internet service,1253.8,No
0030-FNXPP,Female,0,No,No,3,Yes,No,No internet service,No internet service,No internet service,No internet service,57.2,No
2189-WWOEW,Female,0,No,Yes,15,Yes,Fiber optic,No,Yes,No,No,1269.55,Yes
5684-FJVYR,Female,0,Yes,Yes,72,Yes,Fiber optic,Yes,Yes,No,Yes,6563.4,No
4013-GUXND,Male,0,No,No,1,Yes,No,No internet service,No internet service,No internet service,No internet service,20.8,No
1894-IGFSG,Female,0,No,No,22,Yes,Fiber optic,No,No,No,No,1907.85,Yes
7379-POKDZ,Male,0,Yes,No,3,Yes,Fiber optic,No,No,No,No,208.85,Yes
1266-NZYUI,Female,0,Yes,Yes,72,Yes,DSL,Yes,No,Yes,Yes,4758.8,No
7969-FFOWG,Male,0,Yes,Yes,65,Yes,No,No internet service,No internet service,No internet service,No internet service,1292.6,No
4718-DHSMV,Female,0,No,No,11,No,DSL,No,No,No,No,363.15,No
5175-WLYXL,Male,0,No,No,22,Yes,Fiber optic,No,Yes,No,No,1600.25,No
7817-OMJNA,Male,0,No,No,14,Yes,No,No internet service,No internet service,No internet service,No internet service,275.7,No
8728-SKJLR,Male,0,No,No,41,Yes,Fiber optic,No,No,No,Yes,3089.1,No
3137-NYQQI,Male,0,Yes,No,17,Yes,DSL,Yes,Yes,No,No,1175.6,No
7706-DZNKK,Male,0,No,No,11,Yes,No,No internet service,No internet service,No internet service,No internet service,237.3,No
0236-HFWSV,Male,0,No,No,15,Yes,Fiber optic,No,No,No,No,1444.65,Yes
3900-AQPHZ,Female,0,No,No,1,Yes,No,No internet service,No internet service,No internet service,No internet service,19.9,Yes
5842-POCOP,Female,0,Yes,No,5,Yes,Fiber optic,Yes,No,Yes,No,454.15,Yes
2037-XJFUP,Male,0,Yes,No,33,Yes,Fiber optic,No,No,Yes,No,3036.75,Yes
8823-RLPWL,Female,0,Yes,No,72,Yes,Fiber optic,Yes,Yes,Yes,No,8065.65,No
9505-SQFSW,Female,0,Yes,Yes,3,No,DSL,No,Yes,No,No,92.5,No
7314-OXENN,Male,0,No,No,2,Yes,Fiber optic,No,Yes,No,No,184.65,Yes
3758-CKOQL,Female,0,Yes,No,59,Yes,Fiber optic,Yes,Yes,Yes,Yes,6152.3,No
0322-CHQRU,Male,0,No,No,2,Yes,DSL,No,No,No,No,89.5,Yes
5676-CFLYY,Male,0,Yes,Yes,71,Yes,DSL,No,Yes,No,Yes,5154.5,No
7521-AFHAB,Female,0,Yes,Yes,5,Yes,DSL,No,No,No,No,220.45,No
0285-INHLN,Male,0,Yes,Yes,27,Yes,DSL,Yes,Yes,No,No,1510.3,No
4678-DVQEO,Female,0,No,No,1,Yes,DSL,No,No,No,Yes,52.2,Yes
5125-CNDSP,Male,0,No,Yes,63,No,DSL,Yes,Yes,No,Yes,2588.95,No
0691-IFBQW,Female,1,No,No,46,Yes,Fiber optic,Yes,Yes,Yes,No,4874.8,Yes
4992-LTJNE,Male,0,Yes,Yes,72,Yes,DSL,Yes,No,No,No,3983.6,No
2202-OUTMO,Female,0,Yes,No,34,Yes,DSL,Yes,No,No,Yes,2003.6,No
0810-BDHAW,Female,0,Yes,Yes,24,Yes,DSL,Yes,Yes,No,No,1832.4,No
0229-LFJAF,Male,0,No,No,72,Yes,DSL,Yes,Yes,Yes,Yes,4908.25,No
7131-ZQZNK,Female,0,Yes,Yes,60,No,DSL,Yes,No,Yes,Yes,3590.2,No
3442-ZHHCC,Male,0,No,No,68,Yes,DSL,Yes,Yes,Yes,No,5023,No
5726-CVNYA,Female,0,Yes,Yes,8,Yes,No,No internet service,No internet service,No internet service,No internet service,146.6,No
9871-ELEYA,Female,0,No,Yes,34,Yes,DSL,Yes,No,Yes,Yes,2339.3,No
4257-GAESD,Female,0,No,No,6,No,DSL,No,No,No,No,298.7,No
5173-WXOQV,Male,0,Yes,No,2,Yes,DSL,No,Yes,No,Yes,143.65,No
2040-OBMLJ,Male,0,No,No,31,Yes,Fiber optic,No,No,No,Yes,2548.65,No
6286-ZHAOK,Female,0,Yes,Yes,20,Yes,No,No internet service,No internet service,No internet service,No internet service,507.4,No
3807-XHCJH,Female,0,Yes,Yes,1,Yes,No,No internet service,No internet service,No internet service,No internet service,20,No
3009-JWMPU,Male,0,No,No,62,Yes,Fiber optic,No,No,Yes,No,6125.4,Yes
5671-RQRLP,Female,1,Yes,No,70,Yes,Fiber optic,No,No,No,No,5411.4,No
1450-GALXR,Female,0,No,No,10,Yes,Fiber optic,No,No,No,Yes,1058.25,Yes
8859-AXJZP,Male,0,Yes,Yes,39,Yes,No,No internet service,No internet service,No internet service,No internet service,903.8,No
3174-AKMAS,Female,0,Yes,No,46,Yes,DSL,No,Yes,No,Yes,3009.5,No
3138-BKYAV,Male,0,No,No,6,Yes,Fiber optic,No,Yes,No,No,489.45,Yes
9926-PJHDQ,Female,0,Yes,Yes,72,Yes,DSL,No,No,Yes,No,5468.45,No
7382-DFJTU,Male,0,No,No,18,Yes,DSL,No,No,Yes,Yes,1058.1,No
2798-NYLMZ,Male,0,Yes,No,71,Yes,Fiber optic,Yes,No,Yes,Yes,7616,No
4289-DTDKW,Male,0,Yes,No,40,Yes,Fiber optic,No,Yes,No,No,4113.1,Yes
1820-TQVEV,Male,0,No,No,1,Yes,Fiber optic,No,No,No,No,69.55,Yes
2239-JALAW,Male,0,No,No,58,Yes,Fiber optic,No,Yes,Yes,No,6017.65,Yes
4853-RULSV,Male,0,No,No,70,Yes,Fiber optic,Yes,No,No,Yes,7250.15,Yes
8098-TDCBU,Female,0,Yes,No,42,Yes,No,No internet service,No internet service,No internet service,No internet service,1108.2,No
3551-GAEGL,Male,0,Yes,Yes,34,No,DSL,Yes,No,No,No,938.65,No
4785-NKHCX,Male,1,No,No,5,Yes,No,No internet service,No internet service,No internet service,No internet service,94.15,No
3196-NVXLZ,Female,0,No,No,25,Yes,Fiber optic,No,No,No,No,2088.05,No
6275-YDUVO,Female,0,No,No,2,Yes,Fiber optic,No,No,Yes,No,178.7,Yes
0036-IHMOT,Female,0,Yes,Yes,55,Yes,Fiber optic,No,Yes,Yes,Yes,5656.75,No
0115-TFERT,Male,0,Yes,No,21,Yes,Fiber optic,No,Yes,Yes,Yes,2317.1,Yes
4178-EGMON,Male,0,Yes,No,70,Yes,Fiber optic,Yes,Yes,No,Yes,5986.45,No
4220-TINQT,Female,0,Yes,No,61,Yes,Fiber optic,No,No,Yes,Yes,6751.35,No
5318-YKDPV,Male,0,Yes,Yes,43,Yes,DSL,Yes,No,Yes,Yes,3566.6,No
7975-TZMLR,Male,0,No,No,47,Yes,Fiber optic,No,Yes,Yes,No,4889.3,No
0295-QVKPB,Male,0,No,No,5,Yes,DSL,No,No,Yes,Yes,318.1,No
4335-BSMJS,Female,0,No,No,62,Yes,No,No internet service,No internet service,No internet service,No internet service,1563.95,No
2311-QYMUQ,Female,0,Yes,Yes,16,Yes,Fiber optic,No,Yes,Yes,No,1430.25,Yes
3643-AHCFP,Male,1,Yes,No,7,Yes,Fiber optic,No,No,No,No,644.35,Yes
9146-JRIOX,Female,0,Yes,Yes,14,Yes,No,No internet service,No internet service,No internet service,No internet service,372.45,No
3104-OWCGK,Male,0,Yes,Yes,60,Yes,Fiber optic,No,Yes,Yes,No,5453.4,Yes
5337-IIWKZ,Male,0,Yes,Yes,34,No,DSL,No,No,Yes,Yes,1442.6,No
9101-BWFSS,Female,0,Yes,No,50,Yes,Fiber optic,Yes,Yes,No,Yes,5610.7,Yes
9650-VBUOG,Male,0,Yes,Yes,38,Yes,No,No internet service,No internet service,No internet service,No internet service,963.95,No
3487-EARAT,Female,0,Yes,Yes,70,Yes,DSL,Yes,Yes,Yes,Yes,5222.3,No
2672-TGEFF,Female,0,Yes,Yes,37,Yes,Fiber optic,No,Yes,No,No,3340.55,No
9231-ZJYAM,Female,1,No,No,4,Yes,Fiber optic,No,No,No,No,292.8,Yes
4250-WAROZ,Male,1,Yes,Yes,60,Yes,Fiber optic,Yes,Yes,No,No,5774.55,No
8184-WMOFI,Male,0,Yes,Yes,62,Yes,DSL,Yes,No,Yes,Yes,4487.3,No
6982-SSHFK,Male,0,No,No,1,Yes,DSL,No,No,No,No,44.4,Yes
6092-QZVPP,Male,0,No,No,36,Yes,DSL,Yes,No,Yes,Yes,2854.95,No
4625-LAMOB,Male,0,No,No,44,Yes,No,No internet service,No internet service,No internet service,No internet service,905.55,No
0727-BMPLR,Female,1,No,No,55,Yes,Fiber optic,No,No,Yes,No,5509.3,Yes
0392-BZIUW,Female,0,Yes,No,72,Yes,Fiber optic,Yes,No,Yes,No,7589.8,No
1038-ZAGBI,Female,0,Yes,Yes,12,Yes,No,No internet service,No internet service,No internet service,No internet service,229.6,Yes
6549-NNDYT,Female,0,No,No,13,No,DSL,Yes,No,No,No,394.1,No
3027-ZTDHO,Male,0,No,No,1,Yes,Fiber optic,No,No,No,No,89.9,Yes
0422-OHQHQ,Female,0,Yes,Yes,15,Yes,No,No internet service,No internet service,No internet service,No internet service,295.95,No
6916-HIJSE,Female,0,No,No,65,Yes,DSL,Yes,Yes,Yes,Yes,5459.2,No
2316-ESMLS,Female,0,Yes,Yes,12,No,DSL,Yes,No,No,Yes,444.75,No
9778-OGKQZ,Male,0,Yes,No,72,Yes,DSL,Yes,Yes,Yes,Yes,6782.15,No
7408-OFWXJ,Female,0,Yes,Yes,72,Yes,DSL,Yes,Yes,Yes,Yes,6510.45,No
6007-TCTST,Female,0,Yes,Yes,72,Yes,Fiber optic,Yes,Yes,Yes,Yes,8476.5,No
2252-NKNSI,Male,0,No,Yes,52,Yes,DSL,Yes,Yes,No,Yes,4461.85,No
8713-IGZSO,Male,0,No,No,2,Yes,No,No internet service,No internet service,No internet service,No internet service,62,No
7905-TVXTA,Female,0,No,No,5,Yes,DSL,Yes,No,No,Yes,352.65,No
7695-PKLCZ,Female,0,No,No,68,Yes,No,No internet service,No internet service,No internet service,No internet service,1424.9,No
2382-BCKQJ,Female,0,No,Yes,62,Yes,Fiber optic,No,No,Yes,No,6413.65,Yes
8374-UULRV,Male,0,No,No,72,Yes,DSL,Yes,Yes,No,Yes,6309.65,No
2207-NHRJK,Male,0,No,No,1,Yes,DSL,No,Yes,No,No,50.8,Yes
3224-DFQNQ,Female,0,Yes,No,66,Yes,Fiber optic,Yes,Yes,No,Yes,5898.6,No
5275-PMFUT,Male,0,Yes,Yes,72,No,DSL,Yes,Yes,Yes,Yes,4719.75,No
4795-UXVCJ,Male,0,No,No,26,Yes,No,No internet service,No internet service,No internet service,No internet service,457.3,No
9777-IQHWP,Male,0,Yes,Yes,64,Yes,Fiber optic,Yes,No,Yes,No,5822.3,No
0947-MUGVO,Male,1,Yes,No,20,Yes,Fiber optic,No,Yes,No,No,1463.5,Yes
9944-HKVVB,Female,0,No,No,3,Yes,Fiber optic,No,Yes,No,No,307.4,Yes
4124-MMETB,Male,0,No,No,22,Yes,Fiber optic,No,No,No,No,2104.55,Yes
3671-SHRSP,Male,0,Yes,No,4,Yes,Fiber optic,No,No,Yes,Yes,319.15,Yes
0979-MOZQI,Male,0,Yes,No,62,No,DSL,No,No,No,Yes,2337.45,No
2732-ISEZX,Female,0,No,No,5,Yes,No,No internet service,No internet service,No internet service,No internet service,104.3,No
3313-QKNKB,Male,0,Yes,No,59,Yes,Fiber optic,No,No,No,No,5084.65,Yes
0323-XWWTN,Male,0,No,Yes,3,Yes,No,No internet service,No internet service,No internet service,No internet service,121.25,No
1937-OTUKY,Female,0,Yes,No,72,Yes,Fiber optic,Yes,No,Yes,Yes,7015.9,No
1573-LGXBA,Male,0,Yes,Yes,57,Yes,Fiber optic,No,Yes,Yes,No,5598,No
1764-VUUMT,Male,0,No,Yes,66,Yes,No,No internet service,No internet service,No internet service,No internet service,1269.1,No
5073-WXOYN,Female,0,No,No,60,No,DSL,No,Yes,No,No,3027.4,Yes
4713-ZBURT,Male,0,No,Yes,45,Yes,Fiber optic,No,No,Yes,No,4634.35,No
3050-GBUSH,Female,0,No,No,3,No,DSL,No,No,No,No,113.95,No
0207-MDKNV,Female,0,No,No,15,Yes,Fiber optic,Yes,No,Yes,Yes,1582.75,Yes
7876-AEHIG,Female,0,No,Yes,51,No,DSL,Yes,No,Yes,Yes,3077,No
7945-HLKEA,Female,0,No,No,60,Yes,DSL,Yes,No,Yes,Yes,4039.5,No
9342-VNIMQ,Male,0,No,No,33,Yes,DSL,No,Yes,No,No,1665.2,No
9851-KIELU,Male,0,No,No,10,Yes,Fiber optic,Yes,Yes,Yes,Yes,1043.3,Yes
3523-BRGUW,Male,1,No,No,26,Yes,No,No internet service,No internet service,No internet service,No internet service,504.2,No
3908-BLSYF,Female,0,No,No,6,Yes,Fiber optic,No,No,Yes,No,497.55,Yes
3199-NPKCN,Female,0,Yes,No,67,Yes,Fiber optic,Yes,No,Yes,Yes,7511.65,No
5170-PTRKA,Female,0,Yes,Yes,49,No,DSL,Yes,No,No,Yes,1782,No
4661-NJEUX,Male,0,No,No,1,Yes,No,No internet service,No internet service,No internet service,No internet service,20.05,No
2123-AGEEN,Female,1,No,No,7,Yes,Fiber optic,No,No,Yes,No,609.65,No
1258-YMZNM,Female,1,No,No,27,Yes,Fiber optic,Yes,Yes,Yes,No,2857.6,No
0048-LUMLS,Male,0,Yes,Yes,37,Yes,Fiber optic,No,No,No,No,3247.55,No
7549-MYGPK,Female,0,Yes,Yes,63,Yes,Fiber optic,Yes,Yes,Yes,No,6215.35,Yes
5898-IGSLP,Male,0,Yes,Yes,31,Yes,Fiber optic,Yes,No,Yes,Yes,2823,No
3804-RVTGV,Male,0,Yes,Yes,50,Yes,Fiber optic,No,Yes,Yes,No,5017.9,Yes
6259-WJQLC,Male,1,No,No,32,Yes,Fiber optic,No,No,Yes,No,2619.25,No
9227-LUNBG,Female,0,No,No,1,No,DSL,No,No,No,No,24.6,Yes
7997-EASSD,Female,0,Yes,No,63,Yes,Fiber optic,No,No,No,Yes,4965.1,No
0730-KOAVE,Male,0,No,No,30,Yes,Fiber optic,Yes,Yes,No,No,2679.7,No
8975-SKGRX,Male,0,Yes,No,71,Yes,Fiber optic,Yes,Yes,Yes,Yes,8310.55,No
0678-RLHVP,Female,0,No,No,53,Yes,Fiber optic,No,Yes,Yes,No,5682.25,No
4315-MURBD,Female,0,No,No,12,Yes,Fiber optic,Yes,No,No,Yes,1120.95,Yes
2267-FPIMA,Male,0,Yes,No,50,Yes,Fiber optic,Yes,Yes,No,No,4914.9,No
1051-GEJLJ,Female,0,No,No,2,Yes,No,No internet service,No internet service,No internet service,No internet service,27.55,No
9734-YWGEX,Female,0,No,No,9,Yes,Fiber optic,No,No,Yes,No,923.5,Yes
2719-BDAQO,Male,0,No,No,17,Yes,Fiber optic,Yes,No,No,No,1625.65,Yes
5285-MVEHD,Female,0,Yes,No,56,Yes,Fiber optic,Yes,Yes,Yes,No,6068.65,No
0379-DJQHR,Male,0,Yes,Yes,67,Yes,DSL,Yes,Yes,Yes,No,5398.6,No
0781-LKXBR,Male,1,No,No,9,Yes,Fiber optic,No,No,Yes,No,918.6,Yes
5543-QDCRY,Male,0,No,No,4,Yes,DSL,No,No,No,No,234.85,No
0297-RBCSG,Male,0,No,No,19,Yes,DSL,No,Yes,No,Yes,1231.85,No
4694-PHWFW,Female,0,No,Yes,8,Yes,No,No internet service,No internet service,No internet service,No internet service,170.9,No
0835-JKADZ,Female,0,No,No,71,Yes,Fiber optic,No,Yes,Yes,Yes,7984.15,No
1907-UBQFC,Male,1,No,No,10,Yes,Fiber optic,No,Yes,No,No,688.65,Yes
7508-SMHXL,Female,1,No,No,15,Yes,Fiber optic,No,Yes,No,No,1288.3,No
3865-YIOTT,Male,0,Yes,Yes,72,Yes,Fiber optic,Yes,No,Yes,No,7848.5,No
5993-BQHEA,Male,0,No,No,12,Yes,No,No internet service,No internet service,No internet service,No internet service,267,No
6024-RUGGH,Male,0,Yes,Yes,72,Yes,No,No internet service,No internet service,No internet service,No internet service,1798.9,No
6513-EECDB,Male,1,Yes,No,1,Yes,Fiber optic,No,No,No,No,73.55,Yes
3956-CJUST,Female,1,No,No,23,Yes,Fiber optic,Yes,No,No,No,1643.55,No
4079-WWQQQ,Male,0,No,No,72,No,DSL,Yes,Yes,Yes,Yes,4807.45,No
6103-BOCOU,Female,0,No,No,26,Yes,Fiber optic,No,No,Yes,No,2193,No
5149-TGWDZ,Female,0,No,No,21,Yes,Fiber optic,No,Yes,Yes,Yes,2239.4,No
7471-WNSUF,Male,0,Yes,No,60,Yes,No,No internet service,No internet service,No internet service,No internet service,1505.9,No
8942-DBMHZ,Male,0,No,No,12,Yes,No,No internet service,No internet service,No internet service,No internet service,255.35,No
4301-VVZKA,Male,0,Yes,No,16,Yes,Fiber optic,No,No,No,No,1189.4,No
9199-PWQVC,Female,0,Yes,No,63,Yes,DSL,Yes,Yes,No,No,4786.15,No
4824-GUCBY,Female,1,No,No,22,Yes,Fiber optic,Yes,Yes,No,No,1820.9,No
5393-HJZSM,Female,0,Yes,Yes,32,Yes,DSL,Yes,Yes,Yes,Yes,2404.15,No
7074-IEVOJ,Female,1,No,No,3,Yes,Fiber optic,No,Yes,No,No,205.05,Yes
9625-QSTYE,Female,0,No,No,13,Yes,Fiber optic,No,Yes,Yes,No,952.3,Yes
0862-PRCBS,Female,0,Yes,Yes,68,Yes,Fiber optic,No,Yes,No,Yes,7039.45,No
8812-ZRHFP,Female,0,Yes,Yes,30,Yes,Fiber optic,No,No,Yes,No,2538.05,No
5146-CBVOE,Female,0,No,No,16,Yes,Fiber optic,No,Yes,No,No,1212.85,No
0454-OKRCT,Male,0,No,No,33,Yes,Fiber optic,No,Yes,No,Yes,2651.1,No
5787-KXGIY,Male,0,Yes,No,72,Yes,No,No internet service,No internet service,No internet service,No internet service,1304.8,No
4750-ZRXIU,Female,1,No,No,4,Yes,Fiber optic,No,No,No,No,360.1,Yes
4198-VFOEA,Female,0,No,No,12,No,DSL,Yes,No,No,Yes,435.45,No
6630-UJZMY,Female,1,Yes,No,4,Yes,Fiber optic,No,No,No,No,308.05,No
5709-LVOEQ,Female,0,Yes,Yes,0,Yes,DSL,Yes,Yes,Yes,No, ,No
6400-BWQKW,Female,0,No,No,6,Yes,Fiber optic,Yes,No,No,No,434.5,Yes
2692-AQCPF,Female,0,Yes,No,65,Yes,Fiber optic,No,Yes,Yes,Yes,7118.9,No
0347-UBKUZ,Female,0,No,No,15,Yes,No,No internet service,No internet service,No internet service,No internet service,320.45,No
0835-DUUIQ,Female,0,No,Yes,24,Yes,No,No internet service,No internet service,No internet service,No internet service,531.55,No
0811-GSDTP,Female,0,No,Yes,13,No,DSL,No,Yes,No,No,382.2,No
7567-ECMCM,Male,0,No,No,24,Yes,Fiber optic,No,No,No,No,2001,No
6115-ZTBFQ,Female,0,Yes,No,72,No,DSL,Yes,Yes,Yes,Yes,4919.7,No
6353-BRMMA,Female,0,Yes,Yes,54,Yes,Fiber optic,Yes,Yes,No,No,5645.8,No
6680-WKXRZ,Female,0,No,No,3,Yes,Fiber optic,No,No,No,No,215.8,Yes
6231-WFGFH,Male,0,Yes,Yes,4,Yes,No,No internet service,No internet service,No internet service,No internet service,77.6,No
9904-EHEVJ,Female,1,Yes,Yes,32,Yes,Fiber optic,No,No,Yes,No,2896.55,No
7028-DVOIQ,Male,1,No,No,35,Yes,Fiber optic,No,No,Yes,No,3395.8,Yes
6169-PPETC,Male,0,Yes,Yes,35,Yes,No,No internet service,No internet service,No internet service,No internet service,759.35,No
4208-UFFGW,Male,1,No,No,2,Yes,DSL,No,No,No,No,85.15,Yes
8584-KMVXD,Female,0,No,No,8,Yes,Fiber optic,No,Yes,No,No,535.55,No
8467-WYNSR,Male,0,No,No,22,Yes,DSL,Yes,No,No,Yes,1253.15,No
0851-DFJKB,Female,0,No,No,15,Yes,DSL,Yes,No,Yes,Yes,955.15,No
5382-SOYZL,Male,0,No,No,22,Yes,Fiber optic,No,No,No,No,2162.6,No
9448-REEVD,Male,0,Yes,No,1,Yes,DSL,No,No,No,No,44.7,Yes
3261-CQXOL,Female,0,Yes,Yes,71,Yes,No,No internet service,No internet service,No internet service,No internet service,1813.35,No
8388-FYNPZ,Male,0,No,No,4,Yes,DSL,Yes,No,Yes,No,245.15,No
4002-BQWPQ,Male,0,No,No,25,Yes,DSL,Yes,Yes,Yes,Yes,2028.8,No
5651-YLPRD,Female,0,Yes,Yes,32,Yes,Fiber optic,No,Yes,No,No,2723.75,No
2826-DXLQO,Male,1,Yes,No,7,No,DSL,Yes,No,No,No,220.45,No
4378-BZYFP,Male,0,No,No,17,Yes,No,No internet service,No internet service,No internet service,No internet service,365.8,No
9489-UTFKA,Male,1,Yes,No,8,Yes,DSL,Yes,No,No,No,551.95,No
4849-PYRLQ,Female,1,No,No,56,Yes,DSL,Yes,No,Yes,Yes,4054.2,No
9117-SHLZX,Male,0,No,No,1,Yes,DSL,No,No,No,No,45.7,Yes
9889-TMAHG,Male,1,No,No,8,Yes,Fiber optic,Yes,No,No,Yes,832.35,Yes
4541-RMRLG,Male,0,No,No,7,Yes,No,No internet service,No internet service,No internet service,No internet service,112.3,Yes
7764-BDPEE,Male,0,No,Yes,3,Yes,No,No internet service,No internet service,No internet service,No internet service,60.65,No
3429-IFLEM,Female,0,No,No,71,Yes,DSL,Yes,Yes,Yes,Yes,5550.1,No
3158-MOERK,Female,0,No,No,2,Yes,Fiber optic,No,No,No,No,174.8,Yes
7294-TMAOP,Female,0,No,No,1,Yes,Fiber optic,No,No,No,No,90.55,Yes
5002-GCQFH,Male,0,Yes,No,49,Yes,Fiber optic,Yes,Yes,No,No,4733.1,No
0556-FJEGU,Male,0,No,No,58,Yes,DSL,No,Yes,Yes,Yes,4048.95,No
8919-FYFQZ,Male,1,Yes,No,44,No,DSL,No,Yes,No,No,1359.7,Yes
0604-THJFP,Female,0,Yes,Yes,59,Yes,DSL,No,Yes,No,Yes,4542.35,No
2834-JRTUA,Male,0,No,No,71,Yes,Fiber optic,Yes,No,Yes,Yes,7532.15,Yes
5875-YPQFJ,Male,0,No,No,1,Yes,Fiber optic,No,No,No,No,69.9,Yes
5879-SESNB,Female,0,No,No,11,Yes,Fiber optic,No,No,No,No,888.65,No
6646-QVXLR,Male,1,Yes,No,62,Yes,Fiber optic,No,Yes,Yes,No,6383.35,Yes
6461-PPAXN,Female,0,Yes,Yes,35,Yes,DSL,Yes,No,No,Yes,1916,No
3318-ISQFQ,Female,0,No,No,20,Yes,No,No internet service,No internet service,No internet service,No internet service,413,No
1106-HRLKZ,Male,0,Yes,Yes,40,Yes,No,No internet service,No internet service,No internet service,No internet service,808.95,No
2483-XSSMZ,Female,0,No,No,39,Yes,DSL,Yes,No,No,No,1886.4,No
8603-IJWDN,Male,0,No,No,1,Yes,Fiber optic,No,No,No,No,86.6,Yes
8165-ZJRNM,Female,0,Yes,Yes,72,Yes,No,No internet service,No internet service,No internet service,No internet service,1679.25,No
9369-XFEHK,Female,1,Yes,No,33,Yes,Fiber optic,No,Yes,No,No,2656.5,Yes
2604-XVDAM,Female,0,No,No,12,Yes,DSL,No,No,No,No,540.95,No
3717-OFRTN,Male,0,No,No,1,Yes,No,No internet service,No internet service,No internet service,No internet service,19.75,No
9046-JBFWA,Male,0,No,Yes,27,Yes,No,No internet service,No internet service,No internet service,No internet service,537.35,No
3280-NMUVX,Male,0,Yes,Yes,34,Yes,No,No internet service,No internet service,No internet service,No internet service,678.8,No
1206-EHBDD,Female,0,Yes,No,56,Yes,Fiber optic,Yes,No,Yes,No,4513.65,No
8361-LBRDI,Female,0,No,No,58,Yes,No,No internet service,No internet service,No internet service,No internet service,1423.85,No
4883-KCPZJ,Female,0,Yes,Yes,22,Yes,No,No internet service,No internet service,No internet service,No internet service,555.4,No
9108-EQPNQ,Female,0,Yes,Yes,10,Yes,No,No internet service,No internet service,No internet service,No internet service,225.55,No
7277-KAMWT,Male,0,No,No,13,Yes,No,No internet service,No internet service,No internet service,No internet service,268.45,No
3842-IYKUE,Female,0,No,No,35,Yes,Fiber optic,No,Yes,No,Yes,2917.5,Yes
6641-XRPSU,Female,0,No,No,34,Yes,Fiber optic,No,No,No,No,2416.1,Yes
1374-DMZUI,Female,1,No,No,4,Yes,Fiber optic,No,No,No,No,424.45,Yes
2545-LXYVJ,Male,0,Yes,No,72,Yes,No,No internet service,No internet service,No internet service,No internet service,1492.1,No
3234-VKACU,Male,0,No,No,2,Yes,DSL,No,No,No,Yes,132.4,No
8357-EQXFO,Female,0,No,No,7,Yes,Fiber optic,No,No,Yes,No,660.9,Yes
1989-PRJHP,Male,1,Yes,No,27,Yes,Fiber optic,No,No,No,No,1893.95,Yes
8120-JDCAM,Male,0,Yes,Yes,4,Yes,Fiber optic,No,No,No,No,284.9,No
8917-FAEMR,Female,0,No,No,37,Yes,No,No internet service,No internet service,No internet service,No internet service,784.25,No
7047-YXDMZ,Male,0,No,No,21,Yes,No,No internet service,No internet service,No internet service,No internet service,417.7,No
2858-EIMXH,Female,1,Yes,No,53,Yes,Fiber optic,No,No,No,No,5016.25,No
9524-EGPJC,Female,0,No,No,18,Yes,Fiber optic,No,No,No,Yes,1612.75,Yes
6993-OHLXR,Female,0,No,No,2,Yes,Fiber optic,No,No,No,No,119.75,Yes
8818-XYFCQ,Male,0,Yes,Yes,32,Yes,Fiber optic,Yes,No,No,No,3204.65,Yes
6419-ZTTLE,Male,1,Yes,No,23,Yes,No,No internet service,No internet service,No internet service,No internet service,485.2,No
0929-HYQEW,Male,0,No,No,3,Yes,DSL,Yes,No,No,No,160.85,No
6614-YOLAC,Female,0,Yes,Yes,71,No,DSL,Yes,Yes,No,Yes,4145.25,No
7426-RHZGU,Male,0,No,No,9,Yes,Fiber optic,No,No,No,Yes,827.45,No
4065-JJAVA,Female,0,No,No,1,Yes,DSL,No,Yes,No,No,49.5,No
4695-VADHF,Male,0,Yes,Yes,18,Yes,DSL,No,No,Yes,No,990.85,Yes
3863-IUBJR,Male,0,Yes,Yes,12,Yes,DSL,No,No,No,No,696.35,Yes
7649-SIJJF,Male,0,Yes,No,71,Yes,DSL,Yes,Yes,Yes,Yes,5585.4,No
9361-YNQWJ,Female,0,No,No,64,Yes,No,No internet service,No internet service,No internet service,No internet service,1601.2,No
3748-FVMZZ,Male,0,No,No,4,No,DSL,No,No,No,Yes,162.45,No
9391-TTOYH,Female,0,No,No,23,Yes,No,No internet service,No internet service,No internet service,No internet service,470.2,No
1452-XRSJV,Female,0,Yes,Yes,39,Yes,DSL,Yes,No,No,No,2066,No
3422-WJOYD,Male,0,Yes,No,28,Yes,DSL,Yes,No,No,Yes,1426.45,No
8242-SOQUO,Female,1,No,No,5,Yes,Fiber optic,No,Yes,No,No,392.5,No
7460-ITWWP,Female,1,Yes,No,45,Yes,Fiber optic,No,No,Yes,No,3861.45,No
7147-AYBAA,Male,0,No,No,37,Yes,Fiber optic,No,No,No,No,2552.9,No
7868-TMWMZ,Female,1,Yes,No,60,Yes,Fiber optic,Yes,Yes,Yes,Yes,6668.35,No
4822-RVYBB,Male,1,No,No,8,Yes,Fiber optic,No,No,Yes,No,819.4,Yes
6732-FZUGP,Female,0,No,No,47,Yes,Fiber optic,Yes,No,Yes,No,4615.25,No
8436-BJUMM,Male,0,Yes,Yes,26,Yes,Fiber optic,No,No,No,No,2070.6,Yes
4184-TJFAN,Female,1,Yes,Yes,3,Yes,Fiber optic,Yes,No,No,Yes,273.75,Yes
8329-GWVPJ,Female,0,Yes,Yes,50,Yes,Fiber optic,No,No,No,No,3557.7,No
1352-VHKAJ,Male,0,Yes,Yes,27,Yes,DSL,No,No,No,Yes,1957.1,No
4145-UQXUQ,Female,1,No,No,8,Yes,Fiber optic,No,No,Yes,No,729.95,Yes
2632-TACXW,Female,0,Yes,No,62,Yes,No,No internet service,No internet service,No internet service,No internet service,1416.75,No
8146-QQKZH,Female,0,Yes,No,71,Yes,DSL,Yes,No,Yes,Yes,5924.4,No
1767-CJKBA,Male,0,No,No,66,Yes,No,No internet service,No internet service,No internet service,No internet service,1697.7,No
6445-TNRXS,Male,0,Yes,Yes,68,Yes,Fiber optic,Yes,Yes,Yes,Yes,7849.85,No
4581-LNWUM,Female,0,No,No,13,No,DSL,No,No,Yes,No,649.4,No
4869-EPIUS,Male,0,Yes,No,56,Yes,Fiber optic,No,No,No,No,4557.5,No
9948-YPTDG,Male,0,Yes,No,38,Yes,Fiber optic,Yes,Yes,No,No,3013.05,Yes
1236-WFCDV,Male,1,No,No,14,Yes,Fiber optic,No,No,No,No,1266.1,Yes
1915-OAKWD,Female,0,No,Yes,16,Yes,No,No internet service,No internet service,No internet service,No internet service,360.35,No
7296-PIXQY,Female,0,Yes,Yes,14,Yes,Fiber optic,No,No,No,No,1046.5,No
4883-QICIH,Male,0,Yes,Yes,32,Yes,Fiber optic,No,No,No,No,2347.9,Yes
3354-OADJP,Female,0,No,No,8,Yes,DSL,Yes,No,No,Yes,447.75,No
3524-WQDSG,Female,0,Yes,Yes,43,Yes,Fiber optic,No,No,Yes,No,4209.95,No
0810-DHDBD,Female,0,No,No,52,Yes,DSL,Yes,No,Yes,Yes,3877.65,No
4026-SKKHW,Male,0,No,No,3,Yes,DSL,No,No,No,Yes,152.3,No
2829-HYVZP,Male,0,No,No,29,Yes,No,No internet service,No internet service,No internet service,No internet service,572.2,No
8329-IBCTI,Female,0,No,No,1,Yes,No,No internet service,No internet service,No internet service,No internet service,19.65,Yes
1271-SJBGZ,Male,1,No,No,12,No,DSL,No,No,Yes,Yes,526.95,Yes
3845-JHAMY,Female,0,Yes,Yes,16,No,DSL,No,No,No,No,552.7,No
7013-PSXHK,Female,0,No,No,40,Yes,DSL,No,No,Yes,Yes,3208.65,No
5669-SRAIP,Female,0,No,No,5,No,DSL,No,No,Yes,No,210.75,Yes
5981-ITEMU,Male,0,Yes,No,40,Yes,Fiber optic,No,No,No,No,3706.95,Yes
3486-NPGST,Female,0,No,No,36,Yes,No,No internet service,No internet service,No internet service,No internet service,620.75,No
6941-PMGEP,Female,0,No,No,5,Yes,Fiber optic,No,No,No,No,412.5,Yes
1624-WOIWJ,Female,0,No,No,10,Yes,Fiber optic,Yes,No,No,No,832.05,Yes
2074-GKOWZ,Male,0,Yes,Yes,2,Yes,Fiber optic,No,No,No,No,185.55,Yes
0376-YMCJC,Male,0,No,No,23,Yes,Fiber optic,No,No,No,Yes,1943.2,Yes
6100-FJZDG,Male,0,Yes,Yes,26,Yes,No,No internet service,No internet service,No internet service,No internet service,505.9,No
4829-ZLJTK,Female,1,Yes,No,72,Yes,Fiber optic,Yes,Yes,Yes,No,8046.85,No
1730-VFMWO,Female,0,Yes,No,34,Yes,DSL,No,No,No,Yes,1815.3,No
7143-BQIBA,Male,0,No,No,10,Yes,DSL,Yes,No,No,Yes,612.95,No
3800-LYTRK,Female,0,No,No,14,Yes,DSL,Yes,No,No,Yes,795.15,No
0634-SZPQA,Female,0,No,No,23,Yes,Fiber optic,Yes,No,No,No,2169.8,Yes
9646-NMHXE,Male,0,Yes,No,47,Yes,No,No internet service,No internet service,No internet service,No internet service,973.1,No
7030-NJVDP,Male,0,Yes,No,24,Yes,Fiber optic,Yes,No,No,Yes,2210.2,No
5536-RTPWK,Male,0,Yes,No,49,Yes,Fiber optic,No,Yes,No,No,4853.75,Yes
8883-GRDWQ,Male,1,No,No,20,Yes,DSL,Yes,No,No,Yes,1055.9,No
6166-ILMNY,Female,0,No,No,2,Yes,Fiber optic,No,No,No,No,144.55,Yes
3097-NNSPB,Female,0,No,No,2,Yes,DSL,No,Yes,No,No,91.1,Yes
7771-ZONAT,Male,0,No,No,22,No,DSL,No,No,Yes,Yes,1304.85,No
0655-RBDUG,Male,0,No,No,7,Yes,Fiber optic,No,No,Yes,No,713,Yes
2111-DWYHN,Male,0,No,No,1,Yes,No,No internet service,No internet service,No internet service,No internet service,21.1,No
4194-WHFCB,Female,0,Yes,Yes,59,Yes,Fiber optic,No,Yes,No,Yes,5580.8,No
4121-AGSIN,Female,0,Yes,Yes,58,Yes,No,No internet service,No internet service,No internet service,No internet service,1497.9,No
4361-BKAXE,Female,0,No,No,41,Yes,Fiber optic,Yes,Yes,Yes,Yes,4527.45,Yes
9845-PEEKO,Female,1,No,No,59,Yes,Fiber optic,No,Yes,No,No,4590.35,No
0455-XFASS,Female,0,Yes,Yes,3,Yes,Fiber optic,No,No,No,No,200.2,No
0301-KOBTQ,Male,0,No,No,32,Yes,No,No internet service,No internet service,No internet service,No internet service,614.45,No
1751-NCDLI,Male,1,Yes,No,46,Yes,Fiber optic,No,No,Yes,No,4564.9,No
4367-NUYAO,Male,0,Yes,Yes,0,Yes,No,No internet service,No internet service,No internet service,No internet service, ,No
9878-TNQGW,Male,0,No,No,2,Yes,Fiber optic,No,No,No,No,171.15,Yes
9170-ARBTB,Female,0,Yes,Yes,52,Yes,No,No internet service,No internet service,No internet service,No internet service,1012.4,No
4441-NIHPT,Female,1,No,No,13,Yes,Fiber optic,No,No,Yes,No,940.35,Yes
8999-BOHSE,Female,1,No,No,11,Yes,Fiber optic,No,No,No,No,1047.7,Yes
7241-AJHFS,Male,0,No,No,32,Yes,Fiber optic,Yes,No,No,Yes,2766.4,No
7029-RPUAV,Male,1,Yes,No,17,Yes,Fiber optic,No,No,Yes,No,1622.45,Yes
4546-FOKWR,Female,0,No,No,16,Yes,Fiber optic,No,No,No,No,1129.35,No
9036-CSKBW,Female,0,No,No,51,Yes,Fiber optic,Yes,Yes,Yes,No,5680.9,No
5832-TRLPB,Male,0,No,No,29,Yes,DSL,No,No,Yes,Yes,2243.9,No
8590-YFFQO,Male,0,Yes,No,70,Yes,DSL,Yes,Yes,Yes,Yes,4523.25,No
8659-IOOPU,Female,0,Yes,Yes,71,Yes,Fiber optic,Yes,No,Yes,Yes,7159.7,No
1338-CECEE,Male,0,Yes,Yes,41,Yes,DSL,No,Yes,Yes,No,2839.95,No
7439-DKZTW,Male,0,No,No,1,Yes,Fiber optic,No,No,No,No,80.55,No
4646-QZXTF,Female,0,Yes,No,7,Yes,DSL,Yes,No,Yes,Yes,580.1,No
4607-CHPCA,Male,0,Yes,Yes,25,Yes,Fiber optic,No,No,No,No,2178.6,Yes
9742-XOKTS,Male,0,Yes,Yes,67,Yes,Fiber optic,Yes,Yes,No,Yes,6038.55,No
6921-OZMFH,Male,0,Yes,Yes,5,Yes,DSL,No,No,No,Yes,259.4,No
9578-FOMUK,Male,0,No,Yes,15,Yes,No,No internet service,No internet service,No internet service,No internet service,324.15,No
4712-UYOOI,Female,0,Yes,Yes,20,Yes,No,No internet service,No internet service,No internet service,No internet service,417.65,No
8824-RWFXJ,Male,0,Yes,Yes,3,Yes,DSL,No,Yes,Yes,No,168.15,Yes
7722-CVFXN,Male,0,Yes,Yes,54,Yes,Fiber optic,No,Yes,No,Yes,5637.85,No
8717-VCTXJ,Male,0,No,No,42,Yes,No,No internet service,No internet service,No internet service,No internet service,839.4,No
7363-QTBIW,Female,0,Yes,No,9,Yes,Fiber optic,No,No,No,No,769.1,No
4159-NAAIX,Female,0,No,No,63,Yes,Fiber optic,No,Yes,No,No,6253,No
0971-QIFJK,Female,0,Yes,No,69,Yes,No,No internet service,No internet service,No internet service,No internet service,1641.8,No
9397-TZSHA,Female,0,No,No,69,Yes,No,No internet service,No internet service,No internet service,No internet service,1678.05,No
3391-JSQEW,Male,0,Yes,No,40,Yes,DSL,No,Yes,No,No,2058.5,No
0343-QLUZP,Male,0,No,No,60,No,DSL,Yes,Yes,Yes,No,2424.5,No
9763-PDTKK,Female,0,No,No,4,Yes,Fiber optic,Yes,No,Yes,Yes,387.2,Yes
2176-LVPNX,Female,1,No,No,71,Yes,DSL,Yes,Yes,Yes,Yes,6293.45,No
7627-JKIAZ,Female,0,Yes,No,37,Yes,Fiber optic,No,No,Yes,No,2839.65,Yes
3312-UUMZW,Male,0,Yes,No,32,Yes,Fiber optic,No,Yes,No,No,3145.9,No
1271-UODNO,Male,0,No,No,39,Yes,DSL,No,No,No,Yes,2200.7,No
8461-EFQYM,Female,0,No,No,38,Yes,No,No internet service,No internet service,No internet service,No internet service,914.4,No
6900-RBKER,Male,0,No,No,52,Yes,Fiber optic,No,No,Yes,No,4577.75,No
6891-JPYFF,Female,0,Yes,Yes,48,Yes,Fiber optic,Yes,Yes,No,No,4997.5,No
1459-QNFQT,Male,0,Yes,Yes,70,No,DSL,Yes,No,Yes,Yes,4144.8,No
1047-NNCBF,Male,0,No,No,20,Yes,Fiber optic,No,No,No,No,1493.55,No
3696-XRIEN,Female,0,No,No,50,Yes,DSL,Yes,No,Yes,Yes,4179.1,No
4081-DYXAV,Female,0,No,No,19,No,DSL,No,No,No,No,893.55,Yes
0074-HDKDG,Male,0,Yes,Yes,25,Yes,DSL,Yes,Yes,Yes,No,1611,No
8791-GFXLZ,Male,0,No,No,12,Yes,DSL,No,Yes,No,No,593.05,No
8111-SLLHI,Male,1,Yes,No,39,Yes,Fiber optic,No,Yes,Yes,No,4284.8,Yes
0927-LCSMG,Male,0,No,No,7,Yes,Fiber optic,No,No,Yes,No,544.55,Yes
9330-DHBFL,Female,0,Yes,Yes,23,Yes,DSL,Yes,Yes,Yes,Yes,1533.8,No
0098-BOWSO,Male,0,No,No,27,Yes,No,No internet service,No internet service,No internet service,No internet service,529.8,No
3452-ABWRL,Male,1,No,No,47,Yes,Fiber optic,No,No,No,No,3865.6,No
5859-HZYLF,Male,0,Yes,Yes,26,Yes,No,No internet service,No internet service,No internet service,No internet service,515.75,No
8257-RZAHR,Female,0,Yes,No,14,Yes,DSL,Yes,No,No,No,941,Yes
5293-WXJAK,Female,1,Yes,No,11,Yes,Fiber optic,No,No,Yes,Yes,1133.65,Yes
3156-QLHBO,Male,0,No,Yes,2,Yes,No,No internet service,No internet service,No internet service,No internet service,48.35,No
2208-NQBCT,Female,0,Yes,Yes,26,Yes,Fiber optic,Yes,Yes,No,No,2070.05,No
1779-PWPMG,Female,1,Yes,No,72,Yes,Fiber optic,Yes,Yes,Yes,Yes,8333.95,No
6621-NRZAK,Female,0,Yes,Yes,63,Yes,No,No internet service,No internet service,No internet service,No internet service,1209.25,No
0831-JNISG,Male,0,Yes,Yes,71,Yes,No,No internet service,No internet service,No internet service,No internet service,1396.25,No
0774-IFUVM,Male,0,Yes,Yes,11,Yes,DSL,Yes,No,No,No,723.35,No
3082-WQRVY,Male,1,Yes,No,14,Yes,No,No internet service,No internet service,No internet service,No internet service,228.65,No
9553-DLCLU,Female,0,No,Yes,13,Yes,DSL,Yes,Yes,Yes,Yes,1161.75,No
1641-BYBTK,Male,0,No,Yes,6,Yes,No,No internet service,No internet service,No internet service,No internet service,98.35,No
2460-NGXBJ,Male,1,Yes,Yes,11,Yes,Fiber optic,No,No,No,No,775.3,No
2446-ZKVAF,Male,0,Yes,No,18,Yes,DSL,No,Yes,No,No,1074.65,No
0841-NULXI,Male,0,No,No,1,No,DSL,No,No,No,No,35.55,Yes
3522-CDKHF,Female,0,Yes,No,32,Yes,Fiber optic,Yes,No,No,No,2324.7,No
1430-SFQSA,Male,0,No,No,29,No,DSL,Yes,No,No,Yes,1072.6,No
0411-EZJZE,Female,0,No,No,3,Yes,DSL,No,No,No,No,170.5,No
7851-WZEKY,Female,0,No,No,2,Yes,Fiber optic,No,No,No,No,196.9,Yes
8844-TONUD,Male,0,Yes,Yes,13,Yes,Fiber optic,No,No,Yes,No,1162.85,Yes
8807-ARQET,Female,0,No,No,41,No,DSL,No,Yes,No,No,1677.85,No
8992-CEUEN,Female,0,No,No,1,Yes,No,No internet service,No internet service,No internet service,No internet service,18.85,No
4320-QMLLA,Male,0,No,No,7,Yes,DSL,No,No,No,No,370.4,No
8777-PVYGU,Female,0,Yes,No,52,Yes,DSL,Yes,No,Yes,No,3410.6,No
8292-ITGYJ,Female,0,Yes,Yes,45,Yes,No,No internet service,No internet service,No internet service,No internet service,1138.8,No
6870-ZWMNX,Male,0,Yes,No,70,Yes,DSL,No,Yes,Yes,Yes,5264.25,No
0621-CXBKL,Female,0,No,No,53,Yes,No,No internet service,No internet service,No internet service,No internet service,1005.7,No
5268-DSMNQ,Female,1,Yes,No,62,Yes,Fiber optic,No,Yes,Yes,No,5936.55,No
5334-JLAXU,Female,0,Yes,No,60,Yes,Fiber optic,Yes,Yes,No,No,5475.9,No
4086-YQSNZ,Female,1,Yes,No,3,Yes,Fiber optic,No,No,No,No,224.05,Yes
6242-MBHPK,Female,1,Yes,No,23,Yes,Fiber optic,Yes,No,No,No,2326.05,No
5868-CZJDR,Male,0,No,Yes,1,No,DSL,No,Yes,No,No,31.35,Yes
9359-UGBTK,Female,0,No,No,67,Yes,DSL,Yes,No,Yes,Yes,4991.5,No
0135-NMXAP,Female,0,No,No,12,Yes,Fiber optic,No,Yes,No,No,1052.4,Yes
4782-OSFXZ,Female,1,Yes,No,71,Yes,DSL,Yes,Yes,Yes,Yes,5831.2,No
6479-OAUSD,Male,0,No,No,25,Yes,No,No internet service,No internet service,No internet service,No internet service,510.8,No
7129-ACFOG,Female,0,No,No,5,Yes,DSL,Yes,No,No,No,283.95,No
4189-NAKJS,Male,0,No,No,26,Yes,DSL,No,No,No,No,1295.4,No
5562-BETPV,Male,0,Yes,Yes,1,Yes,No,No internet service,No internet service,No internet service,No internet service,19.65,No
1282-IHQAC,Male,1,No,No,70,No,DSL,No,Yes,Yes,No,3011.65,No
9127-FHJBZ,Male,0,Yes,Yes,72,Yes,Fiber optic,Yes,Yes,Yes,Yes,8093.15,No
6270-OMFIW,Male,0,Yes,No,60,Yes,Fiber optic,No,Yes,No,No,5610.25,Yes
1641-RQDAY,Female,1,Yes,Yes,32,Yes,Fiber optic,No,Yes,No,No,3217.65,No
0107-WESLM,Male,0,No,No,1,Yes,No,No internet service,No internet service,No internet service,No internet service,19.85,Yes
6994-ORCWG,Female,0,No,No,14,Yes,DSL,No,Yes,No,No,773.2,No
1346-UFHAX,Female,0,No,No,13,Yes,Fiber optic,Yes,No,No,No,1029.35,No
3992-YWPKO,Female,0,No,No,6,Yes,Fiber optic,No,Yes,Yes,Yes,669.45,Yes
2933-XEUJM,Female,0,No,No,46,Yes,DSL,Yes,No,Yes,No,3593.8,No
0125-LZQXK,Male,0,No,No,15,Yes,Fiber optic,No,No,Yes,Yes,1553.95,Yes
5461-QKNTN,Male,1,Yes,No,43,Yes,Fiber optic,No,Yes,No,Yes,3953.15,No
4835-YSJMR,Male,0,No,No,39,Yes,DSL,No,No,No,Yes,1971.15,No
8399-YNDCH,Male,1,No,No,21,Yes,DSL,No,No,Yes,No,1236.15,Yes
3164-YAXFY,Male,0,No,No,57,No,DSL,Yes,No,Yes,No,3196,No
0887-WBJVH,Female,0,Yes,No,53,Yes,Fiber optic,No,No,No,Yes,4872.2,No
4660-IRIBM,Male,0,Yes,Yes,18,Yes,Fiber optic,Yes,No,Yes,No,1500.5,No
5673-FSSMF,Female,0,No,No,1,Yes,DSL,No,No,No,No,60.15,Yes
7670-ZBPOQ,Female,0,Yes,No,58,Yes,DSL,Yes,No,No,Yes,3478.75,No
8089-UZWLX,Female,1,No,No,71,Yes,Fiber optic,No,No,Yes,No,7413.55,No
0080-OROZO,Female,0,No,No,35,Yes,Fiber optic,No,No,Yes,Yes,3532,No
3916-NRPAP,Male,0,No,No,3,Yes,Fiber optic,No,No,Yes,No,256.75,No
6807-SIWJI,Male,0,No,No,38,Yes,Fiber optic,Yes,Yes,No,No,3887.25,No
8221-HVAYI,Male,0,Yes,Yes,35,Yes,DSL,Yes,Yes,Yes,Yes,2490.15,No
1579-KLYDT,Male,0,No,No,7,Yes,Fiber optic,No,No,Yes,No,593.45,Yes
5232-NXPAY,Female,0,No,No,47,Yes,DSL,No,No,Yes,Yes,3510.3,No
8967-SZQAS,Female,0,No,No,14,Yes,DSL,No,Yes,No,No,765.45,No
4468-KAZHE,Female,1,Yes,No,20,Yes,DSL,No,Yes,No,No,1259.35,No
0455-ENTCR,Male,0,Yes,No,66,Yes,DSL,Yes,Yes,No,Yes,5538.35,No
8944-AILEF,Male,0,Yes,No,15,Yes,No,No internet service,No internet service,No internet service,No internet service,340.85,No
5542-NKVRU,Female,0,No,No,42,Yes,No,No internet service,No internet service,No internet service,No internet service,844.45,No
7126-RBHSD,Female,0,Yes,No,17,Yes,Fiber optic,Yes,No,No,No,1348.95,No
5370-IIVVL,Male,0,No,No,37,Yes,Fiber optic,No,Yes,No,Yes,3778,No
6789-HJBWG,Female,0,No,No,12,Yes,DSL,No,Yes,No,No,611.65,No
3927-NLNRY,Male,0,Yes,No,53,Yes,Fiber optic,No,Yes,No,No,4867.95,Yes
9087-EYCPR,Female,0,No,No,60,Yes,No,No internet service,No internet service,No internet service,No internet service,1505.05,No
6791-YBNAK,Male,0,Yes,Yes,18,No,DSL,No,No,No,No,467.85,No
6358-LYNGM,Male,0,No,No,1,Yes,Fiber optic,No,No,No,No,74.9,Yes
6077-BDPXA,Female,0,No,No,3,Yes,Fiber optic,No,No,No,No,194.2,No
0013-MHZWF,Female,0,No,Yes,9,Yes,DSL,No,No,No,Yes,571.45,No
5494-HECPR,Female,0,No,No,1,Yes,Fiber optic,No,No,No,No,80.25,Yes
8268-YDIXR,Male,0,Yes,No,56,Yes,Fiber optic,Yes,Yes,Yes,No,5253.95,No
9824-BEMCV,Male,0,Yes,Yes,17,Yes,Fiber optic,No,No,No,No,1149.65,Yes
1373-ORVIZ,Female,0,Yes,Yes,11,Yes,DSL,No,No,No,Yes,740.8,Yes
4291-SHSBH,Male,0,No,No,7,Yes,Fiber optic,No,No,No,No,521.35,No
6980-IMXXE,Female,0,Yes,Yes,69,Yes,No,No internet service,No internet service,No internet service,No internet service,1412.65,No
9866-QEVEE,Male,0,No,No,19,Yes,Fiber optic,No,No,No,No,1532.45,Yes
9897-KXHCM,Female,0,Yes,Yes,3,Yes,Fiber optic,No,No,No,No,250.05,Yes
0040-HALCW,Male,0,Yes,Yes,54,Yes,No,No internet service,No internet service,No internet service,No internet service,1090.6,No
0784-GTUUK,Male,0,Yes,No,62,Yes,No,No internet service,No internet service,No internet service,No internet service,1446.8,No
7979-CORPM,Male,0,No,No,24,Yes,Fiber optic,No,Yes,No,No,2282.55,Yes
2294-DMMUS,Female,0,Yes,Yes,62,Yes,DSL,No,No,No,No,4300.45,No
0872-JCPIB,Male,0,No,No,17,Yes,DSL,Yes,No,No,No,1111.2,No
3055-MJDSB,Male,0,No,No,9,No,DSL,No,No,No,No,190.1,No
9091-WTUUY,Male,0,Yes,Yes,64,Yes,DSL,Yes,No,Yes,Yes,4447.75,No
1618-CFHME,Female,0,No,No,2,Yes,Fiber optic,No,No,No,No,143.35,Yes
3165-HDOEW,Male,0,Yes,Yes,1,Yes,DSL,No,No,No,No,45.85,Yes
6581-NQCBA,Female,0,Yes,No,16,No,DSL,No,No,No,Yes,810.2,Yes
7115-IRDHS,Female,0,Yes,No,72,Yes,No,No internet service,No internet service,No internet service,No internet service,1830.05,No
8496-DMZUK,Male,0,No,No,30,Yes,Fiber optic,Yes,Yes,Yes,No,2820.65,No
2040-VZIKE,Female,0,Yes,No,49,Yes,Fiber optic,Yes,No,No,No,4847.35,No
9068-VPWQQ,Male,0,Yes,No,61,Yes,DSL,Yes,No,Yes,Yes,4729.3,No
0178-SZBHO,Male,0,Yes,Yes,47,Yes,Fiber optic,No,Yes,No,No,4017.45,No
0384-RVBPI,Male,0,No,No,20,Yes,DSL,Yes,No,Yes,No,1398.6,No
1689-MRZQR,Male,0,Yes,Yes,34,Yes,Fiber optic,No,No,No,No,2564.3,Yes
1299-AURJA,Female,0,Yes,Yes,70,Yes,No,No internet service,No internet service,No internet service,No internet service,1685.9,No
4525-VZCZG,Male,0,No,Yes,54,Yes,Fiber optic,Yes,Yes,No,Yes,5826.65,No
1543-LLLFT,Male,1,Yes,No,61,Yes,Fiber optic,No,Yes,Yes,Yes,6066.55,No
5835-BEQEU,Male,0,No,No,3,Yes,Fiber optic,No,No,No,No,228.4,Yes
2788-CJQAQ,Male,0,No,No,13,Yes,No,No internet service,No internet service,No internet service,No internet service,270.2,No
5565-FILXA,Female,1,No,No,16,Yes,Fiber optic,No,No,No,No,1529.2,Yes
0319-QZTCO,Female,0,Yes,Yes,3,Yes,DSL,No,Yes,No,No,168.6,No
2120-SMPEX,Male,0,No,No,25,Yes,No,No internet service,No internet service,No internet service,No internet service,536.35,No
0096-FCPUF,Male,0,No,No,30,Yes,DSL,Yes,No,No,No,1888.45,No
0668-OGMHD,Female,0,Yes,No,21,No,DSL,Yes,No,No,No,629.35,No
5552-ZNFSJ,Male,0,No,No,1,Yes,DSL,No,No,No,No,45.3,Yes
2223-KAGMX,Female,0,No,No,15,Yes,No,No internet service,No internet service,No internet service,No internet service,289.3,Yes
6507-ZJSUR,Male,1,Yes,No,23,Yes,Fiber optic,No,No,No,No,2117.25,No
9408-HRXRK,Female,0,Yes,Yes,45,Yes,Fiber optic,Yes,Yes,No,No,4730.9,No
5593-SUAOO,Female,0,Yes,Yes,24,Yes,Fiber optic,No,Yes,Yes,No,2033.05,No
7321-PKUYW,Female,0,No,No,11,Yes,Fiber optic,No,No,No,Yes,987.95,Yes
2833-SLKDQ,Male,0,No,No,1,Yes,DSL,No,No,No,No,45.05,Yes
6766-HFKLA,Female,0,Yes,No,56,Yes,Fiber optic,No,No,Yes,Yes,5744.35,No
7595-EUIVN,Female,0,No,No,1,Yes,Fiber optic,No,Yes,No,No,75.8,Yes
7617-EYGLW,Male,0,No,No,1,Yes,No,No internet service,No internet service,No internet service,No internet service,19.45,No
2026-TGDHM,Female,0,No,No,7,Yes,Fiber optic,No,No,No,No,523.15,Yes
9220-ZNKJI,Female,1,Yes,No,55,Yes,Fiber optic,No,No,Yes,Yes,4805.3,No
4030-VPZBD,Female,0,No,No,2,No,DSL,No,No,No,Yes,59.05,Yes
2226-ICFDO,Female,0,Yes,Yes,72,Yes,DSL,Yes,No,Yes,Yes,6110.75,No
0723-VSOBE,Female,1,No,No,45,No,DSL,No,No,No,No,1596.6,No
5529-GIBVH,Female,0,No,No,47,Yes,No,No internet service,No internet service,No internet service,No internet service,1046.2,No
4187-CINZD,Female,1,No,No,46,Yes,Fiber optic,No,Yes,No,No,4424.2,Yes
9992-UJOEL,Male,0,No,No,2,Yes,DSL,No,Yes,No,No,92.75,No
4741-WWJQZ,Female,0,Yes,No,2,Yes,Fiber optic,Yes,No,No,Yes,194.55,No
6625-UTXEW,Female,0,Yes,No,12,Yes,DSL,No,Yes,No,No,612.1,No
6818-WOBHJ,Female,1,Yes,No,68,Yes,Fiber optic,No,Yes,No,No,6127.6,Yes
6244-BESBM,Male,0,Yes,Yes,69,Yes,Fiber optic,No,No,No,Yes,6671.7,No
1004-NOZNR,Male,1,No,Yes,56,Yes,Fiber optic,Yes,No,No,No,5264.3,No
1251-STYSZ,Female,1,No,No,4,Yes,Fiber optic,Yes,No,No,No,303.7,No
2612-PHGOX,Male,0,Yes,No,64,Yes,DSL,No,Yes,Yes,Yes,4818.8,No
2408-TZMJL,Male,0,Yes,No,59,Yes,Fiber optic,Yes,Yes,Yes,No,6448.05,Yes
8480-PPONV,Male,0,Yes,Yes,62,Yes,Fiber optic,Yes,Yes,Yes,Yes,7159.05,No
8780-IHCRN,Male,0,Yes,Yes,63,Yes,No,No internet service,No internet service,No internet service,No internet service,1574.5,No
4598-ZADCK,Female,0,No,No,53,No,DSL,Yes,Yes,Yes,Yes,2879.2,No
1257-SXUXQ,Male,0,Yes,Yes,5,Yes,No,No internet service,No internet service,No internet service,No internet service,86.05,No
9681-KYGYB,Male,1,Yes,No,49,Yes,Fiber optic,Yes,Yes,Yes,No,4159.45,No
7182-OVLBJ,Female,0,Yes,Yes,62,Yes,Fiber optic,Yes,No,No,No,6638.35,No
5095-ETBRJ,Female,0,Yes,No,55,Yes,DSL,Yes,Yes,No,Yes,3112.05,No
7005-CYUIL,Female,1,Yes,No,71,Yes,Fiber optic,Yes,Yes,Yes,Yes,7168.25,No
4821-WQOYN,Female,0,Yes,Yes,72,Yes,No,No internet service,No internet service,No internet service,No internet service,1326.25,No
4730-AWNAU,Male,0,Yes,Yes,36,No,DSL,Yes,No,Yes,Yes,2234.55,No
3452-FLHYD,Male,0,Yes,No,25,Yes,No,No internet service,No internet service,No internet service,No internet service,495.15,No
2388-LAESQ,Female,1,Yes,No,72,Yes,Fiber optic,Yes,Yes,Yes,Yes,8317.95,No
9531-NSBMR,Female,0,No,No,36,Yes,No,No internet service,No internet service,No internet service,No internet service,679.8,No
6260-ONULR,Male,0,No,No,1,Yes,DSL,No,No,No,No,62.8,No
4389-UEFCZ,Female,0,Yes,No,72,Yes,Fiber optic,Yes,No,Yes,No,7544,No
8711-LOBKY,Male,0,Yes,Yes,59,Yes,No,No internet service,No internet service,No internet service,No internet service,1188.25,No
9134-CEQMF,Male,1,Yes,No,7,Yes,Fiber optic,No,No,No,No,676.7,Yes
8985-OOPOS,Female,0,No,No,1,Yes,DSL,No,No,Yes,Yes,74.1,No
8800-ZKRFW,Female,0,Yes,Yes,30,Yes,Fiber optic,No,Yes,Yes,Yes,3242.5,No
2616-FLVQC,Male,0,No,No,64,Yes,No,No internet service,No internet service,No internet service,No internet service,1240.15,No
9968-FFVVH,Male,0,No,No,63,Yes,DSL,Yes,Yes,Yes,Yes,4111.35,No
3108-PCCGG,Male,1,Yes,No,72,Yes,DSL,Yes,Yes,Yes,No,5899.85,No
7993-PYKOF,Male,0,Yes,No,8,Yes,Fiber optic,Yes,No,No,No,632.95,Yes
8390-FESFV,Female,0,No,No,62,Yes,DSL,No,Yes,Yes,Yes,5193.2,No
3022-BEXHZ,Male,0,Yes,Yes,67,Yes,Fiber optic,No,Yes,Yes,Yes,7530.8,No
5027-XWQHA,Male,0,No,No,6,Yes,DSL,No,No,No,No,270.95,Yes
6248-TKCQV,Female,0,Yes,Yes,70,Yes,DSL,Yes,No,No,Yes,5460.2,No
6729-GDNGC,Female,1,No,No,20,Yes,Fiber optic,No,No,No,No,1614.2,No
6198-ZFIOJ,Female,0,No,No,5,Yes,Fiber optic,No,No,No,No,402.5,No
5989-OMNJE,Female,0,Yes,Yes,24,No,DSL,Yes,Yes,Yes,No,1367.75,No
4566-QVRRW,Female,0,Yes,No,11,Yes,DSL,No,No,No,No,483.7,Yes
1291-CUOCY,Male,0,Yes,No,72,Yes,Fiber optic,No,Yes,Yes,Yes,7962.2,No
9795-SHUHB,Female,0,Yes,Yes,66,Yes,DSL,Yes,Yes,No,Yes,3810.8,No
3230-IUALN,Female,0,Yes,Yes,45,Yes,DSL,Yes,No,Yes,Yes,3533.6,No
0042-RLHYP,Female,0,Yes,Yes,69,Yes,No,No internet service,No internet service,No internet service,No internet service,1396.9,No
8519-IMDHU,Male,1,Yes,No,15,Yes,Fiber optic,No,No,No,No,1345.55,Yes
4945-RVMTE,Female,0,No,No,28,Yes,DSL,No,No,Yes,No,1646.45,No
0201-OAMXR,Female,0,No,No,70,Yes,Fiber optic,Yes,Yes,Yes,Yes,8127.6,Yes
1866-NXPSP,Female,0,No,No,36,Yes,DSL,Yes,Yes,Yes,Yes,2680.15,No
3372-KWFBM,Male,1,No,No,16,Yes,Fiber optic,No,No,No,No,1281,Yes
7831-QGOXH,Female,0,No,No,18,Yes,Fiber optic,No,No,No,No,1553.9,Yes
6393-WRYZE,Female,0,Yes,No,34,Yes,Fiber optic,No,No,No,No,3207.55,Yes
3941-XTSKM,Male,0,Yes,Yes,42,No,DSL,No,Yes,Yes,No,2049.05,No
1661-CZBAU,Male,0,No,No,48,Yes,DSL,Yes,No,No,Yes,3629.2,No
6599-RCLCJ,Male,0,Yes,No,47,Yes,Fiber optic,No,Yes,Yes,Yes,5124.55,Yes
9831-BPFRI,Female,0,Yes,Yes,39,Yes,Fiber optic,No,Yes,Yes,Yes,3474.45,Yes
5158-RIVOP,Female,0,Yes,Yes,11,Yes,No,No internet service,No internet service,No internet service,No internet service,202.3,No
9788-YTFGE,Male,0,No,No,7,Yes,No,No internet service,No internet service,No internet service,No internet service,147.5,No
9277-JOOMO,Female,0,No,No,3,Yes,No,No internet service,No internet service,No internet service,No internet service,86.35,No
1907-YLNYW,Male,0,No,No,8,Yes,DSL,Yes,No,Yes,No,579,No
1725-MIMXW,Male,0,No,Yes,1,Yes,No,No internet service,No internet service,No internet service,No internet service,19.45,Yes
8947-YRTDV,Male,0,Yes,Yes,32,Yes,Fiber optic,Yes,Yes,Yes,No,3131.55,No
3161-ONRWK,Male,0,Yes,Yes,60,Yes,DSL,Yes,Yes,Yes,Yes,3928.3,No
0114-RSRRW,Female,0,Yes,No,10,Yes,No,No internet service,No internet service,No internet service,No internet service,187.75,No
4565-NLZBV,Female,0,Yes,No,71,Yes,No,No internet service,No internet service,No internet service,No internet service,1710.15,No
0031-PVLZI,Female,0,Yes,Yes,4,Yes,No,No internet service,No internet service,No internet service,No internet service,76.35,Yes
7206-GZCDC,Female,1,No,No,1,Yes,Fiber optic,No,No,No,No,69.25,Yes
6682-VCIXC,Female,0,Yes,Yes,43,No,DSL,Yes,Yes,No,Yes,2151.6,No
4791-QRGMF,Male,0,Yes,No,59,Yes,Fiber optic,No,No,Yes,No,5961.1,Yes
6475-VHUIZ,Female,0,Yes,No,23,Yes,DSL,No,No,Yes,Yes,1221.55,No
3910-MRQOY,Female,0,Yes,No,72,Yes,No,No internet service,No internet service,No internet service,No internet service,1496.45,No
0661-WCQNQ,Male,0,Yes,No,22,Yes,DSL,Yes,No,No,Yes,1292.2,No
7537-RBWEA,Female,0,No,No,1,No,DSL,No,No,No,No,25.15,No
4656-CAURT,Male,0,No,No,69,Yes,No,No internet service,No internet service,No internet service,No internet service,1713.1,No
0121-SNYRK,Male,0,No,No,50,No,DSL,Yes,No,No,Yes,1748.9,No
1768-ZAIFU,Female,1,No,No,1,No,DSL,No,No,No,No,25.2,Yes
4671-LXRDQ,Male,0,No,No,2,Yes,DSL,No,No,No,No,96.45,Yes
3733-LSYCE,Female,0,Yes,No,15,Yes,Fiber optic,No,Yes,No,No,1114.55,No
6265-FRMTQ,Male,0,No,No,31,Yes,No,No internet service,No internet service,No internet service,No internet service,609.1,No
1934-SJVJK,Male,0,No,No,1,Yes,No,No internet service,No internet service,No internet service,No internet service,20.15,Yes
3838-OZURD,Male,0,Yes,No,66,Yes,Fiber optic,No,Yes,Yes,No,7133.25,Yes
1371-DWPAZ,Female,0,Yes,Yes,0,No,DSL,Yes,Yes,Yes,Yes, ,No
9269-CQOOL,Male,0,No,Yes,3,Yes,DSL,No,No,No,No,169.45,Yes
2017-CCBLH,Female,0,No,No,8,Yes,No,No internet service,No internet service,No internet service,No internet service,141.6,No
7690-KPNCU,Male,0,Yes,Yes,64,Yes,DSL,Yes,No,Yes,No,4688.65,No
0536-BGFMZ,Female,0,Yes,No,28,Yes,No,No internet service,No internet service,No internet service,No internet service,563.05,No
2293-IJWPS,Female,0,Yes,No,57,Yes,Fiber optic,No,No,Yes,No,5985,No
2845-HSJCY,Female,0,Yes,Yes,14,Yes,Fiber optic,No,No,Yes,No,1258.6,Yes
5469-NUJUR,Male,0,No,No,19,Yes,No,No internet service,No internet service,No internet service,No internet service,373.5,No
1184-PJVDB,Male,0,Yes,No,10,Yes,Fiber optic,No,No,No,No,857.2,Yes
2625-TRCZQ,Female,0,Yes,No,51,No,DSL,No,Yes,No,No,2553.35,No
4102-HLENU,Female,0,Yes,No,67,Yes,DSL,Yes,Yes,Yes,No,4322.85,No
7266-GSSJX,Male,0,Yes,Yes,11,Yes,No,No internet service,No internet service,No internet service,No internet service,250.8,No
7722-VJRQD,Male,0,Yes,Yes,72,No,DSL,Yes,No,Yes,Yes,4549.05,No
7073-QETQY,Male,0,Yes,Yes,66,Yes,No,No internet service,No internet service,No internet service,No internet service,1359.5,No
9415-DPEWS,Female,0,No,No,18,Yes,Fiber optic,No,No,No,Yes,1639.3,Yes
5624-RYAMH,Female,0,No,No,9,Yes,No,No internet service,No internet service,No internet service,No internet service,178.85,No
0196-JTUQI,Female,0,No,No,9,Yes,Fiber optic,No,No,No,No,633.85,No
7130-YXBRO,Male,0,Yes,No,48,Yes,Fiber optic,Yes,Yes,Yes,No,5315.1,No
9272-LSVYH,Male,0,No,No,10,Yes,Fiber optic,No,No,No,No,735.5,No
7943-RQCHR,Female,0,No,No,9,Yes,Fiber optic,No,No,No,No,889.9,Yes
3793-MMFUH,Female,1,No,No,13,Yes,Fiber optic,No,No,No,No,1290,Yes
3249-ZPQRG,Male,0,No,No,4,Yes,Fiber optic,No,Yes,No,No,330.05,Yes
2568-BRGYX,Male,0,No,No,4,Yes,Fiber optic,No,No,No,No,237.95,Yes
3084-DOWLE,Female,0,Yes,No,72,Yes,DSL,Yes,Yes,Yes,Yes,6474.4,No
1084-MNSMJ,Female,0,Yes,Yes,51,Yes,DSL,Yes,Yes,Yes,Yes,4421.95,No
7721-JXEAW,Male,0,Yes,No,59,No,DSL,No,Yes,No,No,2452.7,Yes
7249-WBIYX,Male,0,Yes,No,10,Yes,Fiber optic,No,No,No,No,813.85,Yes
4238-HFHSN,Male,1,Yes,No,61,Yes,Fiber optic,No,Yes,No,No,4904.85,No
6250-CGGUN,Male,0,No,No,54,Yes,Fiber optic,Yes,No,Yes,Yes,4484.05,No
5478-JJVZK,Female,0,No,No,33,Yes,DSL,Yes,Yes,No,No,2033.85,No
7596-IIWYC,Female,0,No,No,27,Yes,No,No internet service,No internet service,No internet service,No internet service,538.2,No
6567-HOOPW,Female,1,No,No,1,Yes,Fiber optic,No,No,No,No,79.2,Yes
9793-WECQC,Male,0,No,No,23,Yes,Fiber optic,No,Yes,No,No,2192.9,No
4291-HPAXL,Male,0,No,Yes,1,Yes,No,No internet service,No internet service,No internet service,No internet service,19.85,No
8999-YPYBV,Male,0,Yes,Yes,45,Yes,DSL,Yes,Yes,Yes,Yes,3858.05,No
1839-FBNFR,Female,0,Yes,Yes,39,Yes,No,No internet service,No internet service,No internet service,No internet service,854.8,No
3164-AALRN,Male,0,No,No,5,Yes,DSL,No,No,Yes,No,347.4,Yes
3071-MVJCD,Male,0,Yes,Yes,72,Yes,DSL,Yes,Yes,Yes,Yes,5815.15,No
1697-BCSHV,Female,0,Yes,Yes,58,Yes,DSL,No,Yes,No,No,3970.4,No
0562-KBDVM,Female,0,No,No,70,No,DSL,Yes,Yes,Yes,Yes,3058.15,No
1131-SUEKT,Male,0,Yes,Yes,61,Yes,Fiber optic,No,Yes,No,Yes,6145.2,No
3717-OEAUQ,Male,0,No,No,2,Yes,Fiber optic,No,No,No,No,129.2,No
4538-WNTMJ,Female,0,Yes,Yes,46,Yes,No,No internet service,No internet service,No internet service,No internet service,1165.9,No
3334-CTHOL,Female,0,No,No,1,Yes,DSL,No,No,No,No,49.95,Yes
4704-ERYFC,Female,0,Yes,No,22,Yes,Fiber optic,No,No,No,No,1554,Yes
9432-RUVSL,Female,0,No,No,48,Yes,Fiber optic,Yes,No,Yes,Yes,4904.25,No
8060-HIWJJ,Male,0,No,No,64,Yes,DSL,No,Yes,Yes,Yes,5632.55,No
7684-XSZIY,Male,0,Yes,Yes,72,Yes,No,No internet service,No internet service,No internet service,No internet service,1643.25,No
9089-UOWJG,Female,0,Yes,Yes,12,Yes,DSL,No,No,Yes,No,740.55,No
8621-MNIHH,Female,1,Yes,No,34,Yes,Fiber optic,No,Yes,Yes,No,3217.55,Yes
8039-ACLPL,Female,0,Yes,Yes,72,Yes,DSL,Yes,Yes,Yes,No,4888.2,No
9885-AIBVB,Male,0,Yes,No,29,Yes,Fiber optic,No,Yes,Yes,No,2440.25,No
1934-MKPXS,Male,0,Yes,Yes,33,Yes,No,No internet service,No internet service,No internet service,No internet service,620.55,No
2592-YKDIF,Female,0,No,No,1,Yes,No,No internet service,No internet service,No internet service,No internet service,20.35,No
2272-JKMSI,Female,0,Yes,Yes,62,Yes,Fiber optic,No,Yes,Yes,Yes,6840.95,No
0471-LVHGK,Male,0,Yes,No,41,Yes,DSL,No,No,Yes,No,3001.2,Yes
9518-RWHZL,Female,0,No,No,64,Yes,Fiber optic,No,No,Yes,No,6254.2,Yes
8714-CTZJW,Female,0,No,No,4,Yes,Fiber optic,No,No,Yes,No,319.6,No
3569-EDBPQ,Female,0,No,No,24,Yes,Fiber optic,Yes,No,No,Yes,1938.05,No
3131-NWVFJ,Female,0,Yes,Yes,14,Yes,No,No internet service,No internet service,No internet service,No internet service,294.5,No
7521-YXVZY,Male,0,No,Yes,3,Yes,No,No internet service,No internet service,No internet service,No internet service,58.3,No
5419-CONWX,Female,1,No,No,4,Yes,Fiber optic,No,Yes,Yes,No,442.85,Yes
6240-EURKS,Female,0,No,Yes,18,No,DSL,No,No,No,No,553,Yes
2373-NTKOD,Male,0,No,No,8,Yes,DSL,No,No,No,No,546.45,No
1970-KKFWL,Female,0,No,No,35,Yes,No,No internet service,No internet service,No internet service,No internet service,797.1,No
6960-HVYXR,Female,0,No,No,1,Yes,Fiber optic,No,No,No,No,76,Yes
9337-SRRNI,Male,0,No,Yes,66,Yes,No,No internet service,No internet service,No internet service,No internet service,1673.8,No
0895-UADGO,Male,0,No,Yes,8,No,DSL,Yes,No,No,Yes,343.45,No
5678-VFNEQ,Female,0,Yes,No,71,Yes,Fiber optic,Yes,No,Yes,No,7412.25,No
5977-CKHON,Female,0,Yes,Yes,43,Yes,Fiber optic,No,No,Yes,No,4039,No
7024-OHCCK,Female,1,No,No,2,Yes,Fiber optic,No,No,No,No,170.85,Yes
2692-BUCFV,Male,1,No,No,29,Yes,Fiber optic,No,Yes,Yes,No,2948.6,No
7861-UVUFT,Female,0,Yes,No,15,Yes,Fiber optic,No,No,Yes,No,1308.4,Yes
1830-GGFNM,Male,0,Yes,Yes,65,Yes,Fiber optic,Yes,Yes,Yes,Yes,6078.75,No
5302-BDJNT,Male,0,No,No,35,Yes,Fiber optic,No,No,Yes,Yes,3418.2,No
5223-UZAVK,Male,0,No,No,64,Yes,Fiber optic,Yes,Yes,No,No,6603.8,No
4859-ZSRDZ,Female,0,Yes,Yes,58,No,DSL,No,No,Yes,Yes,3166.9,No
5651-WYIPH,Female,1,No,No,18,Yes,DSL,No,Yes,No,No,865.75,No
9350-VLHMB,Male,0,Yes,Yes,67,Yes,Fiber optic,No,Yes,No,No,6373.1,No
3498-LZGQZ,Male,0,Yes,Yes,63,Yes,No,No internet service,No internet service,No internet service,No internet service,1177.05,No
8785-CJSHH,Female,0,Yes,No,60,Yes,Fiber optic,No,Yes,No,No,5985.75,No
5357-TZHPP,Male,1,No,No,9,Yes,Fiber optic,No,No,No,No,732.5,Yes
3870-SPZSI,Female,0,Yes,Yes,70,Yes,Fiber optic,Yes,Yes,Yes,Yes,7869.05,No
0680-DFNNY,Male,0,Yes,No,15,Yes,Fiber optic,No,No,Yes,No,1504.05,Yes
7560-QRBXH,Female,0,No,Yes,48,Yes,No,No internet service,No internet service,No internet service,No internet service,936.7,No
7077-XJMET,Male,0,Yes,No,12,Yes,DSL,No,No,Yes,Yes,741.4,No
8752-GHJFU,Male,1,Yes,No,71,Yes,Fiber optic,Yes,Yes,Yes,Yes,6585.2,No
6896-SRVYQ,Male,1,No,No,44,Yes,Fiber optic,No,No,Yes,No,3122.4,No
7767-UXAGJ,Male,0,No,No,1,Yes,DSL,No,No,No,No,50.45,Yes
4652-ODEVH,Male,0,Yes,Yes,45,Yes,No,No internet service,No internet service,No internet service,No internet service,1088.25,No
6510-UPNKS,Female,0,No,No,23,Yes,No,No internet service,No internet service,No internet service,No internet service,615.35,No
6718-BDGHG,Female,0,Yes,No,43,Yes,DSL,No,No,No,Yes,2908.2,No
9046-DQMTP,Male,0,No,No,35,Yes,No,No internet service,No internet service,No internet service,No internet service,739.9,No
6439-LAJXL,Male,0,Yes,No,9,Yes,DSL,Yes,Yes,No,Yes,593.85,No
1571-SAVHK,Male,0,No,No,12,Yes,Fiber optic,No,No,No,Yes,1132.75,Yes
9052-VKDUW,Female,1,Yes,No,65,Yes,Fiber optic,Yes,Yes,Yes,No,7227.45,No
9546-CQJSU,Female,0,No,No,2,Yes,Fiber optic,No,No,Yes,No,193.6,Yes
1666-JZPZT,Male,0,No,No,27,Yes,DSL,No,No,No,No,1291.35,No
5777-KJIRB,Female,0,No,No,40,Yes,DSL,No,No,Yes,No,2023.55,No
0506-LVNGN,Female,1,No,No,5,Yes,Fiber optic,No,No,Yes,No,349.65,Yes
7677-SJJJK,Male,0,Yes,Yes,8,Yes,No,No internet service,No internet service,No internet service,No internet service,153.95,No
2480-EJWYP,Female,1,Yes,No,58,Yes,Fiber optic,No,Yes,No,No,5458.8,No
3253-HKOKL,Female,0,Yes,Yes,52,Yes,Fiber optic,Yes,No,Yes,No,5244.45,No
7055-HNEOJ,Male,0,Yes,No,3,Yes,DSL,No,No,Yes,Yes,154.55,No
5514-YQENT,Male,0,No,Yes,41,Yes,Fiber optic,Yes,Yes,Yes,Yes,4507.15,No
3211-AAPKX,Male,0,No,No,20,Yes,Fiber optic,No,No,No,Yes,2031.95,No
8445-DNBAE,Male,0,No,Yes,1,Yes,DSL,No,No,No,No,50.05,No
2951-QOQTK,Male,0,No,Yes,4,Yes,Fiber optic,No,No,No,Yes,332.45,Yes
2958-NHPPS,Male,0,No,No,23,Yes,No,No internet service,No internet service,No internet service,No internet service,473.9,No
6806-YDEUL,Female,1,No,No,6,Yes,No,No internet service,No internet service,No internet service,No internet service,106.8,No
1735-XMJVH,Male,0,Yes,Yes,8,Yes,No,No internet service,No internet service,No internet service,No internet service,152.6,No
6890-PFRQX,Male,0,No,No,18,Yes,DSL,Yes,No,Yes,No,1199.4,No
0222-CNVPT,Male,1,No,No,52,No,DSL,Yes,No,No,No,2555.05,No
5899-OUVKV,Male,0,No,No,31,Yes,Fiber optic,No,Yes,No,No,2979.2,No
8681-ICONS,Male,0,Yes,Yes,29,Yes,No,No internet service,No internet service,No internet service,No internet service,654.85,No
1621-YNCJH,Female,0,Yes,No,36,Yes,Fiber optic,Yes,Yes,Yes,Yes,3834.4,No
3473-XIIIT,Female,0,Yes,No,16,Yes,Fiber optic,No,Yes,No,No,1534.75,Yes
6362-QHAFM,Male,0,Yes,No,42,Yes,Fiber optic,No,No,Yes,Yes,4586.15,No
7893-IXHRQ,Male,0,No,No,1,Yes,No,No internet service,No internet service,No internet service,No internet service,20.55,Yes
3070-BDOQC,Female,0,No,No,60,Yes,Fiber optic,No,Yes,Yes,No,5941.05,No
2952-QAYZF,Male,0,No,No,5,Yes,Fiber optic,No,Yes,Yes,No,424.15,Yes
6234-PFPXL,Male,0,Yes,No,22,Yes,Fiber optic,Yes,No,No,Yes,2234.95,No
9824-QCJPK,Male,0,Yes,No,36,Yes,No,No internet service,No internet service,No internet service,No internet service,666.75,No
4763-PGDPO,Female,0,No,No,4,Yes,Fiber optic,No,No,No,No,281,Yes
4283-IVYCI,Male,0,No,No,9,Yes,DSL,Yes,No,No,Yes,547.8,No
1866-OBPNR,Male,0,Yes,Yes,1,Yes,Fiber optic,No,Yes,No,No,74.6,No
8205-MQUGY,Male,0,Yes,Yes,12,Yes,DSL,Yes,No,No,No,571.15,No
8970-ANWXO,Female,0,No,No,23,Yes,DSL,No,No,No,Yes,1756.6,No
9480-BQJEI,Male,0,No,No,62,Yes,Fiber optic,Yes,Yes,No,No,5731.45,No
5394-SVGJV,Male,0,No,No,37,Yes,Fiber optic,No,No,No,Yes,3475.55,Yes
6979-TNDEU,Female,0,No,No,8,Yes,No,No internet service,No internet service,No internet service,No internet service,156.85,No
9777-WJJPR,Male,0,Yes,No,31,Yes,Fiber optic,No,No,Yes,No,2683.2,No
9283-LZQOH,Male,0,Yes,Yes,13,Yes,Fiber optic,No,No,No,No,896.75,Yes
7079-QRCBC,Female,0,No,No,24,Yes,Fiber optic,No,No,Yes,No,2407.3,Yes
9495-SKLKD,Male,0,Yes,Yes,45,Yes,Fiber optic,No,Yes,Yes,No,4456.65,No
6048-UWKAL,Female,1,Yes,No,69,Yes,Fiber optic,No,Yes,No,Yes,6998.95,No
5067-DGXLL,Male,0,No,No,2,Yes,No,No internet service,No internet service,No internet service,No internet service,36.8,No
5469-CTCWN,Male,0,Yes,Yes,61,Yes,Fiber optic,Yes,Yes,No,No,6547.7,Yes
9851-QXEEQ,Male,0,No,No,41,Yes,Fiber optic,No,Yes,Yes,No,4346.4,Yes
6281-FKEWS,Female,0,No,No,44,No,DSL,No,No,Yes,No,2265,No
8898-KASCD,Male,0,No,No,39,No,DSL,No,No,Yes,Yes,1309.15,No
9242-TKFSV,Male,0,Yes,Yes,72,No,DSL,Yes,Yes,Yes,Yes,4754.3,No
9290-SHCMB,Female,1,No,No,13,Yes,Fiber optic,No,No,Yes,No,1235.55,No
0743-HNPFG,Female,0,Yes,Yes,51,Yes,DSL,Yes,Yes,No,Yes,3562.5,No
2277-BKJKN,Female,1,Yes,No,71,Yes,Fiber optic,No,Yes,Yes,No,7213.75,No
9809-IMGCQ,Male,1,No,No,22,Yes,Fiber optic,No,No,No,No,2082.95,Yes
5208-HFSBT,Female,0,No,No,2,Yes,DSL,No,Yes,No,Yes,102.75,Yes
5035-PGZXH,Female,0,No,No,56,Yes,Fiber optic,No,Yes,Yes,No,5914.4,No
8695-WDYEA,Male,0,No,No,1,Yes,DSL,Yes,No,No,No,51.25,No
6543-JXSOO,Female,0,Yes,Yes,23,Yes,DSL,Yes,Yes,No,Yes,1282.85,No
8016-ZMGMO,Female,1,Yes,No,66,Yes,DSL,No,Yes,Yes,No,4738.85,No
8605-ITULD,Female,0,No,No,1,Yes,No,No internet service,No internet service,No internet service,No internet service,19.55,No
3254-YRILK,Male,1,No,No,19,Yes,Fiber optic,No,Yes,No,No,1775.8,Yes
6416-YJTTB,Male,0,No,No,11,Yes,Fiber optic,Yes,No,Yes,No,795.65,No
2667-WYLWJ,Female,0,Yes,Yes,8,Yes,No,No internet service,No internet service,No internet service,No internet service,145,Yes
4472-VESGY,Female,0,Yes,Yes,52,Yes,Fiber optic,Yes,Yes,Yes,No,4993.4,No
3195-TQDZX,Male,0,No,No,3,Yes,No,No internet service,No internet service,No internet service,No internet service,61.45,No
3128-YOVTD,Female,0,Yes,Yes,51,Yes,Fiber optic,Yes,Yes,No,No,4018.55,No
0529-ONKER,Male,1,No,No,15,Yes,Fiber optic,No,No,No,No,1146.65,Yes
1728-CXQBE,Male,1,Yes,No,64,Yes,Fiber optic,No,Yes,Yes,No,6081.4,No
7041-TXQJH,Female,0,No,No,37,No,DSL,No,No,Yes,No,1478.85,No
5014-GSOUQ,Male,0,No,No,13,Yes,No,No internet service,No internet service,No internet service,No internet service,243.65,No
5724-BIDBU,Male,0,Yes,No,49,Yes,DSL,Yes,No,No,No,2633.95,No
0481-SUMCB,Female,1,No,No,45,Yes,Fiber optic,No,No,Yes,No,4735.35,No
1769-GRUIK,Female,0,No,No,18,Yes,Fiber optic,No,No,No,No,1247.75,No
5240-IJOQT,Male,1,No,No,1,Yes,Fiber optic,No,No,No,No,74.7,Yes
8819-WFGGJ,Male,0,Yes,No,68,No,DSL,Yes,No,Yes,No,3794.5,No
7427-AUFPY,Male,0,No,No,54,Yes,No,No internet service,No internet service,No internet service,No internet service,1008.7,No
2811-POVEX,Female,1,Yes,Yes,23,Yes,Fiber optic,No,Yes,Yes,No,2130.55,No
1092-GANHU,Male,0,No,No,17,Yes,Fiber optic,No,No,Yes,No,1313.55,Yes
7898-PDWQE,Male,0,Yes,No,71,Yes,DSL,Yes,Yes,Yes,Yes,5727.15,No
9972-EWRJS,Female,0,Yes,Yes,67,Yes,No,No internet service,No internet service,No internet service,No internet service,1372.9,No
9314-IJWSQ,Female,0,Yes,Yes,14,Yes,Fiber optic,No,No,No,No,1203.9,No
0661-XEYAN,Female,1,No,No,1,No,DSL,No,No,No,No,25.8,Yes
5799-JRCZO,Female,0,No,Yes,63,Yes,No,No internet service,No internet service,No internet service,No internet service,1215.1,No
1921-KYSAY,Female,0,No,No,41,Yes,DSL,No,No,Yes,Yes,2877.05,No
6198-RTPMF,Female,0,Yes,No,17,Yes,Fiber optic,No,No,No,No,1579.7,No
2924-KHUVI,Male,0,Yes,No,56,Yes,Fiber optic,Yes,No,No,No,5514.95,No
1925-GMVBW,Female,0,No,No,5,Yes,No,No internet service,No internet service,No internet service,No internet service,96.1,No
7881-EVUAD,Female,0,No,No,2,No,DSL,Yes,Yes,No,No,72.4,Yes
6184-DYUOB,Female,0,Yes,No,3,Yes,No,No internet service,No internet service,No internet service,No internet service,55.25,No
9207-ZPANB,Male,0,No,No,37,Yes,DSL,Yes,Yes,Yes,Yes,2443.3,No
5766-XQXMQ,Female,0,No,No,29,Yes,DSL,Yes,Yes,Yes,No,1970.5,Yes
9327-QSDED,Male,0,No,No,8,Yes,DSL,No,No,No,No,335.4,No
1656-DRSMG,Female,0,No,No,63,Yes,Fiber optic,No,Yes,Yes,Yes,7002.95,No
3012-VFFMN,Female,0,Yes,Yes,7,Yes,No,No internet service,No internet service,No internet service,No internet service,158.95,No
2984-AFWNC,Female,0,No,No,3,Yes,Fiber optic,No,Yes,No,No,293.15,No
0640-YJTPY,Male,0,Yes,Yes,72,Yes,No,No internet service,No internet service,No internet service,No internet service,1493.75,No
8096-LOIST,Female,0,No,No,19,Yes,DSL,No,No,No,No,1093.4,No
9764-REAFF,Female,0,Yes,No,59,Yes,No,No internet service,No internet service,No internet service,No internet service,1057.85,No
3703-VAVCL,Male,0,Yes,Yes,2,Yes,Fiber optic,No,No,Yes,Yes,190.05,Yes
7107-UBYKY,Female,0,Yes,Yes,35,Yes,No,No internet service,No internet service,No internet service,No internet service,882.55,No
4881-GQJTW,Male,0,No,No,14,Yes,No,No internet service,No internet service,No internet service,No internet service,300.4,No
8519-QJGJD,Female,0,No,No,14,Yes,Fiber optic,No,No,Yes,No,1025.95,Yes
7876-DNYAP,Female,0,Yes,Yes,69,Yes,No,No internet service,No internet service,No internet service,No internet service,1436.95,No
7905-NJMXS,Male,1,Yes,No,7,Yes,DSL,Yes,Yes,No,Yes,475,No
2882-WDTBA,Male,0,Yes,Yes,69,Yes,DSL,Yes,Yes,Yes,Yes,5388.15,No
2091-GPPIQ,Female,0,Yes,Yes,72,Yes,DSL,No,Yes,No,Yes,5730.15,No
6326-MTTXK,Male,0,No,No,8,Yes,Fiber optic,No,Yes,No,No,819.55,Yes
5071-FBJFS,Female,0,Yes,Yes,4,Yes,DSL,Yes,No,No,No,217.1,No
2796-UUZZO,Male,0,Yes,Yes,63,Yes,Fiber optic,No,Yes,Yes,No,4896.35,No
2429-AYKKO,Male,0,No,No,72,Yes,No,No internet service,No internet service,No internet service,No internet service,1434.1,No
9798-OPFEM,Female,0,No,No,46,Yes,No,No internet service,No internet service,No internet service,No internet service,937.1,No
0330-IVZHA,Female,0,Yes,No,5,Yes,Fiber optic,No,No,No,No,330.15,Yes
3794-NFNCH,Male,0,Yes,No,30,Yes,DSL,No,No,Yes,No,1474.9,No
5193-QLVZB,Male,0,No,No,63,Yes,Fiber optic,No,Yes,Yes,No,6536.5,No
7114-AEOZE,Female,0,No,No,60,Yes,No,No internet service,No internet service,No internet service,No internet service,1128.1,No
2886-KEFUM,Female,0,Yes,No,63,Yes,Fiber optic,No,Yes,Yes,No,6873.75,Yes
5522-NYKPB,Male,0,Yes,Yes,25,Yes,Fiber optic,No,No,No,Yes,2199.05,No
4237-RLAQD,Male,0,No,No,1,Yes,DSL,No,No,No,No,45.85,Yes
9957-YODKZ,Male,1,Yes,No,6,Yes,Fiber optic,No,No,Yes,No,457.1,No
6518-KZXCB,Male,0,No,No,22,Yes,No,No internet service,No internet service,No internet service,No internet service,566.5,No
2245-ADZFJ,Female,0,Yes,Yes,31,Yes,DSL,No,Yes,No,Yes,2471.6,No
7776-QGYJC,Female,0,Yes,Yes,39,Yes,Fiber optic,No,No,Yes,Yes,3107.3,No
9313-QOLTZ,Male,0,No,No,26,Yes,No,No internet service,No internet service,No internet service,No internet service,518.3,No
9651-GTSAQ,Female,0,Yes,No,53,Yes,Fiber optic,Yes,Yes,Yes,No,5769.75,Yes
3186-BAXNB,Female,0,No,No,1,Yes,Fiber optic,No,Yes,No,Yes,91.7,Yes
4672-FOTSD,Male,0,No,No,12,Yes,DSL,Yes,Yes,No,Yes,832.3,No
0637-YLETY,Female,0,No,No,16,Yes,Fiber optic,No,Yes,Yes,No,1555.65,Yes
9818-XQCUV,Female,0,No,No,2,Yes,No,No internet service,No internet service,No internet service,No internet service,45.3,No
7338-ERIVA,Male,0,No,Yes,39,No,DSL,Yes,No,No,Yes,1790.6,No
1157-BQCUW,Male,0,No,No,1,Yes,Fiber optic,No,No,No,No,74.95,Yes
8259-NFJTV,Female,0,Yes,Yes,7,No,DSL,Yes,No,No,Yes,246.6,No
3223-DWFIO,Male,1,No,No,4,Yes,Fiber optic,No,No,No,No,261.65,No
2660-EMUBI,Male,1,No,No,10,Yes,Fiber optic,No,No,No,No,898.35,Yes
6968-GMKPR,Female,0,No,No,55,Yes,Fiber optic,No,Yes,Yes,No,4509.5,No
4751-ERMAN,Male,0,Yes,Yes,72,Yes,DSL,No,Yes,Yes,No,5480.25,No
1436-ZMJAN,Female,0,Yes,No,10,Yes,DSL,No,No,Yes,No,653.15,No
3292-PBZEJ,Male,1,No,No,11,Yes,Fiber optic,No,Yes,Yes,Yes,1183.05,No
0799-DDIHE,Female,0,Yes,Yes,15,Yes,DSL,No,No,No,No,639.45,No
3070-FNFZQ,Female,0,Yes,Yes,23,Yes,No,No internet service,No internet service,No internet service,No internet service,478.75,No
2812-SFXMJ,Male,0,No,Yes,1,Yes,No,No internet service,No internet service,No internet service,No internet service,20.05,No
7675-OZCZG,Female,1,No,No,3,Yes,DSL,No,No,No,No,127.1,Yes
5014-WUQMG,Male,0,Yes,Yes,47,Yes,Fiber optic,Yes,Yes,Yes,No,4391.45,No
5312-TSZVC,Female,0,No,Yes,15,Yes,No,No internet service,No internet service,No internet service,No internet service,270.6,No
2003-CKLOR,Male,0,No,No,66,Yes,Fiber optic,No,Yes,Yes,No,6710.5,Yes
0993-OSGPT,Female,1,Yes,No,68,Yes,DSL,No,Yes,Yes,Yes,3975.9,No
9254-RBFON,Female,0,Yes,Yes,17,Yes,Fiber optic,No,No,Yes,Yes,1704.95,Yes
1205-WNWPJ,Female,0,No,No,7,Yes,DSL,No,No,No,Yes,415.95,Yes
9391-EOYLI,Male,1,Yes,No,12,Yes,Fiber optic,No,No,No,No,950.2,Yes
7108-DGVUU,Female,1,Yes,No,21,Yes,DSL,No,Yes,Yes,No,1497.05,No
2782-JEEBU,Male,0,No,No,21,No,DSL,No,Yes,No,Yes,780.15,No
5127-BZENZ,Female,0,Yes,Yes,56,Yes,DSL,Yes,No,No,No,3512.15,No
2720-FVBQP,Female,0,Yes,Yes,6,Yes,DSL,No,No,No,No,273.25,No
9906-NHHVC,Female,1,No,No,65,No,DSL,No,Yes,Yes,No,3517.9,No
4522-XRWWI,Male,0,Yes,No,42,Yes,DSL,Yes,No,No,Yes,3375.9,No
3766-EJLFL,Female,0,Yes,Yes,68,Yes,Fiber optic,Yes,No,Yes,Yes,7508.55,No
5939-SXWHM,Male,0,Yes,Yes,48,Yes,No,No internet service,No internet service,No internet service,No internet service,1245.05,No
8152-UOBNY,Female,1,No,No,50,Yes,Fiber optic,No,Yes,No,Yes,5347.95,No
7351-KYHQH,Female,1,No,No,7,Yes,DSL,No,Yes,Yes,No,493.65,No
7643-RCHXS,Female,0,Yes,Yes,63,Yes,No,No internet service,No internet service,No internet service,No internet service,1263.85,No
8246-SHFGA,Male,0,No,No,17,Yes,No,No internet service,No internet service,No internet service,No internet service,385.55,No
8387-MOJJT,Female,0,Yes,Yes,42,Yes,Fiber optic,No,No,No,No,3384,Yes
0620-XEFWH,Male,0,Yes,Yes,4,Yes,No,No internet service,No internet service,No internet service,No internet service,84.2,No
6485-QXWWE,Female,0,No,Yes,62,Yes,No,No internet service,No internet service,No internet service,No internet service,1638.7,No
2761-OCIAX,Male,1,No,No,2,Yes,Fiber optic,No,Yes,No,No,165.4,Yes
7321-VGNKU,Female,0,Yes,No,2,Yes,Fiber optic,No,No,No,No,120.25,No
5327-CNLUQ,Male,0,Yes,No,48,Yes,Fiber optic,Yes,Yes,Yes,No,4473.45,No
7552-KEYGT,Male,0,Yes,No,27,Yes,No,No internet service,No internet service,No internet service,No internet service,520.55,No
5816-JMLGY,Female,0,Yes,Yes,70,Yes,DSL,No,Yes,Yes,Yes,5717.85,No
3068-OMWZA,Male,1,No,No,1,Yes,Fiber optic,No,No,Yes,No,88.8,Yes
2927-QRRQV,Male,0,Yes,No,46,Yes,Fiber optic,No,Yes,Yes,No,4312.5,No
6032-KRXXO,Male,0,No,No,30,Yes,Fiber optic,No,No,No,No,2755.35,Yes
7459-RRWQZ,Female,0,No,No,15,Yes,DSL,Yes,No,No,No,994.55,Yes
6265-SXWBU,Male,0,Yes,Yes,69,Yes,Fiber optic,No,Yes,Yes,No,6511.25,No
7941-RCJOW,Male,0,No,No,65,Yes,No,No internet service,No internet service,No internet service,No internet service,1218.65,No
6374-NTQLP,Male,1,Yes,Yes,72,Yes,Fiber optic,Yes,No,Yes,Yes,7447.7,No
4154-AQUGT,Male,1,Yes,No,13,Yes,Fiber optic,No,Yes,No,Yes,1169.35,Yes
2387-KDZQY,Male,0,No,No,17,Yes,No,No internet service,No internet service,No internet service,No internet service,279.5,No
3584-WKTTW,Male,0,Yes,No,51,Yes,Fiber optic,Yes,No,Yes,Yes,5720.35,No
3399-BMLVW,Male,0,Yes,Yes,51,Yes,DSL,Yes,Yes,No,Yes,3121.45,No
1971-DTCZB,Female,0,Yes,No,72,Yes,DSL,Yes,Yes,Yes,Yes,6468.6,No
3092-IGHWF,Male,0,Yes,Yes,67,Yes,Fiber optic,No,Yes,Yes,No,5918.8,Yes
3374-PZLXD,Male,0,No,No,34,Yes,No,No internet service,No internet service,No internet service,No internet service,675.6,No
3813-DHBBB,Male,0,Yes,No,67,No,DSL,Yes,Yes,No,Yes,3521.7,No
2812-REYAT,Female,0,Yes,No,49,Yes,No,No internet service,No internet service,No internet service,No internet service,923.1,No
6518-PPLMZ,Male,0,Yes,Yes,53,Yes,No,No internet service,No internet service,No internet service,No internet service,1110.35,No
4939-KYYPY,Male,0,No,No,27,Yes,DSL,No,No,Yes,Yes,1611.65,No
8017-LXHFA,Female,1,No,No,23,Yes,Fiber optic,No,Yes,No,No,2293.6,Yes
5930-GBIWP,Male,0,No,No,69,Yes,DSL,Yes,Yes,Yes,Yes,5553.25,No
6022-KOUQO,Female,0,Yes,Yes,2,No,DSL,No,No,No,Yes,44.75,No
6352-TWCAU,Female,0,No,No,35,Yes,Fiber optic,No,No,No,No,3029.1,Yes
2361-UPSND,Female,0,Yes,No,46,Yes,DSL,Yes,Yes,No,Yes,3231.05,No
6035-RIIOM,Female,0,No,No,54,Yes,Fiber optic,No,Yes,No,No,5129.45,No
2929-QNSRW,Female,0,Yes,No,56,Yes,Fiber optic,No,Yes,No,No,5508.35,Yes
1262-OPMFY,Female,0,Yes,No,9,Yes,Fiber optic,No,No,Yes,No,655.9,Yes
9504-DSHWM,Male,0,No,No,20,Yes,DSL,Yes,No,No,Yes,1191.2,No
5035-BVCXS,Male,0,No,No,11,Yes,Fiber optic,No,Yes,No,No,866.4,No
6267-DCFFZ,Female,1,Yes,No,30,Yes,Fiber optic,No,Yes,No,No,2627.2,No
3533-UVMOM,Male,0,Yes,No,68,Yes,DSL,Yes,Yes,Yes,No,4741.45,No
2439-LYPMQ,Male,1,Yes,No,38,Yes,Fiber optic,No,Yes,Yes,No,4009.2,No
4248-QPAVC,Female,1,Yes,No,17,Yes,Fiber optic,Yes,No,Yes,No,1463.45,Yes
1899-VXWXM,Male,0,No,No,48,Yes,Fiber optic,No,Yes,Yes,No,5082.8,Yes
1478-VPOAD,Female,0,No,No,1,Yes,DSL,No,No,No,No,43.8,No
9995-HOTOH,Male,0,Yes,Yes,63,No,DSL,Yes,Yes,Yes,No,3707.6,No
2988-PLAHS,Female,0,No,No,3,Yes,DSL,No,No,Yes,No,220.45,No
1371-OJCEK,Female,0,No,No,48,Yes,No,No internet service,No internet service,No internet service,No internet service,1133.7,No
4999-IEZLT,Male,0,No,No,66,No,DSL,No,No,No,Yes,1983.15,No
8883-ANODQ,Female,0,Yes,Yes,68,Yes,Fiber optic,No,Yes,Yes,No,5746.75,No
4690-LLKUA,Male,1,No,No,17,Yes,DSL,No,No,No,No,770.6,Yes
2351-RRBUE,Female,0,Yes,Yes,7,Yes,No,No internet service,No internet service,No internet service,No internet service,134.05,No
5980-BDHPY,Male,0,Yes,No,72,Yes,DSL,Yes,Yes,Yes,Yes,6230.1,No
1498-DQNRX,Female,0,Yes,No,29,Yes,No,No internet service,No internet service,No internet service,No internet service,573.05,No
9469-WEJBT,Male,0,Yes,No,37,Yes,Fiber optic,No,No,Yes,Yes,3419.3,No
3331-HQDTW,Female,0,No,No,34,Yes,Fiber optic,Yes,Yes,Yes,No,3587.25,Yes
9490-DFPMD,Female,1,No,No,42,Yes,Fiber optic,No,No,No,No,3541.35,Yes
2581-VKIRT,Female,0,Yes,Yes,59,Yes,DSL,Yes,Yes,No,Yes,3801.3,No
5442-XSDCW,Male,0,Yes,Yes,11,Yes,Fiber optic,No,No,No,No,868.5,Yes
7426-WEIJX,Male,1,Yes,Yes,60,Yes,Fiber optic,Yes,No,No,No,4859.1,No
2851-MMUTZ,Female,0,No,No,27,Yes,DSL,No,Yes,No,Yes,1439.35,No
3049-NDXFL,Female,0,No,No,1,Yes,Fiber optic,No,No,No,No,85.8,Yes
8580-AECUZ,Male,1,No,No,1,Yes,Fiber optic,No,No,No,No,79.1,Yes
3307-TLCUD,Male,0,Yes,No,17,No,DSL,Yes,No,Yes,No,592.75,No
6625-FLENO,Male,0,Yes,No,58,Yes,No,No internet service,No internet service,No internet service,No internet service,1185.95,No
2967-MXRAV,Male,0,Yes,Yes,1,Yes,No,No internet service,No internet service,No internet service,No internet service,18.8,No
7963-GQRMY,Female,0,Yes,Yes,3,Yes,DSL,No,No,No,No,134.5,Yes
8189-HBVRW,Female,0,No,No,53,Yes,Fiber optic,Yes,Yes,Yes,No,4921.2,No
4163-KIUHY,Male,0,No,No,35,Yes,No,No internet service,No internet service,No internet service,No internet service,901.25,No
1228-FZFRV,Male,0,Yes,Yes,50,Yes,Fiber optic,Yes,No,Yes,No,5341.8,Yes
3500-NSDOA,Male,0,Yes,Yes,68,Yes,DSL,No,Yes,No,Yes,4859.95,No
1171-TYKUR,Male,0,Yes,No,47,Yes,No,No internet service,No internet service,No internet service,No internet service,1139.2,No
3761-FLYZI,Female,1,Yes,No,65,Yes,Fiber optic,No,Yes,Yes,No,7082.45,No
2058-DCJBE,Male,0,No,No,5,Yes,Fiber optic,No,No,No,No,324.6,Yes
5364-XYIRR,Male,0,Yes,No,51,Yes,Fiber optic,No,No,No,No,4812.75,Yes
4829-AUOAX,Female,0,No,No,46,Yes,Fiber optic,No,No,No,No,4399.5,Yes
1219-NNDDO,Female,0,No,No,9,Yes,Fiber optic,No,No,No,No,663.55,No
8388-DMKAE,Female,0,No,No,8,Yes,No,No internet service,No internet service,No internet service,No internet service,174.65,No
4403-BWPAY,Male,0,No,No,14,Yes,No,No internet service,No internet service,No internet service,No internet service,321.7,No
9659-QEQSY,Female,0,No,No,45,Yes,Fiber optic,Yes,Yes,Yes,Yes,5125.5,No
5405-ZMYXQ,Female,0,No,No,8,Yes,Fiber optic,No,No,No,No,548.9,No
5047-LHVLY,Male,1,No,Yes,1,Yes,DSL,No,No,Yes,No,50.15,Yes
1442-OKRJE,Male,0,Yes,Yes,66,Yes,Fiber optic,Yes,Yes,Yes,No,7031.3,No
4737-AQCPU,Male,0,Yes,Yes,72,Yes,DSL,Yes,Yes,Yes,Yes,5016.65,No
9158-VCTQB,Female,0,Yes,No,41,Yes,Fiber optic,Yes,Yes,Yes,Yes,4594.95,Yes
2808-CHTDM,Female,0,Yes,Yes,23,Yes,No,No internet service,No internet service,No internet service,No internet service,611.45,No
6311-UEUME,Female,0,No,No,29,Yes,Fiber optic,No,No,No,No,2384.15,Yes
0793-TWELN,Female,0,No,No,4,Yes,Fiber optic,Yes,No,No,No,319.85,No
3283-WCWXT,Male,0,Yes,Yes,6,Yes,No,No internet service,No internet service,No internet service,No internet service,153.3,No
1060-ENTOF,Female,1,Yes,No,67,Yes,Fiber optic,Yes,Yes,Yes,Yes,7035.6,No
0999-QXNSA,Male,1,No,Yes,7,Yes,DSL,No,No,No,No,344.2,No
5451-MHQOF,Male,0,Yes,Yes,56,Yes,No,No internet service,No internet service,No internet service,No internet service,1431.65,No
4836-WNFNO,Female,0,Yes,No,72,Yes,No,No internet service,No internet service,No internet service,No internet service,1849.2,No
9225-BZLNZ,Male,0,Yes,No,72,Yes,DSL,Yes,Yes,Yes,No,6083.1,No
0354-VXMJC,Male,0,Yes,Yes,23,Yes,No,No internet service,No internet service,No internet service,No internet service,426.65,No
4422-QVIJA,Female,0,No,Yes,35,Yes,DSL,No,No,No,No,1655.35,No
9365-SRSZE,Male,1,Yes,No,27,Yes,Fiber optic,No,No,No,No,1943.9,No
6839-ITVZJ,Female,0,Yes,Yes,26,Yes,DSL,No,Yes,No,Yes,1616.15,Yes
8332-OSJDW,Male,0,Yes,Yes,12,Yes,No,No internet service,No internet service,No internet service,No internet service,314.95,No
4735-BJKOU,Female,0,No,No,40,Yes,No,No internet service,No internet service,No internet service,No internet service,804.85,No
0274-JKUJR,Male,0,Yes,Yes,7,No,DSL,Yes,Yes,Yes,No,465.7,No
5740-YHGTW,Male,0,Yes,Yes,70,Yes,Fiber optic,Yes,Yes,No,No,6669.05,No
8917-SZTTJ,Male,0,Yes,Yes,60,Yes,No,No internet service,No internet service,No internet service,No internet service,1161.75,No
1696-MZVAU,Male,0,Yes,Yes,39,No,DSL,No,No,No,No,947.75,No
7359-WWYJV,Male,0,Yes,No,72,Yes,Fiber optic,Yes,Yes,Yes,Yes,8375.05,No
0375-HVGXO,Female,0,No,No,1,No,DSL,No,No,No,No,34.7,Yes
4906-ZHGPK,Male,0,Yes,Yes,54,Yes,DSL,No,Yes,No,Yes,3770,No
8593-WHYHV,Male,0,No,No,3,Yes,Fiber optic,No,No,No,No,264.8,Yes
3795-GWTRD,Female,0,Yes,Yes,63,Yes,DSL,Yes,Yes,Yes,Yes,4707.85,No
1298-PHBTI,Male,0,Yes,Yes,71,Yes,Fiber optic,No,Yes,No,Yes,6152.4,No
6223-DHJGV,Female,0,No,No,42,Yes,No,No internet service,No internet service,No internet service,No internet service,958.1,No
6961-MJKBO,Male,0,No,No,47,Yes,No,No internet service,No internet service,No internet service,No internet service,943,No
6097-EQISJ,Female,0,Yes,Yes,66,Yes,Fiber optic,No,Yes,Yes,No,6615.15,Yes
4423-YLHDV,Female,0,Yes,No,21,Yes,Fiber optic,Yes,No,Yes,No,2200.25,Yes
8158-WPEZG,Male,0,No,No,11,No,DSL,No,Yes,No,Yes,425.1,No
0107-YHINA,Male,0,No,Yes,1,Yes,Fiber optic,No,No,Yes,No,99.75,Yes
4918-FYJNT,Female,1,Yes,No,55,Yes,Fiber optic,No,Yes,Yes,Yes,5044.8,No
0727-BNRLG,Male,0,No,No,69,Yes,Fiber optic,No,Yes,Yes,Yes,6743.55,No
4854-CIDCF,Female,1,No,No,3,Yes,Fiber optic,No,No,Yes,No,196.4,No
8640-SDGKB,Male,0,No,No,4,Yes,DSL,No,No,Yes,Yes,299.7,Yes
3280-MRDOF,Male,1,No,No,30,Yes,DSL,No,No,Yes,Yes,2093.9,No
6435-SRWBJ,Female,0,No,No,5,Yes,Fiber optic,No,No,Yes,Yes,417.75,No
9964-WBQDJ,Female,0,Yes,No,71,Yes,No,No internet service,No internet service,No internet service,No internet service,1725.4,No
6303-KFWSL,Female,0,No,No,29,Yes,DSL,No,Yes,No,No,1620.2,No
1702-CCFNJ,Male,0,Yes,No,52,Yes,DSL,No,Yes,No,Yes,3169.55,No
8932-CZHRQ,Male,0,No,No,68,Yes,DSL,Yes,Yes,Yes,No,5233.25,No
0386-CWRGM,Female,0,Yes,Yes,46,Yes,No,No internet service,No internet service,No internet service,No internet service,967.85,No
5515-RUGKN,Male,0,No,No,8,Yes,DSL,No,No,No,No,438.05,No
0404-AHASP,Male,0,Yes,No,72,Yes,No,No internet service,No internet service,No internet service,No internet service,1421.9,No
7279-NMVJC,Female,0,No,No,17,Yes,No,No internet service,No internet service,No internet service,No internet service,323.15,No
2081-VEYEH,Male,0,No,No,3,Yes,Fiber optic,No,Yes,Yes,Yes,318.6,No
6407-UTSLV,Female,1,No,No,2,Yes,Fiber optic,No,Yes,No,No,163.7,No
4116-TZAQJ,Female,0,No,No,9,Yes,Fiber optic,Yes,No,No,No,639.65,Yes
9060-HJJRW,Female,0,No,No,51,No,DSL,No,Yes,Yes,No,2928.5,No
2587-YNLES,Female,0,Yes,Yes,6,Yes,No,No internet service,No internet service,No internet service,No internet service,100.35,No
7398-SKNQZ,Female,0,Yes,No,3,Yes,Fiber optic,No,No,No,No,273.2,No
5935-FCCNB,Female,1,No,No,17,Yes,Fiber optic,No,No,No,No,1608.15,No
1958-RNRKS,Male,0,Yes,No,30,Yes,DSL,No,No,No,No,1441.95,No
5136-RGMZO,Male,0,No,No,31,Yes,DSL,No,Yes,No,Yes,2168.15,No
8345-MVDYC,Female,0,No,No,45,Yes,DSL,Yes,No,Yes,Yes,3618.7,No
8226-BXGES,Male,0,Yes,No,64,Yes,Fiber optic,Yes,Yes,Yes,No,5692.65,No
3877-JRJIP,Male,0,No,No,1,Yes,DSL,No,No,No,No,59.85,Yes
8375-DKEBR,Female,1,No,No,1,Yes,Fiber optic,No,No,No,No,69.6,Yes
9705-IOVQQ,Male,1,Yes,Yes,61,Yes,Fiber optic,No,Yes,No,No,5969.3,No
1015-OWJKI,Male,0,No,No,1,Yes,No,No internet service,No internet service,No internet service,No internet service,19.05,No
7511-YMXVQ,Male,0,No,No,9,No,DSL,No,No,No,No,418.8,Yes
2040-XBAVJ,Male,0,Yes,Yes,72,Yes,Fiber optic,Yes,Yes,Yes,Yes,8100.55,No
7551-JOHTI,Female,0,No,No,1,Yes,No,No internet service,No internet service,No internet service,No internet service,19.5,Yes
8887-IPQNC,Female,0,Yes,No,7,Yes,DSL,No,No,No,No,313.45,No
8646-JCOMS,Female,0,Yes,No,66,Yes,Fiber optic,No,Yes,Yes,Yes,6130.95,No
9804-ICWBG,Male,0,No,No,1,Yes,Fiber optic,No,No,No,No,69.9,Yes
1222-KJNZD,Male,0,Yes,Yes,40,Yes,No,No internet service,No internet service,No internet service,No internet service,745.3,No
0106-GHRQR,Male,0,No,No,16,Yes,DSL,No,Yes,Yes,No,1212.1,No
5318-IXUZF,Female,0,No,No,2,Yes,Fiber optic,No,Yes,No,No,183.75,Yes
3768-VHXQO,Male,0,Yes,No,67,Yes,No,No internet service,No internet service,No internet service,No internet service,1583.5,No
8952-WCVCD,Female,0,Yes,No,41,Yes,Fiber optic,Yes,Yes,Yes,No,4162.05,No
2418-TPEUN,Female,0,Yes,Yes,56,Yes,No,No internet service,No internet service,No internet service,No internet service,1119.9,No
3963-RYFNS,Female,0,No,No,72,Yes,Fiber optic,Yes,Yes,Yes,Yes,8013.55,No
3198-VELRD,Female,0,Yes,Yes,3,Yes,Fiber optic,No,No,No,No,264.85,Yes
8540-ZQGEA,Female,0,Yes,No,54,Yes,No,No internet service,No internet service,No internet service,No internet service,1102.4,No
1320-REHCS,Male,1,No,No,52,Yes,Fiber optic,No,Yes,Yes,Yes,5832,No
4137-JOPHL,Female,0,No,No,50,Yes,Fiber optic,No,No,Yes,Yes,4304.5,No
9436-ZBZCT,Male,0,No,No,14,Yes,Fiber optic,No,No,No,Yes,1178.4,Yes
7801-CEDNV,Male,0,Yes,No,27,Yes,DSL,Yes,No,No,No,1421.75,No
2057-BOYKM,Female,1,Yes,No,72,Yes,Fiber optic,Yes,Yes,Yes,Yes,6827.5,No
3658-QQJYD,Male,0,No,No,62,Yes,DSL,Yes,Yes,No,No,4698.05,No
1803-BGNBD,Female,0,No,No,12,Yes,DSL,No,Yes,No,Yes,654.5,No
0134-XWXCE,Female,1,No,No,44,Yes,DSL,No,No,Yes,Yes,3268.05,No
6950-TWMYB,Male,0,Yes,Yes,54,Yes,Fiber optic,No,Yes,No,Yes,4362.05,No
5848-FHRFC,Female,0,No,No,68,Yes,No,No internet service,No internet service,No internet service,No internet service,1386.9,No
2243-FNMMI,Male,0,No,No,20,Yes,No,No internet service,No internet service,No internet service,No internet service,415.4,No
2511-MORQY,Male,0,Yes,Yes,50,Yes,DSL,No,No,Yes,No,2614.1,No
5356-KZCKT,Male,0,No,No,58,Yes,No,No internet service,No internet service,No internet service,No internet service,1513.6,No
9470-XCCEM,Male,0,Yes,Yes,35,Yes,Fiber optic,No,Yes,No,No,3161.6,No
6519-CFDBX,Female,0,No,No,2,Yes,DSL,No,No,No,No,80.95,No
3902-MIVLE,Male,0,Yes,Yes,63,Yes,DSL,Yes,No,Yes,Yes,4676.7,No
0409-WTMPL,Female,0,Yes,No,58,Yes,Fiber optic,Yes,Yes,Yes,No,6526.65,No
8763-KIAFH,Female,0,Yes,Yes,27,Yes,No,No internet service,No internet service,No internet service,No internet service,583.3,No
3669-WHAFY,Female,0,Yes,No,71,Yes,Fiber optic,Yes,Yes,Yes,Yes,8078.1,No
3055-VTCGS,Female,0,No,No,63,Yes,DSL,No,No,Yes,No,3503.5,No
3144-KMTWZ,Male,0,Yes,No,71,Yes,Fiber optic,No,Yes,Yes,No,6669.45,No
7279-BUYWN,Female,1,No,No,41,Yes,Fiber optic,Yes,Yes,Yes,No,4689.5,Yes
7156-MHUGY,Male,1,No,No,13,Yes,Fiber optic,No,No,No,No,1201.15,Yes
7198-GLXTC,Male,0,No,No,2,Yes,Fiber optic,No,No,No,No,143.65,Yes
2007-QVGAW,Female,0,Yes,Yes,68,Yes,No,No internet service,No internet service,No internet service,No internet service,1292.65,No
5207-PLSTK,Male,0,Yes,Yes,1,Yes,DSL,Yes,No,No,No,48.75,No
2307-FYNNL,Male,1,No,No,65,Yes,Fiber optic,Yes,No,Yes,Yes,7108.2,No
5605-XNWEN,Male,1,Yes,No,72,Yes,No,No internet service,No internet service,No internet service,No internet service,1802.55,No
2155-AMQRX,Female,0,No,No,28,Yes,DSL,No,No,No,Yes,1505.15,No
6181-AXXYF,Male,0,Yes,Yes,72,Yes,No,No internet service,No internet service,No internet service,No internet service,1859.1,No
5091-HFAZW,Female,0,No,No,2,Yes,Fiber optic,Yes,Yes,No,No,168.5,No
0516-VRYBW,Female,0,No,Yes,18,Yes,No,No internet service,No internet service,No internet service,No internet service,390.85,Yes
2519-LBNQL,Male,1,Yes,No,60,Yes,Fiber optic,No,Yes,Yes,No,6339.45,No
8623-ULFNQ,Female,1,No,No,26,Yes,DSL,No,No,No,Yes,1652.4,No
8380-PEFPE,Male,0,No,Yes,1,Yes,Fiber optic,No,No,No,No,71.65,Yes
5687-DKDTV,Female,0,No,No,4,Yes,No,No internet service,No internet service,No internet service,No internet service,77.5,Yes
1568-LJSZU,Male,0,Yes,Yes,68,Yes,DSL,Yes,Yes,Yes,Yes,6392.85,No
7530-HDYDS,Female,0,No,No,38,Yes,Fiber optic,No,Yes,Yes,Yes,3264.5,Yes
7789-HKSBS,Female,1,Yes,No,42,Yes,Fiber optic,Yes,No,Yes,No,4599.15,No
7416-CKTEP,Female,0,Yes,No,57,Yes,No,No internet service,No internet service,No internet service,No internet service,1134.25,No
2586-CWXVV,Male,0,Yes,No,54,No,DSL,No,Yes,No,No,1621.35,No
3096-IZETN,Female,0,No,No,12,Yes,Fiber optic,No,No,No,No,947.3,Yes
2348-KCJLT,Female,0,Yes,No,44,Yes,DSL,Yes,Yes,Yes,No,2722.2,No
8401-EMUWF,Male,0,Yes,Yes,42,Yes,DSL,Yes,Yes,No,No,3058.3,No
4193-IBKSW,Male,0,Yes,Yes,72,Yes,No,No internet service,No internet service,No internet service,No internet service,1769.6,No
5377-NDTOU,Female,0,Yes,Yes,71,Yes,DSL,Yes,Yes,Yes,Yes,6293.75,No
5922-ABDVO,Female,0,Yes,No,19,Yes,Fiber optic,No,No,Yes,No,1761.05,Yes
2474-LCNUE,Female,0,Yes,No,23,Yes,DSL,No,No,No,Yes,1642.75,No
0839-QNXME,Female,0,No,No,30,Yes,No,No internet service,No internet service,No internet service,No internet service,578.5,No
3506-OVLKD,Male,0,No,No,35,Yes,No,No internet service,No internet service,No internet service,No internet service,954.9,No
9172-ANCRX,Female,0,No,No,10,Yes,Fiber optic,Yes,No,No,No,973.25,Yes
6650-VJONK,Male,0,No,No,1,Yes,DSL,No,No,No,No,43.85,No
2178-PMGCJ,Male,0,No,No,22,Yes,Fiber optic,No,No,No,No,1490.4,No
7492-TAFJD,Male,0,Yes,Yes,7,No,DSL,Yes,Yes,Yes,No,280,No
2773-MADBQ,Female,0,No,No,36,No,DSL,Yes,Yes,Yes,Yes,1901.25,No
6016-LVTJQ,Female,0,Yes,Yes,34,Yes,No,No internet service,No internet service,No internet service,No internet service,716.4,No
7860-KSUGX,Male,0,Yes,Yes,72,Yes,DSL,Yes,Yes,Yes,No,4720,No
8966-KZXXA,Male,0,Yes,Yes,36,Yes,No,No internet service,No internet service,No internet service,No internet service,930.95,No
6910-HADCM,Female,0,No,No,1,Yes,Fiber optic,No,No,Yes,No,76.35,Yes
4816-LXZYW,Female,0,No,No,23,Yes,Fiber optic,No,Yes,No,No,1676.95,Yes
9606-PBKBQ,Male,1,Yes,No,32,Yes,Fiber optic,No,No,No,No,2642.05,Yes
5149-QYTTU,Female,0,Yes,Yes,71,Yes,Fiber optic,Yes,Yes,Yes,Yes,6770.85,No
2070-XYMFH,Female,1,No,No,23,Yes,Fiber optic,No,No,Yes,No,1835.3,No
2085-BOJKI,Male,0,Yes,No,17,Yes,Fiber optic,No,No,Yes,No,1588.25,No
0817-HSUSE,Male,0,No,No,1,Yes,DSL,No,No,Yes,Yes,75.5,No
5442-PPTJY,Male,0,Yes,Yes,12,Yes,No,No internet service,No internet service,No internet service,No internet service,258.35,No
1927-QEWMY,Female,0,Yes,No,72,Yes,No,No internet service,No internet service,No internet service,No internet service,1502.25,No
1663-MHLHE,Male,0,No,No,1,Yes,No,No internet service,No internet service,No internet service,No internet service,19.2,No
5663-QBGIS,Male,1,Yes,No,72,Yes,Fiber optic,No,Yes,No,No,6929.4,No
4450-MDZFX,Male,0,Yes,Yes,60,Yes,Fiber optic,No,No,No,No,4453.3,No
6701-DHKWQ,Female,0,Yes,Yes,61,No,DSL,No,Yes,Yes,Yes,3244.4,No
7554-AKDQF,Female,0,Yes,No,6,Yes,DSL,No,No,No,No,323.45,No
3536-IQCTX,Male,1,Yes,No,32,Yes,Fiber optic,No,No,No,No,2661.1,Yes
4911-BANWH,Female,0,No,Yes,31,Yes,Fiber optic,No,No,No,No,2697.4,Yes
8496-EJAUI,Male,0,No,No,19,Yes,Fiber optic,No,Yes,No,No,1424.5,Yes
0794-YVSGE,Male,0,Yes,Yes,72,Yes,No,No internet service,No internet service,No internet service,No internet service,1401.15,No
5423-BHIXO,Female,0,No,No,32,Yes,DSL,No,Yes,No,No,1739.6,No
6908-VVYHM,Male,0,Yes,No,65,Yes,Fiber optic,No,Yes,No,No,5931,No
2959-EEXWB,Female,0,Yes,Yes,45,No,DSL,Yes,No,No,No,2333.85,No
1839-UMACK,Male,0,No,No,42,Yes,No,No internet service,No internet service,No internet service,No internet service,949.85,No
3030-YDNRM,Male,0,No,No,8,Yes,Fiber optic,No,No,No,No,572.45,No
7321-KKSDU,Male,0,No,Yes,32,Yes,No,No internet service,No internet service,No internet service,No internet service,696.8,No
3402-XRIUO,Female,1,Yes,No,22,Yes,DSL,Yes,Yes,No,Yes,1381.8,No
3132-TVFDZ,Male,1,Yes,No,57,No,DSL,No,No,No,No,2572.95,Yes
8286-AFUYI,Male,0,No,No,1,Yes,DSL,Yes,No,No,No,47.95,No
8080-DDEMJ,Male,1,No,No,1,Yes,DSL,No,No,No,No,45.1,Yes
8356-WUAOJ,Female,0,Yes,No,1,Yes,DSL,No,No,No,No,45,No
6365-MTGZX,Male,0,No,No,24,Yes,Fiber optic,No,No,No,Yes,2122.45,Yes
1349-WXNGG,Male,0,No,No,1,Yes,No,No internet service,No internet service,No internet service,No internet service,20.05,Yes
8058-DMYRU,Male,1,No,No,54,Yes,Fiber optic,No,Yes,No,No,4931.8,No
9350-ZXYJC,Female,0,No,No,4,Yes,No,No internet service,No internet service,No internet service,No internet service,116.95,No
6990-YNRIO,Male,0,Yes,Yes,65,Yes,Fiber optic,Yes,No,Yes,Yes,6937.95,Yes
8958-JPTRR,Female,0,Yes,No,56,Yes,No,No internet service,No internet service,No internet service,No internet service,1261.7,No
6959-GQEGV,Male,0,No,No,45,Yes,DSL,Yes,No,Yes,No,3273.8,No
3173-WSSUE,Female,0,Yes,Yes,71,Yes,No,No internet service,No internet service,No internet service,No internet service,1415.85,No
1265-HVPZB,Male,0,Yes,No,59,Yes,DSL,Yes,Yes,Yes,No,3958.2,No
4115-UMJFQ,Male,0,No,No,69,No,DSL,No,Yes,Yes,No,2492.25,No
7369-TRPFD,Male,0,No,No,19,Yes,No,No internet service,No internet service,No internet service,No internet service,279.2,No
1098-KFQEC,Female,0,Yes,Yes,55,Yes,No,No internet service,No internet service,No internet service,No internet service,1083,No
7190-XHTWJ,Female,0,No,No,38,Yes,No,No internet service,No internet service,No internet service,No internet service,755.5,No
0621-TWIEM,Male,0,No,No,10,Yes,DSL,No,No,No,No,402.6,Yes
3537-RYBHH,Female,1,Yes,No,47,Yes,DSL,Yes,Yes,Yes,No,3252,No
2485-ITVKB,Female,0,Yes,No,2,No,DSL,No,No,No,No,68.75,Yes
3669-OYSJI,Male,0,No,No,1,Yes,DSL,No,No,No,No,46.2,Yes
1612-EOHDH,Female,0,No,No,1,Yes,DSL,No,No,No,No,45.15,Yes
6702-OHFWR,Male,1,No,No,1,No,DSL,No,Yes,Yes,No,43.3,Yes
5296-BFCYD,Male,0,Yes,Yes,46,Yes,No,No internet service,No internet service,No internet service,No internet service,936.85,No
4510-PYUSH,Female,1,No,No,38,Yes,DSL,Yes,Yes,No,No,2250.65,Yes
9359-JANWS,Female,0,Yes,No,65,Yes,DSL,Yes,No,Yes,Yes,3857.1,No
7517-SAWMO,Female,0,Yes,No,19,Yes,Fiber optic,Yes,No,No,No,1441.1,Yes
4143-HHPMK,Male,0,No,No,52,Yes,Fiber optic,No,Yes,No,No,4338.6,Yes
3279-DYZQM,Male,0,Yes,Yes,71,Yes,No,No internet service,No internet service,No internet service,No internet service,1378.45,No
7054-LGEQW,Female,0,No,No,1,Yes,DSL,No,No,No,No,45.95,Yes
0523-VNGTF,Female,1,No,No,52,No,DSL,No,Yes,Yes,Yes,2566.3,No
9575-IWCAZ,Male,0,Yes,No,6,Yes,No,No internet service,No internet service,No internet service,No internet service,171,No
7105-MXJLL,Female,1,Yes,No,26,Yes,DSL,No,No,Yes,No,1597.4,No
7064-FRRSW,Male,1,No,No,48,Yes,Fiber optic,No,Yes,No,No,4744.35,No
7940-UQQUG,Female,0,Yes,Yes,64,Yes,Fiber optic,Yes,No,No,Yes,6721.6,No
0923-PNFUB,Female,0,No,No,3,Yes,Fiber optic,No,Yes,No,No,247.25,Yes
3961-SXAXY,Male,0,No,No,1,Yes,DSL,No,No,No,No,44.05,No
7010-BRBUU,Male,0,Yes,Yes,72,Yes,No,No internet service,No internet service,No internet service,No internet service,1734.65,No
3566-HJGPK,Male,0,No,No,1,Yes,DSL,No,No,No,No,45.55,No
3062-ICYZQ,Female,0,Yes,Yes,51,Yes,Fiber optic,Yes,Yes,No,No,4539.35,No
9938-PRCVK,Female,0,Yes,Yes,41,Yes,No,No internet service,No internet service,No internet service,No internet service,804.25,No
0973-KYVNF,Female,0,Yes,Yes,72,Yes,DSL,Yes,Yes,Yes,No,5011.15,No
5129-HHMZC,Female,0,Yes,No,43,Yes,DSL,Yes,Yes,No,Yes,3574.5,No
9637-CDTKZ,Male,0,Yes,No,72,Yes,Fiber optic,Yes,Yes,Yes,Yes,8086.4,No
3946-JEWRQ,Male,0,Yes,No,47,Yes,Fiber optic,No,No,No,No,4563,No
7873-CVMAW,Male,0,No,No,72,Yes,DSL,Yes,Yes,Yes,Yes,6362.35,No
0463-WZZKO,Male,0,No,No,3,Yes,No,No internet service,No internet service,No internet service,No internet service,67.1,No
3494-JCHRQ,Male,0,No,No,1,Yes,Fiber optic,No,No,No,No,70.05,Yes
6474-FVJLC,Male,0,No,No,2,Yes,Fiber optic,No,No,No,No,165.45,Yes
4524-QCSSM,Male,0,No,No,26,No,DSL,Yes,Yes,No,No,1156.55,No
5832-EXGTT,Male,0,Yes,Yes,29,Yes,DSL,Yes,No,No,No,1834.15,No
8840-DQLGN,Female,1,Yes,No,35,Yes,Fiber optic,Yes,Yes,No,Yes,3653.35,Yes
2039-JONDJ,Male,0,No,No,27,Yes,DSL,Yes,Yes,No,No,1477.65,No
7217-JYHOQ,Male,0,Yes,Yes,24,Yes,DSL,Yes,Yes,No,Yes,1706.45,No
6695-FRVEC,Male,0,Yes,Yes,67,Yes,DSL,Yes,No,Yes,Yes,3953.7,No
4547-LYTDD,Female,0,No,No,16,Yes,Fiber optic,No,No,No,No,1194.3,Yes
9894-QMIMJ,Female,0,No,No,23,Yes,DSL,No,Yes,Yes,No,1327.85,No
8069-YQQAJ,Male,0,No,No,14,No,DSL,No,Yes,No,No,419.7,No
6770-XUAGN,Female,0,Yes,Yes,1,Yes,No,No internet service,No internet service,No internet service,No internet service,21,Yes
4193-ORFCL,Female,1,No,No,1,Yes,DSL,No,No,No,No,45.1,Yes
1636-NTNCO,Male,1,No,No,4,No,DSL,No,Yes,No,No,207.35,No
3466-WAESX,Male,0,No,Yes,16,Yes,DSL,Yes,Yes,No,No,1083.7,No
9281-PKKZE,Female,0,Yes,No,46,No,DSL,No,No,No,No,2007.85,No
3638-VBZTA,Male,0,No,Yes,68,Yes,DSL,Yes,Yes,No,Yes,5882.75,No
7459-IMVYU,Male,0,No,No,38,Yes,DSL,Yes,Yes,Yes,Yes,2657.55,No
7776-QWNFX,Male,1,Yes,No,30,Yes,DSL,No,Yes,No,No,1527.5,Yes
6689-TCZHQ,Female,1,No,No,5,Yes,Fiber optic,No,No,No,No,378.4,Yes
8563-OYMQY,Male,0,No,No,17,Yes,Fiber optic,No,Yes,Yes,No,1612.2,No
0754-EEBDC,Male,0,Yes,Yes,4,Yes,No,No internet service,No internet service,No internet service,No internet service,76.65,No
5777-ZPQNC,Female,0,No,No,12,Yes,No,No internet service,No internet service,No internet service,No internet service,260.7,No
1951-IEYXM,Male,0,Yes,Yes,72,Yes,DSL,Yes,Yes,Yes,Yes,6441.85,No
3318-NMQXL,Male,0,No,No,3,Yes,Fiber optic,No,No,No,No,266.8,No
3143-ILDAL,Male,0,No,No,56,Yes,Fiber optic,No,Yes,No,Yes,5124.6,Yes
1022-RKXDR,Female,0,No,No,41,Yes,No,No internet service,No internet service,No internet service,No internet service,962.25,No
2361-FJWNO,Male,0,No,No,40,No,DSL,No,Yes,No,Yes,1382.9,No
2272-UOINI,Female,0,No,No,7,Yes,DSL,Yes,Yes,No,Yes,571.05,No
8232-UTFOZ,Male,0,No,No,69,Yes,No,No internet service,No internet service,No internet service,No internet service,1399.35,No
3750-YHRYO,Male,0,Yes,Yes,7,Yes,No,No internet service,No internet service,No internet service,No internet service,150,No
6637-KYRCV,Female,0,Yes,Yes,5,No,DSL,No,Yes,No,No,167.2,No
5668-MEISB,Female,0,Yes,Yes,72,Yes,Fiber optic,Yes,Yes,Yes,Yes,7657.4,No
0129-QMPDR,Male,0,Yes,Yes,44,Yes,No,No internet service,No internet service,No internet service,No internet service,865.05,No
7188-CBBBA,Female,0,No,No,65,Yes,Fiber optic,No,Yes,Yes,No,6153.85,No
5356-CSVSQ,Female,0,No,No,3,Yes,DSL,No,No,No,Yes,174.2,No
3221-CJMSG,Male,0,No,No,24,Yes,DSL,No,No,No,Yes,1269.6,No
4720-VSTSI,Female,0,No,No,44,Yes,Fiber optic,No,Yes,Yes,No,3862.55,Yes
3219-JQRSL,Female,1,Yes,No,72,Yes,DSL,Yes,Yes,Yes,Yes,6352.4,No
2801-NISEI,Male,0,No,No,24,Yes,DSL,Yes,No,No,Yes,1348.5,No
3946-MHCZW,Male,0,No,No,1,Yes,DSL,No,No,Yes,No,50.9,Yes
4623-ZKHLY,Male,0,Yes,No,22,Yes,No,No internet service,No internet service,No internet service,No internet service,471.55,No
6732-VAILE,Male,0,Yes,Yes,70,Yes,DSL,No,Yes,Yes,Yes,5931.75,No
8201-AAXCB,Male,0,Yes,Yes,25,Yes,DSL,No,No,No,No,1404.65,No
7696-CFTAT,Male,0,Yes,Yes,37,Yes,No,No internet service,No internet service,No internet service,No internet service,726.1,No
1845-CSBRZ,Female,1,Yes,Yes,22,Yes,Fiber optic,No,No,No,No,1961.6,No
2123-VSCOT,Female,0,Yes,Yes,59,Yes,DSL,No,No,Yes,Yes,4194.85,No
6651-AZVTJ,Male,0,Yes,Yes,49,Yes,Fiber optic,No,No,Yes,No,4872.45,Yes
4566-GOLUK,Male,0,Yes,Yes,47,Yes,Fiber optic,No,No,Yes,Yes,5118.95,Yes
2484-DGXPZ,Female,0,Yes,Yes,31,Yes,No,No internet service,No internet service,No internet service,No internet service,658.95,Yes
2018-QKYGT,Male,0,Yes,Yes,1,Yes,Fiber optic,No,No,No,No,81.05,No
2792-VPPET,Male,0,No,No,3,Yes,No,No internet service,No internet service,No internet service,No internet service,76.95,No
7409-JURKQ,Female,0,Yes,No,53,Yes,Fiber optic,No,Yes,Yes,Yes,5809.75,No
3247-MHJKM,Male,0,No,No,1,Yes,No,No internet service,No internet service,No internet service,No internet service,20.2,No
1964-SVLEA,Male,0,No,No,20,Yes,No,No internet service,No internet service,No internet service,No internet service,415.9,No
4587-NUKOX,Female,0,No,No,3,Yes,Fiber optic,Yes,Yes,No,No,246.5,Yes
7297-DVYGA,Female,0,No,No,51,Yes,No,No internet service,No internet service,No internet service,No internet service,996.95,No
2239-CGBUZ,Female,0,Yes,No,51,Yes,DSL,Yes,Yes,No,Yes,3145.15,No
0854-UYHZD,Female,0,Yes,Yes,13,Yes,No,No internet service,No internet service,No internet service,No internet service,265.3,No
7243-LCGGZ,Female,0,No,No,1,Yes,No,No internet service,No internet service,No internet service,No internet service,20.9,No
8267-KFGYD,Male,0,No,Yes,1,Yes,No,No internet service,No internet service,No internet service,No internet service,21.05,No
4890-VMUAV,Male,0,No,No,63,Yes,DSL,Yes,Yes,Yes,Yes,4576.3,No
9261-WDCAF,Male,0,No,No,3,Yes,DSL,No,No,No,No,189.1,No
3764-MNMOI,Male,0,No,No,46,Yes,No,No internet service,No internet service,No internet service,No internet service,908.15,No
7442-YGZFK,Male,0,No,No,1,Yes,DSL,No,No,No,No,49.8,No
0420-BWTPW,Male,0,No,Yes,8,No,DSL,No,No,No,No,215.2,Yes
8229-BUJHX,Female,0,Yes,Yes,71,Yes,No,No internet service,No internet service,No internet service,No internet service,1500.95,No
7449-HVPIV,Male,0,Yes,Yes,55,Yes,Fiber optic,No,No,Yes,No,5099.15,No
5504-WSIUR,Female,0,No,No,70,Yes,Fiber optic,No,Yes,Yes,Yes,6385.95,No
8183-ONMXC,Female,0,No,No,2,Yes,Fiber optic,No,No,No,No,159.45,Yes
8466-PZBLH,Male,0,Yes,Yes,67,Yes,Fiber optic,Yes,No,No,Yes,6885.75,No
9614-RMGHA,Male,0,Yes,No,65,Yes,Fiber optic,No,Yes,No,No,5940.85,Yes
8735-IJJEG,Male,0,Yes,No,14,Yes,DSL,No,No,Yes,No,668.85,No
0564-MUUQK,Female,0,Yes,Yes,20,Yes,Fiber optic,No,No,Yes,Yes,1916.2,No
5054-IEXZT,Male,0,No,Yes,1,Yes,Fiber optic,No,Yes,No,No,75.35,Yes
5834-ASPWA,Male,0,No,No,1,Yes,Fiber optic,No,No,No,No,75.45,Yes
0701-RFGFI,Female,0,Yes,Yes,49,Yes,Fiber optic,No,No,No,No,4613.95,No
0019-EFAEP,Female,0,No,No,72,Yes,Fiber optic,Yes,Yes,Yes,No,7261.25,No
5619-PTMIK,Female,0,Yes,No,46,Yes,DSL,Yes,No,No,No,2459.8,No
3737-XBQDD,Male,0,No,No,24,Yes,Fiber optic,No,Yes,Yes,No,2048.8,No
5882-CMAZQ,Female,0,Yes,Yes,5,No,DSL,No,Yes,No,Yes,163.55,No
5846-QFDFI,Female,0,Yes,Yes,33,Yes,Fiber optic,No,Yes,Yes,Yes,2888.7,No
4445-KWOKW,Female,0,No,No,42,Yes,DSL,Yes,Yes,No,No,2421.6,No
3511-APPBJ,Male,0,No,No,23,Yes,Fiber optic,Yes,No,Yes,No,2292.75,No
7967-HYCDE,Male,0,No,No,8,Yes,Fiber optic,No,No,No,No,553.4,No
2430-RRYUW,Male,0,No,No,66,Yes,DSL,Yes,Yes,No,No,3465.7,No
3948-XHGNA,Male,0,No,No,24,Yes,DSL,Yes,No,No,No,1210.4,Yes
3723-BFBGR,Male,1,No,No,24,Yes,DSL,No,Yes,No,No,1291.3,No
0565-IYCGT,Male,0,No,No,69,Yes,DSL,Yes,Yes,Yes,Yes,5356.45,Yes
5447-WZAFP,Female,0,No,No,53,Yes,Fiber optic,No,Yes,Yes,No,5200.8,No
5110-CHOPY,Female,0,No,No,60,No,DSL,Yes,No,Yes,No,3237.05,No
5445-UTODQ,Female,0,Yes,No,7,Yes,Fiber optic,No,No,No,No,576.65,Yes
4425-OWHWB,Female,0,No,No,20,Yes,No,No internet service,No internet service,No internet service,No internet service,433.75,No
7892-QVYKW,Female,0,Yes,Yes,23,Yes,Fiber optic,No,No,No,No,1868.4,No
9675-ICXCT,Male,0,Yes,Yes,72,Yes,DSL,Yes,No,Yes,Yes,5728.55,No
1024-VRZHF,Male,0,Yes,No,11,Yes,Fiber optic,No,No,No,No,825.7,Yes
4703-MQYKT,Male,0,No,No,21,Yes,No,No internet service,No internet service,No internet service,No internet service,390.4,No
9497-QCMMS,Male,1,No,No,1,Yes,Fiber optic,No,No,No,No,93.55,Yes
5692-ICXLW,Male,1,No,No,31,Yes,Fiber optic,No,Yes,No,No,2845.15,No
0602-DDUML,Female,0,No,No,57,Yes,DSL,No,Yes,Yes,Yes,3894.4,No
2208-MPXIO,Female,0,Yes,Yes,45,Yes,No,No internet service,No internet service,No internet service,No internet service,886.4,No
1960-UYCNN,Male,0,No,No,10,Yes,Fiber optic,No,Yes,Yes,No,1021.55,No
0348-SDKOL,Female,0,Yes,No,58,Yes,Fiber optic,No,No,Yes,Yes,5885.4,Yes
3190-FZATL,Male,0,No,Yes,14,Yes,No,No internet service,No internet service,No internet service,No internet service,268.4,No
7336-RLLRH,Male,0,Yes,No,27,Yes,DSL,Yes,No,No,Yes,2204.35,No
4373-MAVJG,Female,0,Yes,Yes,14,Yes,Fiber optic,No,Yes,No,No,1259,Yes
8901-HJXTF,Female,0,Yes,Yes,12,No,DSL,No,Yes,No,No,309.1,Yes
7710-JSYOA,Female,0,Yes,Yes,69,Yes,Fiber optic,No,Yes,No,Yes,6398.05,No
5419-KLXBN,Female,0,Yes,Yes,25,Yes,Fiber optic,No,Yes,Yes,No,2257.75,Yes
3424-NMNBO,Male,1,Yes,No,58,Yes,Fiber optic,Yes,Yes,Yes,No,6287.25,Yes
9885-MFVSU,Female,0,Yes,Yes,35,No,DSL,Yes,No,No,Yes,1662.05,No
4514-GFCFI,Female,1,No,No,16,Yes,Fiber optic,No,No,No,No,1350.15,Yes
0607-MVMGC,Male,0,Yes,Yes,45,Yes,DSL,No,Yes,Yes,No,3600.65,No
3365-SAIGS,Female,0,No,No,17,Yes,Fiber optic,No,Yes,No,No,1329.15,No
9828-AOQLM,Female,0,Yes,Yes,1,Yes,DSL,No,No,No,No,45.7,Yes
8022-BECSI,Male,0,No,No,22,Yes,No,No internet service,No internet service,No internet service,No internet service,422.5,No
8000-REIQB,Female,1,No,No,1,Yes,Fiber optic,No,No,No,No,69.95,Yes
9993-LHIEB,Male,0,Yes,Yes,67,Yes,DSL,Yes,No,Yes,Yes,4627.65,No
0266-CLZKZ,Female,0,Yes,Yes,67,Yes,Fiber optic,No,No,Yes,Yes,6717.9,No
7615-ESMYF,Female,0,Yes,No,2,No,DSL,No,No,No,No,97.1,Yes
3858-VOBET,Male,0,No,No,23,Yes,Fiber optic,No,No,No,No,1710.45,Yes
7020-OZKXZ,Female,1,No,No,9,Yes,Fiber optic,No,No,Yes,No,637.4,No
3977-QCRSL,Female,0,No,No,5,Yes,No,No internet service,No internet service,No internet service,No internet service,117.95,No
0017-DINOC,Male,0,No,No,54,No,DSL,Yes,No,No,Yes,2460.55,No
1447-PJGGA,Female,0,No,No,57,Yes,Fiber optic,No,No,Yes,No,5464.65,Yes
8565-CLBZW,Male,0,No,No,24,Yes,Fiber optic,No,No,Yes,No,2165.05,Yes
9139-WQQDY,Female,0,Yes,Yes,49,Yes,Fiber optic,No,Yes,No,No,4941.8,Yes
0224-HJAPT,Male,0,No,No,5,Yes,DSL,No,No,No,No,223.15,Yes
8086-OVPWV,Male,0,No,No,2,Yes,Fiber optic,No,No,No,No,181.1,Yes
9430-FRQOC,Female,0,No,Yes,4,Yes,Fiber optic,No,No,Yes,Yes,341.45,Yes
7639-OPLNG,Male,0,Yes,Yes,70,Yes,DSL,Yes,Yes,Yes,Yes,5731.85,No
3074-GQWYX,Male,0,No,No,5,Yes,Fiber optic,No,No,No,No,357.75,Yes
1492-QGCLU,Male,0,Yes,Yes,53,Yes,DSL,Yes,No,Yes,Yes,4616.1,No
6845-RGTYS,Female,0,Yes,No,47,Yes,Fiber optic,Yes,Yes,Yes,No,4533.7,Yes
7328-OWMOM,Female,0,No,Yes,31,Yes,No,No internet service,No internet service,No internet service,No internet service,589.25,No
4418-LZMSV,Male,0,Yes,Yes,13,Yes,DSL,No,Yes,Yes,Yes,750.1,No
5155-AZQPB,Female,0,Yes,Yes,28,Yes,DSL,No,No,No,No,1410.25,No
8861-HGGKB,Female,0,No,No,10,Yes,Fiber optic,No,No,No,No,830.85,Yes
1087-GRUYI,Male,0,Yes,No,38,Yes,No,No internet service,No internet service,No internet service,No internet service,743.5,No
7065-YUNRY,Female,0,No,No,1,Yes,DSL,No,No,No,No,45.3,Yes
7694-VLBWQ,Male,0,Yes,No,67,Yes,Fiber optic,No,Yes,Yes,No,7040.85,Yes
2546-KZAAT,Male,0,Yes,No,52,Yes,DSL,Yes,Yes,No,No,3865.45,No
0181-RITDD,Male,0,Yes,Yes,62,Yes,Fiber optic,Yes,Yes,Yes,Yes,6825.65,No
5989-PGKJB,Female,0,No,No,16,Yes,Fiber optic,No,Yes,No,No,1340.1,No
4795-KTRTH,Female,1,Yes,No,5,Yes,Fiber optic,No,Yes,No,No,371.65,Yes
8272-ONJLV,Male,0,No,No,12,Yes,Fiber optic,No,No,Yes,No,1184,No
1488-PBLJN,Female,0,Yes,Yes,72,Yes,Fiber optic,Yes,Yes,Yes,Yes,8477.7,No
0308-GIQJT,Male,1,No,No,71,Yes,Fiber optic,No,Yes,No,Yes,7382.85,No
3778-FOAQW,Female,0,Yes,No,24,Yes,No,No internet service,No internet service,No internet service,No internet service,456.85,No
4452-ROHMO,Female,0,No,No,15,Yes,No,No internet service,No internet service,No internet service,No internet service,331.6,No
6481-OGDOO,Male,0,Yes,No,67,Yes,Fiber optic,Yes,Yes,No,No,6056.15,Yes
3090-LETTY,Male,0,No,Yes,2,Yes,DSL,Yes,Yes,No,No,134.6,No
5349-AZPEW,Female,0,Yes,Yes,5,No,DSL,No,No,No,No,125.5,No
3753-TSEMP,Female,0,Yes,No,15,Yes,Fiber optic,No,No,No,No,1390.6,Yes
8305-VHZBZ,Male,0,No,No,1,Yes,No,No internet service,No internet service,No internet service,No internet service,20.2,Yes
9720-JJJOR,Male,0,Yes,Yes,41,Yes,DSL,Yes,Yes,Yes,No,2511.3,No
8100-HZZLJ,Female,0,No,Yes,43,Yes,DSL,Yes,Yes,No,No,2737.05,No
8775-ERLNB,Male,1,Yes,No,1,Yes,Fiber optic,No,No,No,No,74.3,No
8309-IEYJD,Female,1,No,No,1,Yes,Fiber optic,No,No,No,No,70.6,No
9172-JITSM,Female,0,Yes,Yes,26,Yes,Fiber optic,No,No,No,No,2361.8,Yes
6298-QDFNH,Male,0,No,No,22,Yes,Fiber optic,No,Yes,No,No,1730.35,Yes
7398-HPYZQ,Male,0,Yes,No,71,Yes,DSL,Yes,Yes,Yes,Yes,6404,No
3546-GHEAE,Male,0,No,No,7,Yes,No,No internet service,No internet service,No internet service,No internet service,165.35,No
7361-YPXFS,Female,1,No,No,28,Yes,DSL,No,Yes,Yes,Yes,1867.6,No
6557-BZXLQ,Male,1,No,No,16,Yes,Fiber optic,No,No,No,No,1043.3,No
2550-QHZGP,Male,0,No,No,7,Yes,No,No internet service,No internet service,No internet service,No internet service,128.6,No
7519-JTWQH,Female,0,No,No,69,Yes,Fiber optic,No,Yes,Yes,Yes,7455.45,No
2538-OIMXF,Female,0,No,Yes,1,No,DSL,No,No,No,No,24.7,No
8543-MSDMF,Male,0,No,No,3,Yes,DSL,Yes,No,Yes,No,206.15,No
9961-JBNMK,Male,1,No,No,21,Yes,Fiber optic,No,No,Yes,No,2030.3,Yes
1170-SASML,Female,0,Yes,No,69,Yes,Fiber optic,No,Yes,Yes,No,5869.4,No
4872-JCVCA,Female,0,Yes,No,71,No,DSL,Yes,Yes,Yes,Yes,3377.8,No
5346-BZCHP,Female,0,Yes,Yes,69,Yes,No,No internet service,No internet service,No internet service,No internet service,1346.2,No
2038-LLMLM,Female,0,No,No,48,Yes,Fiber optic,No,No,Yes,Yes,4946.05,No
6173-ITPWD,Male,0,Yes,No,47,Yes,Fiber optic,No,Yes,Yes,No,4065,Yes
9734-UYXQI,Female,0,No,No,2,Yes,DSL,No,No,No,No,106.55,Yes
1216-BGTSP,Male,0,No,No,45,Yes,Fiber optic,Yes,No,Yes,Yes,4964.7,No
4138-NAXED,Male,0,No,No,51,Yes,Fiber optic,No,Yes,No,No,4085.75,No
2189-UXTKY,Female,0,Yes,No,22,Yes,DSL,Yes,No,No,Yes,1742.75,Yes
0744-BIKKF,Male,0,No,No,72,Yes,DSL,Yes,Yes,Yes,Yes,6224.8,No
7483-IQWIB,Male,0,Yes,Yes,37,Yes,Fiber optic,No,Yes,Yes,No,3415.25,No
5248-KWLAR,Male,0,Yes,Yes,71,Yes,DSL,Yes,Yes,Yes,Yes,6325.25,No
4958-GZWIY,Male,0,Yes,Yes,7,Yes,DSL,No,No,Yes,No,340.25,Yes
7996-MHXLW,Female,0,No,No,66,Yes,No,No internet service,No internet service,No internet service,No internet service,1683.6,No
7833-PKIHD,Male,0,Yes,Yes,51,Yes,DSL,Yes,No,No,Yes,3966.3,No
7061-OVMIM,Female,0,Yes,Yes,30,Yes,No,No internet service,No internet service,No internet service,No internet service,608.5,No
5153-RTHKF,Female,0,No,No,34,Yes,Fiber optic,No,No,No,No,2896.6,No
1852-QSWCD,Male,0,Yes,Yes,64,Yes,No,No internet service,No internet service,No internet service,No internet service,1514.85,No
4832-VRBMR,Male,1,Yes,No,65,Yes,Fiber optic,No,Yes,Yes,No,6792.45,No
9079-LWTFD,Male,0,No,No,47,Yes,Fiber optic,Yes,Yes,No,Yes,4669.2,No
6356-ELRKD,Female,0,No,No,1,Yes,Fiber optic,Yes,No,No,No,95.6,Yes
8624-GIOUT,Female,0,No,No,49,Yes,DSL,Yes,Yes,No,No,2934.3,Yes
3392-EHMNK,Female,0,Yes,Yes,67,Yes,Fiber optic,No,Yes,No,Yes,6302.8,No
5986-WWXDV,Male,0,No,Yes,39,Yes,No,No internet service,No internet service,No internet service,No internet service,779.2,No
3061-BCKYI,Male,0,No,No,14,Yes,No,No internet service,No internet service,No internet service,No internet service,283.75,No
6179-GJPSO,Female,1,No,No,43,Yes,Fiber optic,Yes,Yes,No,Yes,4600.7,Yes
7901-TBKJX,Male,1,No,No,56,Yes,Fiber optic,No,No,Yes,No,5594,No
7228-PAQPD,Female,0,No,No,14,Yes,DSL,No,No,No,Yes,772.85,No
3177-LASXD,Female,0,No,No,1,Yes,Fiber optic,No,No,No,No,71.35,Yes
7746-QYVCO,Male,0,Yes,Yes,16,Yes,DSL,Yes,Yes,No,No,857.8,No
5804-HYIEZ,Male,0,Yes,Yes,70,Yes,Fiber optic,Yes,Yes,No,No,7554.05,No
9919-FZDED,Male,1,Yes,No,72,Yes,DSL,Yes,Yes,Yes,No,5981.65,No
5934-TSSAU,Female,0,Yes,Yes,23,Yes,Fiber optic,No,No,Yes,No,1702.9,No
3486-KHMLI,Male,0,No,Yes,21,Yes,No,No internet service,No internet service,No internet service,No internet service,467.15,No
4897-QSUYC,Female,0,No,No,1,Yes,No,No internet service,No internet service,No internet service,No internet service,20.15,Yes
1084-UQCHV,Male,0,No,Yes,1,Yes,Fiber optic,No,No,No,No,69.75,Yes
8290-YWKHZ,Female,1,Yes,No,32,Yes,Fiber optic,No,No,No,No,2931,Yes
2955-BJZHG,Male,0,Yes,Yes,17,Yes,Fiber optic,No,No,No,No,1400.85,Yes
3806-DXQOM,Female,0,No,No,4,No,DSL,Yes,Yes,No,No,137.85,Yes
6784-XYJAE,Female,0,No,No,36,Yes,DSL,No,No,Yes,No,1941.5,No
3933-DQPWX,Female,0,No,No,50,No,DSL,No,Yes,Yes,Yes,1932.75,No
6661-EIPZC,Female,0,Yes,Yes,48,No,DSL,No,No,No,Yes,1423.05,No
8957-THMOA,Female,0,No,Yes,50,Yes,No,No internet service,No internet service,No internet service,No internet service,970.85,No
2251-PYLPB,Male,0,Yes,No,72,Yes,DSL,Yes,Yes,Yes,Yes,5810.9,No
5555-RNPGT,Male,0,No,Yes,10,Yes,No,No internet service,No internet service,No internet service,No internet service,223.9,No
1057-FOGLZ,Female,0,No,No,18,Yes,No,No internet service,No internet service,No internet service,No internet service,391.7,No
9300-RENDD,Male,0,No,No,1,Yes,Fiber optic,No,No,No,No,79.95,Yes
0761-AETCS,Female,0,No,No,1,Yes,No,No internet service,No internet service,No internet service,No internet service,19.3,Yes
8087-LGYHQ,Male,0,No,No,9,Yes,Fiber optic,No,No,Yes,No,811.65,No
4137-BTIKL,Male,0,No,No,2,Yes,Fiber optic,Yes,No,No,No,174.75,No
2190-BCXEC,Female,0,Yes,No,40,Yes,Fiber optic,No,No,No,Yes,3126.85,No
6227-FBDXH,Male,0,Yes,No,69,Yes,Fiber optic,No,No,Yes,No,6841.45,No
2153-MREFK,Female,0,Yes,No,37,Yes,Fiber optic,Yes,No,Yes,Yes,3754.6,Yes
2911-WDXMV,Male,0,No,Yes,18,Yes,Fiber optic,No,No,Yes,No,1406.65,No
7206-PQBBZ,Male,1,Yes,No,11,Yes,Fiber optic,No,No,No,No,834.7,No
3106-ULWFW,Female,0,Yes,No,8,Yes,Fiber optic,No,No,No,No,627.4,Yes
0925-VYDLG,Female,0,No,No,3,Yes,Fiber optic,No,No,No,No,242,Yes
4547-FZJWE,Male,0,Yes,Yes,55,Yes,DSL,Yes,No,No,No,3157,No
7422-WNBTY,Male,0,Yes,No,33,Yes,Fiber optic,No,Yes,Yes,No,3092,No
0842-IWYCP,Female,0,No,No,46,Yes,DSL,No,No,No,No,2168.9,No
3521-HTQTV,Male,0,No,No,34,Yes,No,No internet service,No internet service,No internet service,No internet service,980.35,No
3744-ZBHON,Female,0,No,No,3,Yes,No,No internet service,No internet service,No internet service,No internet service,65.95,No
3373-DIUUN,Male,0,Yes,Yes,30,Yes,No,No internet service,No internet service,No internet service,No internet service,711.9,No
8383-SGHJU,Female,0,No,No,33,Yes,DSL,Yes,No,No,Yes,1952.8,No
7607-QKKTJ,Male,0,Yes,Yes,45,Yes,Fiber optic,No,Yes,Yes,No,4368.85,No
7707-PYBBH,Male,0,No,No,40,Yes,DSL,Yes,Yes,No,Yes,2647.1,No
8984-HPEMB,Female,0,No,No,71,Yes,Fiber optic,Yes,Yes,Yes,Yes,8477.6,No
4349-GFQHK,Male,0,No,No,1,Yes,DSL,No,No,Yes,No,54.35,Yes
4139-DETXS,Female,0,Yes,Yes,72,No,DSL,Yes,Yes,Yes,Yes,4528,No
9779-DPNEJ,Female,0,Yes,Yes,22,Yes,Fiber optic,No,No,No,No,1790.65,No
9805-FILKB,Male,0,Yes,Yes,46,Yes,No,No internet service,No internet service,No internet service,No internet service,845.6,No
5793-YOLJN,Female,0,Yes,Yes,55,Yes,No,No internet service,No internet service,No internet service,No internet service,1210.3,No
0673-IGUQO,Male,0,No,No,1,Yes,No,No internet service,No internet service,No internet service,No internet service,20.45,No
4123-FCVCB,Female,0,No,No,12,Yes,DSL,No,No,No,Yes,854.45,No
8819-IMISP,Male,0,No,No,31,Yes,Fiber optic,No,Yes,No,No,2429.1,No
7802-EFKNY,Male,0,Yes,No,5,No,DSL,No,No,No,No,100.4,Yes
8311-UEUAB,Female,0,Yes,Yes,67,Yes,DSL,Yes,No,No,No,5229.45,No
5858-EAFCZ,Male,0,No,No,1,Yes,DSL,No,No,No,No,44.45,No
8035-BUYVG,Male,0,Yes,No,40,No,DSL,Yes,Yes,Yes,No,1716.45,Yes
1163-ONYEY,Male,0,Yes,Yes,41,Yes,DSL,Yes,Yes,Yes,No,3023.55,No
9787-XVQIU,Male,0,No,No,1,Yes,Fiber optic,No,No,No,No,75.3,Yes
8945-MUQUF,Male,0,No,No,51,Yes,Fiber optic,Yes,Yes,No,No,4837.6,Yes
5656-MJEFC,Male,0,Yes,Yes,42,No,DSL,Yes,No,Yes,Yes,2032.3,No
6082-OQFBA,Male,0,Yes,Yes,23,Yes,No,No internet service,No internet service,No internet service,No internet service,436.9,No
8051-HJRLT,Female,1,No,No,1,Yes,Fiber optic,No,No,No,No,70.55,Yes
8974-OVACP,Female,0,No,No,1,Yes,No,No internet service,No internet service,No internet service,No internet service,20.15,No
4010-YLMVT,Female,0,No,No,56,Yes,Fiber optic,Yes,Yes,No,No,5893.95,No
1379-FRVEB,Male,0,No,Yes,15,Yes,Fiber optic,No,Yes,No,No,1430.05,No
8612-GXIDD,Male,0,Yes,Yes,12,Yes,No,No internet service,No internet service,No internet service,No internet service,313,No
6288-CHQJB,Female,0,Yes,Yes,54,Yes,DSL,Yes,No,Yes,Yes,3871.85,No
8160-HOWOX,Female,0,No,No,7,Yes,DSL,No,No,No,No,458.1,No
3023-GFLBR,Female,0,Yes,Yes,33,Yes,Fiber optic,No,No,No,No,2745.7,Yes
6648-INWPS,Male,0,Yes,Yes,16,Yes,No,No internet service,No internet service,No internet service,No internet service,341.35,No
4223-BKEOR,Female,0,No,Yes,21,Yes,DSL,Yes,No,Yes,No,1336.8,No
4079-VTGLK,Male,1,Yes,No,30,Yes,DSL,No,No,Yes,No,2181.75,No
1763-WQFUK,Male,0,No,No,3,Yes,DSL,No,No,No,Yes,147.75,No
1391-UBDAR,Male,0,No,No,11,Yes,Fiber optic,No,No,Yes,No,818.45,No
8894-JVDCV,Female,0,No,No,62,Yes,Fiber optic,Yes,Yes,Yes,Yes,7133.45,No
2023-VQFDL,Male,0,No,No,18,Yes,No,No internet service,No internet service,No internet service,No internet service,348.8,No
1345-GKDZZ,Male,0,No,Yes,6,Yes,No,No internet service,No internet service,No internet service,No internet service,128.6,No
2014-MKGMH,Female,0,No,No,46,Yes,Fiber optic,No,No,Yes,No,4674.4,No
5628-FCGYG,Male,0,No,No,21,Yes,Fiber optic,No,No,No,No,1737.45,No
2560-WBWXF,Male,0,No,No,68,Yes,No,No internet service,No internet service,No internet service,No internet service,1498.85,No
0248-IPDFW,Female,0,No,No,1,Yes,DSL,No,No,No,No,50.1,No
7978-DKUQH,Female,0,Yes,No,25,Yes,Fiber optic,No,No,Yes,No,1797.75,No
4335-UPJSI,Female,0,No,Yes,24,Yes,No,No internet service,No internet service,No internet service,No internet service,498.1,No
0524-IAVZO,Female,0,Yes,No,30,Yes,Fiber optic,No,No,No,No,2624.25,Yes
2737-YNGYW,Female,0,No,No,2,Yes,Fiber optic,No,No,No,No,184.1,Yes
1784-EZDKJ,Male,0,Yes,No,51,Yes,Fiber optic,No,Yes,Yes,No,5498.8,No
9297-FVVDH,Female,0,Yes,Yes,57,Yes,DSL,Yes,No,Yes,Yes,4845.4,No
8007-YYPWD,Female,0,No,No,15,Yes,No,No internet service,No internet service,No internet service,No internet service,369.1,No
7101-HRBLJ,Female,0,Yes,Yes,72,Yes,DSL,Yes,Yes,Yes,Yes,6096.9,No
5159-YFPKQ,Female,0,No,No,2,Yes,Fiber optic,No,No,Yes,No,160.75,Yes
6635-CPNUN,Male,0,Yes,No,28,Yes,Fiber optic,No,Yes,Yes,No,2684.35,No
4021-RQSNY,Male,1,Yes,No,29,Yes,Fiber optic,No,No,Yes,No,3004.15,Yes
5453-YBTWV,Male,0,Yes,Yes,70,Yes,Fiber optic,Yes,Yes,Yes,Yes,6994.8,No
5039-LZRQT,Female,0,No,No,13,Yes,No,No internet service,No internet service,No internet service,No internet service,273.25,No
2931-VUVJN,Female,1,Yes,No,59,Yes,Fiber optic,Yes,Yes,Yes,Yes,5483.9,No
9061-TIHDA,Male,1,Yes,No,13,Yes,Fiber optic,No,No,No,No,1233.65,Yes
8699-ASUFO,Male,1,Yes,No,7,Yes,Fiber optic,No,No,No,No,527.9,Yes
6418-PIQSP,Female,0,Yes,No,62,Yes,DSL,Yes,No,Yes,Yes,4985.9,No
8220-OCUFY,Female,0,No,No,21,Yes,DSL,Yes,No,Yes,Yes,1258.35,No
3995-WFCSM,Female,0,No,No,2,Yes,DSL,No,No,Yes,No,111.4,No
1895-QTKDO,Female,0,No,No,1,Yes,DSL,No,No,No,No,43.95,No
2038-OEQZH,Male,0,No,No,4,Yes,Fiber optic,No,No,Yes,No,308.1,No
1178-PZGAB,Female,0,No,No,19,Yes,No,No internet service,No internet service,No internet service,No internet service,383.65,No
7927-AUXBZ,Female,0,No,No,30,Yes,Fiber optic,No,No,No,Yes,2555.9,Yes
2626-VEEWG,Male,0,Yes,Yes,67,Yes,No,No internet service,No internet service,No internet service,No internet service,1284.2,No
2878-RMWXY,Male,1,Yes,No,72,Yes,Fiber optic,Yes,Yes,Yes,No,7550.3,No
1657-DYMBM,Male,0,Yes,No,53,Yes,No,No internet service,No internet service,No internet service,No internet service,1110.05,No
7311-MQJCH,Female,0,No,No,5,Yes,No,No internet service,No internet service,No internet service,No internet service,99.6,No
7375-WMVMT,Male,1,Yes,No,71,Yes,Fiber optic,No,Yes,Yes,Yes,6707.15,No
1136-XGEQU,Female,0,Yes,Yes,50,Yes,DSL,No,Yes,Yes,Yes,4164.4,No
2530-FMFXO,Male,0,Yes,Yes,56,Yes,Fiber optic,No,No,Yes,Yes,5873.75,No
6844-DZKRF,Male,0,No,No,2,Yes,DSL,No,No,No,Yes,109.25,No
4695-WJZUE,Female,1,No,No,2,Yes,Fiber optic,No,No,Yes,No,179.25,Yes
7619-ODSGN,Male,0,Yes,Yes,24,Yes,DSL,Yes,No,No,No,1338.15,Yes
5970-GHJAW,Male,0,Yes,Yes,46,Yes,No,No internet service,No internet service,No internet service,No internet service,862.4,No
8879-XUAHX,Male,0,Yes,No,71,Yes,Fiber optic,Yes,Yes,Yes,Yes,8564.75,No
3689-MOZGR,Female,0,No,No,29,No,DSL,No,No,No,Yes,926.2,No
4195-PNGZS,Male,0,Yes,Yes,69,Yes,No,No internet service,No internet service,No internet service,No internet service,1718.2,No
5003-XZWWO,Male,0,Yes,No,71,Yes,DSL,No,Yes,Yes,Yes,5956.85,No
3988-RQIXO,Female,1,No,No,1,Yes,Fiber optic,No,No,No,No,91.3,Yes
7622-FWGEW,Male,1,Yes,No,56,Yes,DSL,Yes,Yes,Yes,Yes,4824.45,No
6922-NCEDI,Male,0,No,Yes,56,Yes,No,No internet service,No internet service,No internet service,No internet service,1238.65,No
2514-GINMM,Male,0,No,No,1,Yes,Fiber optic,No,No,No,No,79.5,Yes
9891-NQDBD,Female,0,Yes,No,28,Yes,No,No internet service,No internet service,No internet service,No internet service,672.2,No
6131-IUNXN,Female,0,Yes,Yes,19,Yes,No,No internet service,No internet service,No internet service,No internet service,382.2,No
8548-AWOFC,Male,0,Yes,No,66,Yes,DSL,No,No,No,Yes,4264.6,No
9798-DRYDS,Female,0,Yes,Yes,17,Yes,DSL,No,No,Yes,Yes,1070.7,No
8532-UEFWH,Male,0,Yes,Yes,52,Yes,No,No internet service,No internet service,No internet service,No internet service,1345.85,No
6296-DDOOR,Female,0,No,No,19,Yes,DSL,No,Yes,No,No,1045.25,No
7951-VRDVK,Female,0,No,No,36,Yes,DSL,Yes,Yes,Yes,Yes,3003.55,No
5931-FLJJF,Male,1,Yes,No,7,Yes,Fiber optic,No,No,No,No,467.55,Yes
4815-YOSUK,Male,0,Yes,Yes,72,Yes,Fiber optic,Yes,Yes,Yes,Yes,7537.5,No
2659-VXMWZ,Male,0,Yes,Yes,67,Yes,Fiber optic,Yes,Yes,Yes,No,7482.1,Yes
0380-NEAVX,Male,1,No,No,34,Yes,Fiber optic,No,Yes,Yes,No,3343.15,No
3207-OYBWH,Male,1,Yes,No,57,Yes,Fiber optic,No,Yes,Yes,No,5427.05,Yes
4285-GYRQC,Female,0,Yes,No,7,Yes,Fiber optic,No,No,Yes,No,587.1,Yes
7216-EWTRS,Female,1,Yes,No,1,Yes,Fiber optic,No,No,Yes,No,100.8,Yes
4365-MSDYN,Male,0,Yes,No,8,Yes,No,No internet service,No internet service,No internet service,No internet service,161.15,No
7036-TYDEC,Female,0,No,No,69,Yes,Fiber optic,No,No,Yes,Yes,7028.5,No
5802-ADBRC,Female,0,Yes,No,50,Yes,Fiber optic,Yes,No,Yes,No,5232.9,No
8076-FEZKJ,Male,0,No,No,10,Yes,No,No internet service,No internet service,No internet service,No internet service,225.85,No
5197-YPYBZ,Female,0,Yes,Yes,12,Yes,No,No internet service,No internet service,No internet service,No internet service,274.7,No
8337-MSSXB,Female,0,No,No,14,Yes,Fiber optic,No,Yes,No,No,1180.95,Yes
4312-GVYNH,Female,0,Yes,No,70,No,DSL,Yes,No,Yes,Yes,3370.2,No
8495-LJDFO,Female,1,No,No,64,Yes,Fiber optic,Yes,No,Yes,Yes,7111.3,No
0839-JTCUD,Female,0,Yes,Yes,66,Yes,DSL,Yes,Yes,Yes,Yes,5958.85,No
5494-WOZRZ,Female,0,Yes,Yes,71,Yes,DSL,Yes,No,Yes,Yes,5999.85,No
1302-UHBDD,Male,1,No,No,20,Yes,Fiber optic,No,No,No,No,1648.45,No
2234-EOFPT,Male,0,Yes,No,72,Yes,DSL,Yes,Yes,No,Yes,5753.25,No
8619-IJNDK,Female,0,Yes,Yes,71,Yes,DSL,Yes,Yes,Yes,Yes,4492.9,No
8378-LKJAF,Male,0,Yes,Yes,38,Yes,Fiber optic,No,No,Yes,No,3956.7,No
8182-BJDSI,Female,0,No,No,28,Yes,Fiber optic,No,Yes,No,No,2625.55,Yes
2528-HFYZX,Male,1,Yes,No,17,Yes,Fiber optic,No,Yes,No,No,1233.4,Yes
1153-GNOLC,Male,0,No,No,33,No,DSL,No,Yes,No,No,1309,No
3298-QEICA,Female,0,Yes,Yes,23,No,DSL,Yes,No,No,Yes,813.45,No
0788-DXBFY,Male,0,Yes,Yes,58,Yes,No,No internet service,No internet service,No internet service,No internet service,1108.8,No
3597-YASZG,Female,1,Yes,No,70,Yes,Fiber optic,No,Yes,No,Yes,7349.35,No
3496-LFSZU,Male,0,Yes,No,4,Yes,Fiber optic,No,No,No,No,294.2,No
5242-UOWHD,Male,0,Yes,Yes,45,Yes,No,No internet service,No internet service,No internet service,No internet service,929.2,No
2482-CZGBB,Male,0,No,No,10,Yes,Fiber optic,No,No,No,No,740,Yes
6479-SZPLM,Male,0,Yes,Yes,36,Yes,No,No internet service,No internet service,No internet service,No internet service,754.5,No
8097-VBQTZ,Male,0,No,No,54,Yes,DSL,Yes,Yes,No,Yes,3883.3,No
4500-HKANN,Male,0,Yes,Yes,23,Yes,DSL,No,Yes,No,Yes,1414.2,No
9917-KWRBE,Female,0,Yes,Yes,41,Yes,DSL,Yes,Yes,Yes,No,3211.2,No
3420-ZDBMA,Male,1,No,No,5,Yes,Fiber optic,No,No,No,No,371.6,No
2212-LYASK,Male,0,Yes,Yes,27,No,DSL,No,Yes,Yes,No,1246.4,No
1393-IMKZG,Female,0,No,No,1,Yes,Fiber optic,No,No,No,Yes,95.85,No
8069-RHUXK,Female,0,Yes,Yes,67,No,DSL,Yes,No,No,Yes,2545.7,No
3398-GCPMU,Female,1,Yes,Yes,72,Yes,DSL,Yes,Yes,Yes,Yes,6448.85,No
2908-WGAXL,Female,0,Yes,Yes,56,Yes,No,No internet service,No internet service,No internet service,No internet service,1468.9,No
3378-AJRAO,Male,0,Yes,Yes,44,Yes,No,No internet service,No internet service,No internet service,No internet service,1013.6,No
1013-QCWAM,Female,1,Yes,No,66,Yes,Fiber optic,No,Yes,No,No,6690.75,No
0866-QLSIR,Female,0,No,No,34,Yes,DSL,Yes,Yes,No,Yes,2088.75,Yes
6050-FFXES,Female,0,Yes,No,69,Yes,Fiber optic,No,No,Yes,Yes,7240.65,No
7181-BQYBV,Female,0,Yes,Yes,1,Yes,Fiber optic,Yes,No,Yes,No,102.45,Yes
0362-RAOQO,Female,0,No,No,40,Yes,No,No internet service,No internet service,No internet service,No internet service,830.25,No
9554-DFKIC,Male,0,Yes,Yes,30,Yes,DSL,Yes,No,No,No,1588.7,No
5527-ACHSO,Female,0,No,No,11,Yes,DSL,No,No,No,Yes,829.3,No
0829-DDVLK,Female,0,No,No,15,Yes,No,No internet service,No internet service,No internet service,No internet service,302.45,No
1399-UBQIU,Male,0,No,No,11,Yes,DSL,No,No,Yes,No,712.25,No
1813-JLKWR,Female,0,Yes,Yes,64,Yes,No,No internet service,No internet service,No internet service,No internet service,1336.65,No
0336-PIKEI,Male,1,Yes,No,72,Yes,DSL,Yes,Yes,Yes,Yes,5360.75,No
7322-OCWHC,Male,1,Yes,No,72,Yes,Fiber optic,Yes,Yes,Yes,Yes,6735.05,No
9537-VHDTA,Female,0,No,Yes,1,Yes,DSL,Yes,No,No,No,51.2,No
4957-TIALW,Female,0,No,Yes,15,Yes,DSL,Yes,Yes,Yes,Yes,1010,No
2054-PJOCK,Female,0,No,No,60,Yes,DSL,No,No,Yes,Yes,4847.05,No
9150-HEPMB,Male,0,No,No,56,Yes,DSL,Yes,No,Yes,No,3019.7,No
9030-QGZNL,Female,0,No,No,8,Yes,No,No internet service,No internet service,No internet service,No internet service,161.65,No
6204-IEUXJ,Female,0,No,No,3,Yes,Fiber optic,No,No,Yes,Yes,217.55,Yes
3126-WQMGH,Female,0,Yes,No,49,Yes,DSL,No,No,No,No,2583.75,No
4529-CKBCL,Female,0,No,No,2,Yes,Fiber optic,No,No,No,No,146.05,Yes
2506-CLAKW,Female,0,No,No,6,Yes,Fiber optic,Yes,Yes,Yes,Yes,567.45,Yes
7176-WRTNX,Male,0,No,No,70,Yes,Fiber optic,Yes,Yes,Yes,Yes,7711.25,No
1583-IHQZE,Male,0,No,No,12,Yes,Fiber optic,No,Yes,Yes,Yes,1384.75,Yes
5732-IKGQH,Male,1,Yes,No,52,Yes,Fiber optic,Yes,No,Yes,Yes,5481.25,No
9239-GZHZE,Female,0,Yes,No,72,Yes,Fiber optic,Yes,Yes,Yes,Yes,8124.2,No
7205-BAIAD,Female,0,No,No,40,Yes,No,No internet service,No internet service,No internet service,No internet service,827.3,No
0151-ONTOV,Female,0,No,No,1,Yes,Fiber optic,No,No,No,No,70.9,Yes
4140-MUHUG,Female,1,No,No,3,Yes,Fiber optic,No,No,Yes,No,220.95,Yes
0093-EXYQL,Female,1,No,No,40,Yes,Fiber optic,No,No,No,No,3673.6,No
8064-RAVOH,Male,0,No,Yes,1,Yes,DSL,No,No,Yes,No,49.85,No
0219-QAERP,Male,0,Yes,No,30,Yes,No,No internet service,No internet service,No internet service,No internet service,576.65,No
0320-JDNQG,Male,0,Yes,Yes,23,Yes,Fiber optic,Yes,No,No,Yes,2331.3,Yes
7180-PISOG,Male,0,Yes,Yes,1,Yes,Fiber optic,No,No,No,No,74.5,Yes
9168-INPSZ,Female,1,Yes,No,44,Yes,Fiber optic,No,No,Yes,Yes,4495.65,No
3571-RFHAR,Male,0,No,No,65,Yes,Fiber optic,No,Yes,Yes,Yes,6941.2,Yes
0015-UOCOJ,Female,1,No,No,7,Yes,DSL,Yes,No,No,No,340.35,No
5334-AFQJB,Male,1,No,No,72,Yes,No,No internet service,No internet service,No internet service,No internet service,1789.9,No
2754-SDJRD,Female,1,No,No,8,Yes,Fiber optic,No,No,No,Yes,908.55,No
9578-VRMNM,Female,0,No,No,16,Yes,DSL,No,No,Yes,No,1043.35,Yes
1587-FKLZB,Male,1,Yes,Yes,66,Yes,Fiber optic,No,No,Yes,No,6822.15,Yes
6140-QNRQQ,Male,0,No,No,1,Yes,Fiber optic,No,No,No,No,71.55,Yes
8963-JLGJT,Male,0,No,Yes,3,Yes,DSL,Yes,No,Yes,No,157.55,No
4307-KTUMW,Male,0,Yes,No,53,Yes,Fiber optic,Yes,No,Yes,No,5029.2,Yes
1465-LNTLJ,Male,1,Yes,No,8,Yes,DSL,No,No,Yes,Yes,581.7,No
5440-FLBQG,Male,1,Yes,No,69,Yes,Fiber optic,No,Yes,Yes,Yes,7318.2,Yes
2135-DQWAQ,Female,0,No,No,5,Yes,Fiber optic,No,Yes,No,No,420.45,No
4056-QHXHZ,Female,0,Yes,Yes,72,Yes,Fiber optic,Yes,No,Yes,Yes,7576.7,No
7470-MCQTK,Female,0,Yes,No,13,No,DSL,No,No,Yes,No,633.4,Yes
7488-MXJIV,Female,0,No,No,4,Yes,Fiber optic,No,No,No,No,321.65,Yes
7401-JIXNM,Female,0,Yes,Yes,54,Yes,DSL,Yes,Yes,Yes,Yes,4965,No
9339-FIIJL,Male,0,Yes,No,72,Yes,DSL,No,Yes,Yes,Yes,6151.9,No
2027-FECZV,Male,0,No,No,12,Yes,Fiber optic,No,Yes,Yes,No,1253.9,Yes
2672-DZUOY,Male,0,No,No,1,No,DSL,No,No,No,No,25.15,Yes
4706-DGAHW,Male,1,No,No,1,Yes,DSL,No,No,No,No,45.2,No
3870-MQAMG,Female,0,Yes,No,54,Yes,Fiber optic,No,Yes,Yes,Yes,5893.15,Yes
6670-MFRPK,Male,0,Yes,Yes,69,Yes,Fiber optic,No,No,Yes,No,5420.65,No
6177-PEVRA,Female,0,No,No,48,Yes,DSL,Yes,Yes,No,No,2627.35,No
4800-CZMPC,Female,0,Yes,Yes,48,Yes,Fiber optic,Yes,Yes,No,No,5037.55,Yes
4813-HQMGZ,Female,0,Yes,No,8,Yes,Fiber optic,No,No,No,Yes,743.75,No
7579-KKLOE,Male,0,Yes,Yes,71,Yes,DSL,Yes,Yes,Yes,Yes,6589.6,No
7377-DMMRI,Male,0,No,No,2,Yes,DSL,Yes,No,No,No,92.45,Yes
8402-EIVQS,Male,0,Yes,No,67,Yes,Fiber optic,Yes,Yes,No,No,6733.15,No
4947-DSMXK,Male,0,Yes,Yes,34,Yes,Fiber optic,No,Yes,No,No,3410,No
7245-NIIWQ,Female,0,No,No,3,Yes,Fiber optic,No,No,No,No,199.85,No
0002-ORFBO,Female,0,Yes,Yes,9,Yes,DSL,No,Yes,No,Yes,593.3,No
3324-OIRTO,Male,0,Yes,Yes,71,Yes,Fiber optic,Yes,Yes,Yes,No,7288.4,No
5414-OFQCB,Male,0,No,No,57,Yes,Fiber optic,No,No,No,Yes,5229.8,No
4967-WPNCF,Male,0,No,No,72,No,DSL,Yes,Yes,Yes,Yes,4464.8,No
8552-OBVRU,Female,1,Yes,Yes,48,Yes,Fiber optic,Yes,No,Yes,Yes,5068.05,No
8499-BRXTD,Male,0,No,No,18,Yes,No,No internet service,No internet service,No internet service,No internet service,401.85,No
9154-QDGTH,Male,0,Yes,Yes,43,Yes,Fiber optic,No,No,Yes,Yes,4451.85,No
8197-BFWVU,Female,0,Yes,Yes,72,Yes,DSL,Yes,Yes,Yes,Yes,6688.95,No
2577-GVSIL,Male,0,Yes,Yes,35,Yes,DSL,No,No,No,Yes,2661.1,No
9367-OIUXP,Male,0,No,No,4,Yes,No,No internet service,No internet service,No internet service,No internet service,73.05,No
6770-UAYGJ,Female,0,Yes,Yes,49,Yes,No,No internet service,No internet service,No internet service,No internet service,1211.65,No
6463-HHXJR,Female,0,Yes,Yes,71,Yes,Fiber optic,Yes,Yes,Yes,No,7030.65,No
7928-VJYAB,Male,0,Yes,Yes,11,Yes,Fiber optic,No,No,No,No,1020.2,No
1187-WILMM,Male,0,Yes,Yes,63,Yes,DSL,Yes,Yes,Yes,Yes,5597.65,No
9776-OJUZI,Female,1,No,No,65,Yes,Fiber optic,No,Yes,Yes,No,6223.3,No
1306-RPWXZ,Female,0,No,Yes,49,Yes,No,No internet service,No internet service,No internet service,No internet service,1024.65,No
8949-JTMAY,Female,0,No,No,29,Yes,Fiber optic,No,No,Yes,No,2933.2,Yes
2774-LVQUS,Female,1,Yes,No,15,Yes,Fiber optic,No,No,Yes,Yes,1258.3,Yes
3097-PYWXL,Female,0,Yes,Yes,4,Yes,No,No internet service,No internet service,No internet service,No internet service,82.9,No
2266-SJNAT,Female,0,Yes,No,72,Yes,Fiber optic,No,Yes,Yes,Yes,7789.6,No
0869-PAPRP,Female,1,Yes,No,26,Yes,Fiber optic,No,No,Yes,No,2067,No
4238-JSSWH,Female,1,Yes,No,35,Yes,Fiber optic,No,No,Yes,No,3452.55,No
2972-YDYUW,Female,0,No,No,57,Yes,Fiber optic,No,Yes,No,Yes,5468.95,No
1104-FEJAM,Male,0,Yes,Yes,28,Yes,DSL,No,Yes,No,No,1802.15,No
2809-ILCYT,Female,0,Yes,No,25,Yes,No,No internet service,No internet service,No internet service,No internet service,733.55,No
5499-ECUTN,Female,0,Yes,No,47,Yes,DSL,Yes,No,Yes,No,3021.45,No
4981-FLTMF,Female,0,Yes,Yes,57,Yes,DSL,Yes,Yes,No,Yes,3687.85,No
9121-PHQSR,Male,1,Yes,No,16,Yes,Fiber optic,No,No,No,No,1391.15,No
3113-IWHLC,Male,0,No,No,5,Yes,DSL,Yes,No,Yes,No,274.35,No
3211-ILJTT,Male,0,Yes,No,17,Yes,Fiber optic,No,No,No,No,1214.05,Yes
4612-THJBS,Female,1,No,No,56,Yes,Fiber optic,No,Yes,Yes,No,5510.65,Yes
4277-BWBML,Male,0,Yes,Yes,72,Yes,No,No internet service,No internet service,No internet service,No internet service,1322.85,No
4094-NSEDU,Female,1,No,No,21,Yes,Fiber optic,No,No,No,No,1973.75,Yes
0234-TEVTT,Female,0,Yes,Yes,48,No,DSL,Yes,No,Yes,No,2196.3,No
4304-TSPVK,Female,0,Yes,No,68,Yes,Fiber optic,Yes,Yes,Yes,Yes,7843.55,No
1552-AAGRX,Female,0,No,No,30,Yes,Fiber optic,Yes,No,No,Yes,3211.9,No
2637-FKFSY,Female,0,Yes,No,3,Yes,DSL,No,No,No,No,130.15,No
9796-MVYXX,Female,1,No,No,14,No,DSL,Yes,No,Yes,Yes,692.35,No
7874-ECPQJ,Female,0,No,Yes,4,Yes,No,No internet service,No internet service,No internet service,No internet service,85.5,No
0020-INWCK,Female,0,Yes,Yes,71,Yes,Fiber optic,No,Yes,Yes,No,6849.4,No
7089-RKVSZ,Male,0,Yes,Yes,8,Yes,No,No internet service,No internet service,No internet service,No internet service,203.95,No
2683-JXWQQ,Male,0,Yes,Yes,61,No,DSL,Yes,No,Yes,No,2117.2,No
9548-ZMVTX,Male,0,Yes,Yes,72,Yes,Fiber optic,No,Yes,Yes,Yes,6565.85,No
8739-XNIKG,Female,0,No,No,5,Yes,Fiber optic,No,No,No,No,424.75,No
9755-JHNMN,Female,0,No,No,49,Yes,DSL,Yes,Yes,Yes,Yes,3306.85,No
3981-QSVQI,Male,0,No,No,8,Yes,No,No internet service,No internet service,No internet service,No internet service,168.9,No
2789-HQBOU,Male,0,No,No,3,Yes,Fiber optic,No,No,No,No,253.8,No
9424-CMPOG,Male,0,Yes,Yes,9,Yes,No,No internet service,No internet service,No internet service,No internet service,197.4,No
5067-WJEUN,Male,0,Yes,Yes,67,Yes,DSL,Yes,Yes,No,No,3838.2,No
3450-WXOAT,Male,0,No,No,46,Yes,DSL,No,No,No,No,2065.15,No
9251-WNSOD,Female,0,Yes,No,67,Yes,DSL,Yes,Yes,Yes,No,5064.45,No
6974-DAFLI,Female,0,Yes,No,55,Yes,No,No internet service,No internet service,No internet service,No internet service,1140.05,No
2616-UUTFK,Male,0,Yes,No,33,Yes,DSL,Yes,Yes,Yes,No,2447.45,No
7064-JHXCE,Male,0,Yes,Yes,62,Yes,No,No internet service,No internet service,No internet service,No internet service,1263.9,No
5103-MHMHY,Female,0,No,Yes,1,Yes,DSL,No,No,No,No,45.95,Yes
7989-AWGEH,Male,0,Yes,Yes,49,No,DSL,Yes,No,No,No,1838.15,No
4373-VVHQL,Male,0,No,No,1,Yes,DSL,No,No,No,No,44.75,No
4559-UWIHT,Male,0,Yes,No,14,Yes,Fiber optic,No,Yes,Yes,No,1185,No
7268-IGMFD,Male,1,No,No,18,Yes,Fiber optic,No,No,Yes,Yes,1743.9,No
1846-XWOQN,Female,1,No,No,1,Yes,Fiber optic,No,No,No,No,70.15,Yes
0235-KGSLC,Female,0,No,No,1,Yes,Fiber optic,No,No,Yes,No,85.55,Yes
6650-BWFRT,Female,0,Yes,No,72,Yes,Fiber optic,Yes,Yes,Yes,Yes,8529.5,No
9570-KYEUA,Male,0,No,No,64,Yes,Fiber optic,Yes,No,Yes,Yes,6549.45,No
6993-YGFJV,Male,0,Yes,No,69,Yes,Fiber optic,Yes,Yes,Yes,Yes,7806.5,No
2712-SYWAY,Female,0,No,No,1,Yes,No,No internet service,No internet service,No internet service,No internet service,25.7,No
0730-BGQGF,Male,0,Yes,Yes,71,Yes,DSL,Yes,Yes,Yes,Yes,6287.3,No
5498-IBWPI,Female,0,Yes,Yes,66,Yes,DSL,No,No,No,Yes,3251.85,No
9101-NTIXF,Male,0,No,No,2,Yes,No,No internet service,No internet service,No internet service,No internet service,50.6,No
0013-SMEOE,Female,1,Yes,No,71,Yes,Fiber optic,Yes,Yes,Yes,Yes,7904.25,No
9314-QDMDW,Male,0,No,No,11,Yes,DSL,No,Yes,No,No,729.95,No
9308-ANMVE,Male,0,No,Yes,47,Yes,DSL,Yes,Yes,No,No,2654.05,No
2884-GBPFB,Female,0,Yes,No,35,Yes,Fiber optic,No,No,No,No,2416.55,Yes
3757-NJYBX,Male,1,Yes,No,32,Yes,Fiber optic,No,Yes,Yes,No,3520.75,Yes
3413-DHLPB,Male,0,Yes,Yes,60,Yes,Fiber optic,No,Yes,No,Yes,5969.95,No
7649-PHJVR,Male,0,No,No,11,Yes,No,No internet service,No internet service,No internet service,No internet service,226.8,No
6114-TCFID,Female,0,No,No,29,No,DSL,Yes,Yes,No,Yes,1082.75,No
3787-TRIAL,Male,0,Yes,Yes,21,No,DSL,No,No,No,No,565.75,No
2573-GYRUU,Male,1,Yes,No,48,Yes,Fiber optic,No,No,Yes,No,4370.75,No
5156-UMKOW,Female,0,No,Yes,3,No,DSL,No,Yes,No,No,90.05,No
1247-QBVSH,Female,0,Yes,Yes,43,Yes,DSL,No,Yes,No,No,2169.4,No
6734-GMPVK,Male,0,No,No,5,Yes,Fiber optic,No,Yes,Yes,No,550.6,No
9822-OAOVB,Female,0,No,No,1,Yes,DSL,No,No,No,No,55.45,No
6161-ERDGD,Male,0,Yes,Yes,71,Yes,DSL,Yes,No,Yes,Yes,6300.85,No
1226-JZNKR,Female,0,Yes,Yes,8,Yes,No,No internet service,No internet service,No internet service,No internet service,160.05,No
7318-EIVKO,Male,0,No,No,8,Yes,DSL,No,No,No,No,436.6,No
3771-PZOBW,Male,0,No,No,20,Yes,Fiber optic,No,No,Yes,No,1781.35,No
5136-KCKGI,Female,0,Yes,Yes,33,Yes,Fiber optic,Yes,No,Yes,No,3467,Yes
8231-BSWXX,Male,0,No,No,71,Yes,Fiber optic,No,Yes,No,No,5552.5,No
6486-LHTMA,Female,1,Yes,No,31,Yes,Fiber optic,No,No,Yes,No,2835.5,No
4083-BFNYK,Female,1,Yes,No,38,Yes,Fiber optic,Yes,Yes,No,No,3591.25,No
3722-WPXTK,Male,0,No,No,1,Yes,Fiber optic,No,No,No,No,88.35,Yes
7389-KBFIT,Female,0,Yes,Yes,2,No,DSL,No,Yes,No,No,63.75,No
7176-WIONM,Female,0,Yes,No,12,No,DSL,No,No,Yes,No,617.15,No
5141-ZUVBH,Female,0,No,Yes,9,Yes,Fiber optic,Yes,No,Yes,Yes,870.25,No
1089-HDMKP,Male,1,No,Yes,11,Yes,DSL,No,Yes,No,Yes,601.25,No
7623-HKYRK,Male,0,No,Yes,6,Yes,No,No internet service,No internet service,No internet service,No internet service,111.65,No
0310-SUCIN,Female,0,Yes,No,71,Yes,DSL,Yes,Yes,Yes,Yes,6046.1,No
5197-PYEPU,Female,0,Yes,Yes,42,Yes,Fiber optic,Yes,Yes,No,No,3923.8,No
2929-ERCFZ,Female,0,Yes,Yes,8,Yes,Fiber optic,No,No,Yes,No,777.3,Yes
7548-SEPYI,Female,0,No,No,5,Yes,Fiber optic,No,Yes,No,No,512.45,Yes
8835-VSDSE,Female,0,Yes,No,2,Yes,Fiber optic,No,No,No,No,141.45,Yes
6619-RPLQZ,Female,0,Yes,Yes,45,Yes,No,No internet service,No internet service,No internet service,No internet service,892.15,No
3275-RHRNE,Male,0,Yes,Yes,28,No,DSL,No,Yes,Yes,Yes,1682.05,No
3503-TYDAY,Female,0,Yes,No,43,Yes,Fiber optic,No,Yes,No,No,3398.9,No
6901-GOGZG,Male,0,No,Yes,60,Yes,DSL,Yes,No,Yes,Yes,4984.85,No
1623-NLDOT,Female,0,Yes,No,42,No,DSL,No,Yes,No,Yes,1445.3,Yes
7021-XSNYE,Male,0,Yes,Yes,7,No,DSL,Yes,No,Yes,Yes,305.55,No
9621-OUPYD,Female,0,Yes,No,25,Yes,No,No internet service,No internet service,No internet service,No internet service,507.9,No
9898-KZQDZ,Female,1,Yes,Yes,40,Yes,Fiber optic,No,No,No,No,3640.45,Yes
8982-NHAVY,Male,0,No,No,27,Yes,Fiber optic,No,No,Yes,No,2673.45,No
4307-KWMXE,Male,0,No,No,10,No,DSL,No,Yes,No,Yes,389.8,No
0141-YEAYS,Female,1,No,No,27,Yes,Fiber optic,No,Yes,Yes,No,2401.05,No
2450-ZKEED,Female,0,No,No,11,Yes,DSL,No,No,Yes,Yes,651.55,No
3694-DELSO,Male,0,Yes,Yes,4,No,DSL,Yes,No,No,No,156.1,No
3893-JRNFS,Male,0,No,No,68,No,DSL,No,No,Yes,No,2796.35,No
9603-OAIHC,Male,1,No,No,1,Yes,Fiber optic,No,No,No,No,70.05,No
1133-KXCGE,Female,0,No,No,18,Yes,No,No internet service,No internet service,No internet service,No internet service,407.05,No
5236-PERKL,Female,0,No,No,57,Yes,Fiber optic,Yes,Yes,Yes,No,6465,Yes
0142-GVYSN,Male,0,No,No,26,Yes,No,No internet service,No internet service,No internet service,No internet service,511.25,No
1049-FYSYG,Female,0,Yes,No,17,No,DSL,No,Yes,Yes,No,646.05,No
7854-FOKSF,Male,0,No,No,1,No,DSL,No,No,No,No,35.9,Yes
2519-FAKOD,Male,0,No,Yes,38,Yes,Fiber optic,No,No,Yes,No,3777.15,Yes
8406-LNMHF,Male,1,Yes,No,59,Yes,Fiber optic,Yes,Yes,Yes,No,4903.15,No
1821-BUCWY,Male,0,No,No,30,Yes,DSL,Yes,No,Yes,No,1653.85,No
8263-JQAIK,Male,1,No,No,2,No,DSL,No,No,No,No,47.5,Yes
0023-UYUPN,Female,1,Yes,No,50,Yes,No,No internet service,No internet service,No internet service,No internet service,1306.3,No
8314-DPQHL,Male,0,No,No,9,No,DSL,Yes,No,Yes,Yes,463.6,No
1465-WCZVT,Female,0,Yes,Yes,3,Yes,No,No internet service,No internet service,No internet service,No internet service,60.65,No
9481-SFCQY,Female,0,No,Yes,14,Yes,DSL,No,No,Yes,No,824.85,No
6360-SVNWV,Female,1,No,No,31,Yes,Fiber optic,Yes,No,No,No,2094.65,No
0567-GGCAC,Female,0,No,No,7,Yes,DSL,Yes,Yes,Yes,No,438.9,No
7089-IVVAZ,Female,0,No,No,8,Yes,Fiber optic,Yes,No,No,Yes,847.3,Yes
8884-MRNSU,Male,0,Yes,Yes,17,Yes,No,No internet service,No internet service,No internet service,No internet service,329.75,No
2171-UDMFD,Male,0,Yes,Yes,32,Yes,No,No internet service,No internet service,No internet service,No internet service,674.55,No
9050-IKDZA,Female,1,No,No,2,Yes,Fiber optic,No,No,No,No,162.55,No
2205-YMZZJ,Male,1,No,No,7,Yes,Fiber optic,No,No,No,No,546.95,Yes
9802-CAQUT,Female,0,Yes,Yes,72,Yes,Fiber optic,Yes,Yes,Yes,No,7887.25,No
1254-IZEYF,Female,1,No,No,31,Yes,Fiber optic,No,Yes,No,No,3186.65,Yes
0187-WZNAB,Female,0,Yes,Yes,27,Yes,Fiber optic,Yes,No,No,No,1972.35,No
9492-TOKRI,Female,0,No,No,18,Yes,Fiber optic,No,Yes,No,No,1527.35,Yes
1475-VWVDO,Male,0,No,No,7,Yes,Fiber optic,No,No,Yes,No,490.55,No
9221-OTIVJ,Female,1,No,No,14,Yes,Fiber optic,No,Yes,Yes,No,1531.4,Yes
1357-MVDOZ,Male,0,Yes,Yes,11,Yes,DSL,No,No,Yes,No,683.25,No
7602-MVRMB,Female,0,Yes,Yes,72,Yes,Fiber optic,Yes,No,Yes,Yes,8058.85,No
3325-FUYCG,Male,0,Yes,Yes,28,Yes,Fiber optic,Yes,Yes,No,No,2847.4,Yes
5908-QMGOE,Male,1,No,No,15,Yes,Fiber optic,No,No,No,No,1133.9,Yes
1197-BVMVG,Female,1,No,No,4,Yes,Fiber optic,No,No,No,No,294.45,No
5406-KGRMX,Female,0,No,No,71,Yes,No,No internet service,No internet service,No internet service,No internet service,1719.15,No
8481-YYXWG,Female,0,No,No,5,Yes,Fiber optic,No,Yes,No,Yes,461.7,Yes
5968-HYJRZ,Male,0,Yes,Yes,47,Yes,No,No internet service,No internet service,No internet service,No internet service,1160.45,No
5198-EFNBM,Male,1,Yes,No,57,Yes,Fiber optic,No,Yes,Yes,No,5199.8,No
7516-GMHUV,Male,1,Yes,No,50,Yes,Fiber optic,Yes,No,Yes,No,5163.3,No
7140-ADSMJ,Male,0,No,No,8,Yes,No,No internet service,No internet service,No internet service,No internet service,162.3,No
2230-XTUWL,Female,0,Yes,Yes,48,Yes,No,No internet service,No internet service,No internet service,No internet service,883.35,No
7706-YLMQA,Female,0,No,No,70,Yes,No,No internet service,No internet service,No internet service,No internet service,1341.5,No
2585-KTFRE,Male,0,No,Yes,1,Yes,DSL,Yes,Yes,No,Yes,70.45,No
7994-UYIVZ,Male,0,Yes,No,8,Yes,Fiber optic,No,No,No,No,659.45,No
2609-IAICY,Female,0,No,No,1,Yes,Fiber optic,No,No,No,No,77.15,Yes
1740-CSDJP,Male,0,No,No,1,No,DSL,No,No,No,No,35.25,Yes
7717-BICXI,Male,0,Yes,Yes,60,Yes,No,No internet service,No internet service,No internet service,No internet service,1205.05,No
6559-RAKOZ,Male,0,Yes,Yes,49,Yes,Fiber optic,No,No,No,Yes,4917.9,No
2636-OHFMN,Male,0,Yes,No,4,No,DSL,No,Yes,No,No,201,Yes
4716-MRVEN,Female,0,No,No,29,Yes,No,No internet service,No internet service,No internet service,No internet service,599.3,No
2143-LJULT,Female,0,Yes,No,67,Yes,No,No internet service,No internet service,No internet service,No internet service,1733.15,No
1323-OOEPC,Female,0,Yes,No,53,Yes,Fiber optic,No,Yes,No,No,5149.5,Yes
3200-MNQTF,Male,0,Yes,No,67,Yes,DSL,Yes,Yes,Yes,Yes,4677.1,No
6164-HXUGH,Female,0,Yes,Yes,6,Yes,No,No internet service,No internet service,No internet service,No internet service,119.3,No
5630-IXDXV,Female,0,No,No,47,Yes,Fiber optic,No,Yes,Yes,No,4849.1,No
0320-DWVTU,Female,0,No,No,53,Yes,Fiber optic,Yes,Yes,Yes,Yes,5424.25,No
9135-MGVPY,Male,0,Yes,No,69,Yes,DSL,Yes,Yes,Yes,Yes,5878.9,No
1212-GLHMD,Male,0,No,No,3,Yes,Fiber optic,Yes,No,No,No,244.85,No
7878-JGDKK,Male,0,No,No,4,Yes,DSL,No,No,No,No,220.75,No
1088-AUUZZ,Male,0,Yes,Yes,56,Yes,DSL,Yes,Yes,No,Yes,4261.2,No
0397-GZBBC,Male,1,Yes,No,59,Yes,Fiber optic,No,No,No,No,5574.75,Yes
6614-YWYSC,Male,1,Yes,No,61,Yes,No,No internet service,No internet service,No internet service,No internet service,1501.75,No
9588-OZDMQ,Female,0,Yes,No,2,Yes,DSL,No,No,No,No,89.75,No
7641-EUYET,Male,1,Yes,Yes,46,Yes,Fiber optic,Yes,Yes,Yes,No,4541.2,Yes
6476-EPYZR,Male,0,Yes,Yes,12,Yes,No,No internet service,No internet service,No internet service,No internet service,255.5,No
9921-ZVRHG,Female,0,No,No,14,Yes,Fiber optic,No,No,Yes,No,1072,Yes
1174-FGIFN,Female,0,Yes,Yes,28,Yes,Fiber optic,No,No,No,Yes,2509.25,No
6620-HVDUJ,Male,0,No,No,24,Yes,DSL,Yes,Yes,No,Yes,1440.75,No
4701-MLJPN,Male,0,No,No,31,Yes,DSL,No,No,Yes,Yes,1715.65,Yes
1032-MAELW,Female,0,Yes,Yes,68,Yes,DSL,Yes,Yes,Yes,Yes,5333.35,No
7641-TQFHN,Male,0,No,Yes,39,Yes,Fiber optic,No,No,No,Yes,3895.35,No
1552-TKMXS,Female,0,Yes,No,42,Yes,No,No internet service,No internet service,No internet service,No internet service,869.9,No
9206-GVPEQ,Male,0,Yes,No,13,No,DSL,Yes,No,No,Yes,706.85,Yes
8622-ZLFKO,Female,0,Yes,No,6,Yes,Fiber optic,No,Yes,No,No,512.25,No
1596-BBVTG,Male,0,No,No,35,Yes,Fiber optic,No,No,No,No,2636.05,Yes
6188-UXBBR,Female,0,Yes,No,38,Yes,No,No internet service,No internet service,No internet service,No internet service,814.75,No
2333-KWEWW,Male,0,No,No,18,Yes,No,No internet service,No internet service,No internet service,No internet service,388.6,No
5702-SKUOB,Female,0,Yes,No,4,Yes,No,No internet service,No internet service,No internet service,No internet service,93.45,No
1134-YWTYF,Male,0,Yes,No,27,Yes,DSL,No,Yes,No,Yes,1389.85,No
6061-GWWAV,Male,0,No,Yes,41,Yes,DSL,Yes,Yes,Yes,No,2894.55,No
0679-TDGAK,Male,0,Yes,Yes,50,Yes,DSL,Yes,No,No,Yes,4025.6,No
6585-WCEWR,Male,0,Yes,Yes,72,Yes,No,No internet service,No internet service,No internet service,No internet service,1354.4,No
9067-YGSCA,Female,0,No,No,70,Yes,No,No internet service,No internet service,No internet service,No internet service,1856.4,No
9067-SQTNS,Male,0,Yes,Yes,44,Yes,No,No internet service,No internet service,No internet service,No internet service,926,No
8433-WXGNA,Male,0,No,No,2,Yes,Fiber optic,Yes,No,No,No,189.2,Yes
1776-SPBWV,Female,0,Yes,Yes,34,Yes,No,No internet service,No internet service,No internet service,No internet service,682.1,No
8735-SDUFN,Female,1,Yes,No,72,Yes,No,No internet service,No internet service,No internet service,No internet service,1778.7,No
9668-PUGNU,Male,0,Yes,No,71,Yes,No,No internet service,No internet service,No internet service,No internet service,1816.2,No
9405-GPBBG,Female,0,No,No,64,Yes,Fiber optic,No,Yes,Yes,Yes,7069.25,No
1926-QUZNN,Female,0,Yes,No,72,Yes,No,No internet service,No internet service,No internet service,No internet service,1841.2,No
3707-GNWHM,Male,0,No,No,1,Yes,Fiber optic,No,No,No,No,74.25,Yes
7016-NVRIC,Male,1,Yes,No,29,Yes,Fiber optic,Yes,No,Yes,No,2656.7,No
5829-NVSQN,Female,0,Yes,No,23,Yes,DSL,Yes,No,Yes,Yes,1689.45,No
9565-AXSMR,Male,0,Yes,Yes,52,Yes,No,No internet service,No internet service,No internet service,No internet service,1054.75,No
8922-LIEGH,Female,1,No,No,25,Yes,Fiber optic,No,Yes,No,No,2187.55,Yes
8869-LIHMK,Female,0,No,No,64,Yes,Fiber optic,Yes,Yes,Yes,Yes,7334.05,No
8245-UMPYT,Female,1,No,No,16,Yes,Fiber optic,No,No,No,No,1581.2,Yes
5186-SAMNZ,Male,1,No,No,1,Yes,Fiber optic,No,No,No,No,69.5,Yes
0447-RXSGD,Male,0,No,No,24,Yes,Fiber optic,No,Yes,No,No,2404.85,No
4927-WWOOZ,Male,0,Yes,No,2,Yes,Fiber optic,No,No,Yes,No,171.45,No
5788-YPOEG,Female,0,Yes,Yes,34,Yes,DSL,Yes,Yes,Yes,Yes,2839.45,No
5373-SFODM,Male,1,Yes,No,36,Yes,Fiber optic,No,No,No,No,3132.75,Yes
0661-KBKPA,Male,0,Yes,Yes,53,Yes,DSL,No,No,Yes,Yes,3942.45,No
9081-WWXKP,Female,0,Yes,Yes,47,Yes,No,No internet service,No internet service,No internet service,No internet service,873.4,No
0784-ZQJZX,Male,0,No,Yes,72,Yes,No,No internet service,No internet service,No internet service,No internet service,1529.65,No
3133-PZNSR,Male,0,Yes,Yes,72,Yes,Fiber optic,Yes,Yes,No,Yes,6991.6,No
5766-ZJYBB,Male,0,No,No,1,Yes,No,No internet service,No internet service,No internet service,No internet service,19.4,Yes
8931-GJJIQ,Female,0,No,No,9,Yes,Fiber optic,No,No,No,No,803.3,Yes
4277-PVRAN,Female,0,No,No,8,Yes,Fiber optic,No,No,No,No,679.3,Yes
0022-TCJCI,Male,1,No,No,45,Yes,DSL,Yes,No,Yes,No,2791.5,Yes
0722-SVSFK,Female,0,No,No,7,Yes,Fiber optic,No,No,Yes,Yes,715,No
3612-YVGSJ,Female,0,Yes,No,71,Yes,No,No internet service,No internet service,No internet service,No internet service,1681.6,No
9825-YCXWZ,Female,1,No,No,41,Yes,Fiber optic,No,No,Yes,Yes,4016.2,No
5397-NSKQG,Male,0,Yes,Yes,67,No,DSL,Yes,No,No,No,3281.65,No
8565-HBFNN,Male,0,Yes,No,69,Yes,Fiber optic,Yes,Yes,Yes,Yes,7317.1,No
2000-DHJUY,Female,1,Yes,No,70,Yes,DSL,Yes,Yes,Yes,Yes,6474.45,No
0203-HHYIJ,Male,0,No,No,25,Yes,No,No internet service,No internet service,No internet service,No internet service,676.35,Yes
8670-ERCJH,Male,0,No,No,72,Yes,Fiber optic,Yes,Yes,Yes,Yes,8164.1,No
7758-UJWYS,Male,0,Yes,Yes,34,No,DSL,No,No,No,Yes,1325.85,No
2050-ONYDQ,Female,0,Yes,Yes,65,Yes,No,No internet service,No internet service,No internet service,No internet service,1654.85,No
7055-JCGNI,Female,0,No,No,70,Yes,Fiber optic,Yes,Yes,Yes,Yes,7795.95,No
0739-UUAJR,Female,0,Yes,Yes,72,No,DSL,Yes,No,Yes,No,3952.45,No
4826-DXMUP,Male,0,No,Yes,35,Yes,DSL,No,No,No,Yes,2495.15,No
0952-KMEEH,Male,0,No,No,13,Yes,Fiber optic,Yes,No,No,No,1230.25,Yes
7285-KLOTR,Female,0,Yes,No,12,Yes,DSL,Yes,No,Yes,No,876.75,No
0654-PQKDW,Female,0,Yes,Yes,62,Yes,DSL,Yes,No,Yes,Yes,4263.45,No
7175-NTIXE,Female,0,No,No,25,Yes,DSL,Yes,No,No,Yes,1992.95,No
7963-SHNDT,Female,0,No,No,52,No,DSL,Yes,Yes,No,Yes,1982.1,No
9796-BPKIW,Male,1,No,No,8,Yes,Fiber optic,No,No,No,No,562.7,No
0188-GWFLE,Male,0,No,No,2,Yes,No,No internet service,No internet service,No internet service,No internet service,33.7,No
8129-GMVGI,Female,0,Yes,Yes,56,Yes,No,No internet service,No internet service,No internet service,No internet service,1090.1,No
2882-DDZPG,Female,0,No,No,12,Yes,No,No internet service,No internet service,No internet service,No internet service,227.45,No
3547-LQRIK,Female,0,Yes,No,47,Yes,No,No internet service,No internet service,No internet service,No internet service,1250.85,No
9137-NOQKA,Male,1,No,No,2,Yes,No,No internet service,No internet service,No internet service,No internet service,37.2,No
5843-TTHGI,Female,0,No,No,18,Yes,DSL,No,No,Yes,No,892.7,No
1849-RJYIG,Female,0,No,No,8,Yes,DSL,Yes,No,No,No,487.75,No
8868-GAGIO,Male,0,Yes,No,45,Yes,Fiber optic,Yes,No,Yes,No,3713.95,No
4061-UKJWL,Male,0,No,No,3,Yes,DSL,No,No,No,No,141.7,No
5380-XPJNZ,Female,0,No,No,38,Yes,No,No internet service,No internet service,No internet service,No internet service,678.2,No
8263-QMNTJ,Male,0,Yes,No,72,Yes,Fiber optic,Yes,Yes,Yes,Yes,8425.3,No
8178-EYZUO,Male,0,No,No,46,Yes,Fiber optic,Yes,Yes,No,No,4154.8,Yes
3230-JCNZS,Female,0,Yes,Yes,71,Yes,Fiber optic,Yes,Yes,Yes,No,7061.65,No
0277-ORXQS,Male,0,Yes,Yes,66,No,DSL,No,No,No,Yes,3364.55,No
5130-IEKQT,Male,1,No,No,25,Yes,Fiber optic,No,Yes,Yes,No,2655.25,Yes
3230-WYKIR,Male,0,No,No,18,Yes,DSL,No,No,Yes,Yes,1425.45,Yes
7996-BPXHY,Female,0,Yes,Yes,13,Yes,No,No internet service,No internet service,No internet service,No internet service,332.5,No
3227-WLKLI,Female,0,Yes,Yes,65,Yes,DSL,Yes,Yes,Yes,Yes,5963.95,No
0407-BDJKB,Male,0,Yes,No,60,Yes,Fiber optic,No,Yes,Yes,No,5742.9,Yes
2266-FUBDZ,Male,0,Yes,Yes,15,Yes,No,No internet service,No internet service,No internet service,No internet service,278.85,No
8237-ULIXL,Female,0,Yes,No,72,Yes,No,No internet service,No internet service,No internet service,No internet service,1871.85,No
9600-UDOPK,Male,0,Yes,No,30,Yes,Fiber optic,No,No,No,No,2866.45,Yes
8216-AZUUZ,Female,0,Yes,Yes,42,Yes,Fiber optic,No,No,Yes,Yes,4303.65,No
9153-BTBVV,Female,0,Yes,No,71,Yes,No,No internet service,No internet service,No internet service,No internet service,1753,No
4074-SJFFA,Female,0,No,No,1,Yes,DSL,No,No,No,No,54.75,Yes
3269-ATYWD,Male,1,No,No,39,Yes,Fiber optic,No,No,No,No,3759.05,Yes
5186-PEIZU,Female,0,No,No,35,Yes,No,No internet service,No internet service,No internet service,No internet service,617.65,No
1074-AMIOH,Female,0,Yes,Yes,53,Yes,Fiber optic,No,Yes,Yes,Yes,5935.1,No
4910-GMJOT,Female,0,No,No,1,Yes,Fiber optic,No,No,No,No,94.6,Yes
0354-WYROK,Female,1,Yes,Yes,31,Yes,Fiber optic,No,No,Yes,Yes,2911.3,Yes
4361-FEBGN,Male,0,No,No,48,Yes,No,No internet service,No internet service,No internet service,No internet service,982.95,No
7748-UMTRK,Female,1,No,Yes,30,Yes,Fiber optic,No,No,No,Yes,2974.5,No
0380-ZCSBI,Male,0,No,No,10,Yes,No,No internet service,No internet service,No internet service,No internet service,198.7,No
7145-FEJWU,Female,0,No,Yes,12,Yes,Fiber optic,No,Yes,Yes,No,1275.65,No
6463-MVYRY,Female,1,No,No,57,Yes,DSL,Yes,No,Yes,Yes,4003,No
3969-JQABI,Female,0,Yes,No,58,Yes,DSL,Yes,Yes,No,No,3791.6,No
9624-EGDEQ,Female,0,No,No,37,Yes,No,No internet service,No internet service,No internet service,No internet service,813.3,No
1051-EQPZR,Female,0,Yes,Yes,44,Yes,No,No internet service,No internet service,No internet service,No internet service,780.25,No
5849-ASHZJ,Male,0,No,Yes,27,Yes,No,No internet service,No internet service,No internet service,No internet service,552.9,No
5780-INQIK,Female,0,No,No,8,Yes,DSL,No,No,No,Yes,408.25,No
7576-OYWBN,Male,1,No,No,3,Yes,Fiber optic,No,No,No,No,231.8,Yes
4526-ZJJTM,Female,1,Yes,No,25,Yes,Fiber optic,No,Yes,Yes,No,2191.15,No
8384-FZBJK,Female,0,Yes,Yes,57,Yes,Fiber optic,No,Yes,No,No,5611.7,No
3750-RNQKR,Female,0,No,No,12,Yes,No,No internet service,No internet service,No internet service,No internet service,246.25,No
0962-CQPWQ,Female,0,Yes,Yes,62,Yes,No,No internet service,No internet service,No internet service,No internet service,1296.15,No
3096-YXENJ,Female,0,Yes,No,65,Yes,Fiber optic,No,Yes,Yes,Yes,7082.85,No
1265-BCFEO,Female,0,Yes,No,71,Yes,DSL,No,No,Yes,Yes,5662.25,No
5837-LXSDN,Female,0,Yes,Yes,21,Yes,DSL,No,Yes,No,No,1215.45,No
5945-AZYHT,Male,0,Yes,No,71,Yes,Fiber optic,Yes,Yes,Yes,No,7854.15,No
8325-QRPZR,Female,0,No,No,7,Yes,Fiber optic,No,No,Yes,No,525,No
6384-VMJHP,Female,0,No,No,72,Yes,DSL,Yes,Yes,Yes,Yes,5265.2,No
2262-SLNVK,Female,0,No,No,1,Yes,Fiber optic,No,No,No,No,70.1,No
7730-CLDSV,Female,0,Yes,Yes,72,Yes,Fiber optic,No,Yes,Yes,Yes,7129.45,No
1135-HIORI,Female,0,Yes,Yes,64,Yes,Fiber optic,No,Yes,Yes,Yes,7266.95,No
0164-APGRB,Female,0,No,No,72,Yes,Fiber optic,Yes,Yes,Yes,Yes,8496.7,No
6481-ESCNL,Female,0,No,No,29,Yes,Fiber optic,No,No,Yes,No,2878.75,No
1790-NESIO,Female,0,No,No,13,Yes,No,No internet service,No internet service,No internet service,No internet service,261.3,No
1550-EENBN,Female,0,No,No,31,Yes,Fiber optic,Yes,Yes,No,No,3205.6,No
5539-TMZLF,Male,1,No,No,1,Yes,Fiber optic,No,No,No,No,69.75,Yes
4323-SADQS,Male,0,Yes,Yes,7,No,DSL,Yes,No,No,Yes,279.25,Yes
4446-BZKHU,Male,0,Yes,No,61,Yes,Fiber optic,No,Yes,Yes,No,6281.45,Yes
5202-IVJNU,Female,0,No,Yes,39,No,DSL,No,No,Yes,No,1131.3,Yes
5976-JCJRH,Male,0,Yes,No,10,Yes,Fiber optic,No,No,No,No,738.2,Yes
8198-RKSZG,Female,0,Yes,Yes,14,Yes,DSL,No,Yes,No,Yes,1137.05,No
0137-OCGAB,Female,0,No,No,1,Yes,Fiber optic,No,Yes,No,No,80.2,Yes
3351-NQLDI,Female,0,Yes,Yes,67,Yes,Fiber optic,Yes,No,No,Yes,6341.45,Yes
9297-EONCV,Female,0,No,No,72,Yes,DSL,Yes,Yes,Yes,Yes,6697.2,No
7593-JNWRU,Male,0,Yes,Yes,6,Yes,DSL,No,No,No,No,260.8,Yes
4588-YBNIB,Female,0,No,No,1,Yes,No,No internet service,No internet service,No internet service,No internet service,19.6,Yes
1069-QJOEE,Male,0,Yes,Yes,25,Yes,No,No internet service,No internet service,No internet service,No internet service,505.45,No
3336-JORSO,Female,1,No,No,33,Yes,Fiber optic,No,Yes,Yes,Yes,3655.45,Yes
7799-DSEWS,Male,0,No,No,18,Yes,DSL,Yes,No,Yes,Yes,1299.8,No
8766-PAFNE,Male,0,Yes,No,71,Yes,DSL,No,Yes,Yes,Yes,5564.85,No
5315-CKEQK,Male,1,Yes,Yes,28,Yes,DSL,No,No,No,No,1381.8,No
3130-ICDUP,Female,0,No,Yes,2,Yes,Fiber optic,Yes,No,No,No,188.1,No
0820-FNRNX,Male,0,Yes,Yes,17,Yes,DSL,No,Yes,Yes,Yes,1077.05,No
0880-FVFWF,Male,0,No,No,56,Yes,Fiber optic,Yes,Yes,No,No,4922.4,No
4611-ANLQC,Female,0,Yes,No,60,No,DSL,Yes,Yes,Yes,No,2911.5,No
4213-HKBJO,Female,0,No,No,33,Yes,No,No internet service,No internet service,No internet service,No internet service,826.1,No
2792-LSHWX,Female,0,No,No,1,Yes,Fiber optic,Yes,Yes,No,Yes,83.4,No
5028-GZLDO,Male,0,No,No,2,Yes,Fiber optic,No,No,No,No,140.7,Yes
0014-BMAQU,Male,0,Yes,No,63,Yes,Fiber optic,Yes,No,No,Yes,5377.8,No
6861-XWTWQ,Male,1,Yes,No,7,Yes,Fiber optic,No,No,Yes,No,665.45,Yes
9018-PCIOK,Female,0,No,No,55,Yes,DSL,No,Yes,Yes,No,3617.1,No
4837-QUSFT,Female,0,Yes,No,65,Yes,Fiber optic,Yes,Yes,No,Yes,6643.5,No
6877-TJMBR,Male,0,Yes,No,1,Yes,Fiber optic,No,No,No,Yes,84.8,Yes
9953-ZMKSM,Male,0,No,No,63,Yes,No,No internet service,No internet service,No internet service,No internet service,1559.3,No
0907-HQNTS,Female,1,Yes,No,70,Yes,Fiber optic,Yes,Yes,Yes,Yes,7987.6,No
7665-NKLAV,Female,0,Yes,Yes,36,No,DSL,Yes,No,Yes,Yes,1547.35,No
6769-DCQLI,Male,0,No,No,52,Yes,Fiber optic,No,Yes,Yes,Yes,5426.85,Yes
2433-KMEAS,Male,0,No,No,22,Yes,DSL,Yes,No,No,No,1127.35,Yes
4391-LNRXK,Male,0,No,No,22,Yes,Fiber optic,No,Yes,Yes,Yes,2142.8,No
8250-ZNGGW,Female,1,No,No,5,Yes,DSL,Yes,Yes,No,Yes,287.85,No
2195-ZRVAX,Female,0,Yes,No,47,Yes,Fiber optic,No,No,Yes,No,4045.65,Yes
3550-SAHFP,Female,0,No,No,33,Yes,Fiber optic,No,No,No,No,2757.85,Yes
2011-TRQYE,Male,0,No,No,18,No,DSL,No,Yes,Yes,No,600,Yes
8562-GHPPI,Female,0,No,No,1,Yes,No,No internet service,No internet service,No internet service,No internet service,19.8,No
5893-PYOLZ,Male,0,No,No,56,Yes,DSL,No,Yes,Yes,Yes,4534.45,No
4986-MXSFP,Female,0,No,No,2,Yes,No,No internet service,No internet service,No internet service,No internet service,40.9,No
6131-FOYAS,Male,0,No,No,35,Yes,DSL,Yes,No,Yes,No,2094.9,No
3027-YNWZU,Female,0,Yes,No,64,Yes,No,No internet service,No internet service,No internet service,No internet service,1584.8,No
5609-IMCGG,Female,0,No,No,15,Yes,Fiber optic,Yes,No,Yes,No,1302.65,No
4873-ILOLJ,Male,0,No,No,24,Yes,Fiber optic,No,No,No,No,2238.5,Yes
4727-MCYZG,Male,0,No,No,1,Yes,DSL,No,No,No,No,55.55,No
9481-WHGWY,Female,0,Yes,Yes,70,Yes,DSL,Yes,No,No,Yes,5437.75,No
2725-KXXWT,Male,0,Yes,No,1,Yes,Fiber optic,No,No,No,No,90.75,Yes
9565-DJPIB,Female,0,No,Yes,4,Yes,Fiber optic,No,Yes,No,No,365.65,Yes
4328-VUFWD,Female,0,No,No,39,Yes,DSL,No,No,No,Yes,2209.15,No
3301-LSLWQ,Female,0,No,No,29,Yes,DSL,Yes,No,No,No,1912.15,No
7473-ZBDSN,Female,0,Yes,Yes,14,Yes,No,No internet service,No internet service,No internet service,No internet service,255.55,No
3166-PNEOF,Female,0,No,No,61,Yes,DSL,Yes,No,Yes,Yes,5175.3,No
5639-NTUPK,Male,0,No,Yes,13,Yes,DSL,Yes,No,No,No,670.65,No
8780-YRMTT,Female,0,No,No,66,No,DSL,Yes,Yes,Yes,Yes,3177.25,No
8348-HFYIV,Male,0,No,No,2,No,DSL,No,No,Yes,No,90.35,Yes
5140-FOMCQ,Female,0,Yes,No,59,Yes,Fiber optic,Yes,Yes,Yes,No,6557.75,No
6242-SGYTS,Male,0,Yes,Yes,62,Yes,Fiber optic,Yes,Yes,No,No,5791.85,No
8166-ORCHU,Male,1,Yes,No,33,Yes,Fiber optic,Yes,Yes,No,Yes,3055.5,No
8414-OOEEL,Male,0,No,Yes,66,Yes,DSL,No,Yes,Yes,Yes,5196.1,No
8454-AATJP,Female,0,No,No,72,Yes,Fiber optic,Yes,Yes,Yes,Yes,8405,No
6849-WLEYG,Male,0,No,Yes,1,Yes,No,No internet service,No internet service,No internet service,No internet service,19.75,Yes
4659-NZRUF,Female,0,No,No,19,Yes,Fiber optic,Yes,Yes,No,No,1789.25,Yes
4531-AUZNK,Female,0,Yes,Yes,51,Yes,Fiber optic,Yes,No,No,Yes,5000.05,No
4191-XOVOM,Male,0,No,No,63,Yes,Fiber optic,No,Yes,No,Yes,6713.2,No
2150-OEGBV,Male,0,No,No,27,Yes,No,No internet service,No internet service,No internet service,No internet service,562.6,No
8429-XIBUM,Male,0,No,No,22,Yes,Fiber optic,Yes,No,No,No,2317.1,Yes
1855-CFULU,Female,1,No,No,4,Yes,No,No internet service,No internet service,No internet service,No internet service,91.45,No
4878-BUNFV,Male,0,Yes,Yes,42,Yes,No,No internet service,No internet service,No internet service,No internet service,828.85,No
1872-EBWSC,Female,0,No,No,29,Yes,No,No internet service,No internet service,No internet service,No internet service,617.35,No
2608-BHKFN,Female,0,No,No,4,Yes,Fiber optic,No,No,No,No,266.9,Yes
7026-YMSBE,Male,0,No,No,30,Yes,No,No internet service,No internet service,No internet service,No internet service,625.05,No
7341-LXCAF,Male,0,Yes,No,4,Yes,Fiber optic,No,No,No,No,301.4,Yes
6997-UVGOX,Male,0,Yes,Yes,71,Yes,DSL,Yes,Yes,Yes,Yes,6029.9,No
9674-EHPPG,Male,0,Yes,No,46,No,DSL,Yes,No,Yes,Yes,1842.7,No
9462-MJUAW,Male,0,No,No,4,Yes,DSL,No,No,No,No,206.6,Yes
8128-YVJRG,Female,0,No,No,7,Yes,Fiber optic,Yes,No,No,No,604.7,Yes
5440-VHLUL,Male,0,No,No,69,Yes,Fiber optic,No,Yes,No,Yes,7386.05,No
5781-BKHOP,Female,0,Yes,No,72,Yes,Fiber optic,Yes,Yes,Yes,No,7334.05,No
4283-FUTGF,Male,1,No,No,19,Yes,Fiber optic,No,No,Yes,No,1471.75,Yes
5213-TWWJU,Male,0,No,No,28,Yes,Fiber optic,No,No,Yes,Yes,2626.15,No
1569-TTNYJ,Male,0,Yes,No,5,Yes,Fiber optic,No,Yes,No,No,412.1,Yes
8628-MFKAX,Female,1,Yes,No,72,Yes,Fiber optic,Yes,Yes,Yes,Yes,8277.05,No
2397-BRLOM,Male,1,Yes,Yes,8,Yes,Fiber optic,No,No,No,No,583.45,Yes
7629-WIXZF,Female,0,No,No,7,Yes,DSL,Yes,No,No,No,369.25,No
5445-GLVOT,Female,0,No,No,22,Yes,DSL,Yes,No,No,No,1049.05,No
3976-HXHCE,Male,0,No,No,72,Yes,No,No internet service,No internet service,No internet service,No internet service,1414.8,No
2466-NEJOJ,Male,0,Yes,Yes,8,Yes,No,No internet service,No internet service,No internet service,No internet service,169.75,No
0254-KCJGT,Male,0,Yes,No,52,Yes,DSL,Yes,Yes,Yes,Yes,4354.45,No
5472-CVMDX,Female,0,No,No,68,No,DSL,Yes,No,Yes,Yes,2719.2,No
6461-SZMCV,Female,0,Yes,No,71,Yes,DSL,Yes,Yes,Yes,Yes,6365.35,No
8150-QUDFX,Male,0,No,No,2,Yes,No,No internet service,No internet service,No internet service,No internet service,51.6,No
9508-ILZDG,Female,1,No,No,34,Yes,Fiber optic,No,Yes,No,Yes,3190.25,No
2346-DJQTB,Female,0,No,No,35,No,DSL,No,No,No,No,812.5,No
1697-LYYYX,Female,0,Yes,Yes,61,Yes,No,No internet service,No internet service,No internet service,No internet service,1143.8,No
1942-OQFRW,Male,0,No,No,1,Yes,DSL,No,No,No,No,44,No
4749-VFKVB,Female,0,No,No,1,Yes,DSL,No,No,No,No,50.1,Yes
9640-ZSLDC,Female,0,Yes,Yes,53,Yes,DSL,No,No,Yes,No,3297,No
4231-LZUYM,Female,0,Yes,No,72,Yes,No,No internet service,No internet service,No internet service,No internet service,1887,No
7598-UAASY,Male,0,Yes,No,2,Yes,Fiber optic,No,No,Yes,No,151.8,Yes
7938-OUHIO,Male,0,No,No,3,Yes,Fiber optic,No,No,Yes,Yes,293.65,Yes
8510-AWCXC,Female,1,No,No,13,Yes,Fiber optic,Yes,No,No,No,1308.1,Yes
6128-AQBMT,Male,1,Yes,No,41,No,DSL,No,Yes,Yes,No,2215.4,No
3594-BDSOA,Female,0,Yes,No,24,Yes,No,No internet service,No internet service,No internet service,No internet service,482.8,No
0431-APWVY,Female,0,Yes,Yes,28,Yes,Fiber optic,No,No,No,No,2598.95,Yes
5133-VRSAB,Male,0,No,No,8,No,DSL,Yes,No,No,No,216.45,No
5996-DAOQL,Male,0,No,No,1,Yes,No,No internet service,No internet service,No internet service,No internet service,20.45,No
6838-YAUVY,Female,0,No,No,54,Yes,Fiber optic,No,No,Yes,Yes,5064.85,No
0484-JPBRU,Male,0,No,No,41,Yes,No,No internet service,No internet service,No internet service,No internet service,996.45,No
7883-ROJOC,Female,0,Yes,No,19,Yes,DSL,No,No,No,No,839.65,No
0244-LGNFY,Female,0,Yes,Yes,72,Yes,DSL,Yes,Yes,Yes,Yes,6733,No
7274-CGTOD,Male,0,No,No,62,No,DSL,Yes,Yes,Yes,Yes,2618.3,No
4295-YURET,Female,1,Yes,Yes,56,Yes,DSL,Yes,No,No,Yes,4084.35,No
3426-NIYYL,Male,0,No,No,15,Yes,DSL,No,No,No,No,765.5,Yes
8225-BTJAU,Male,1,No,No,10,Yes,Fiber optic,No,No,No,No,793.55,Yes
4635-EJYPD,Male,0,Yes,Yes,32,Yes,No,No internet service,No internet service,No internet service,No internet service,613.95,No
1866-ZSLJM,Male,0,No,No,21,Yes,No,No internet service,No internet service,No internet service,No internet service,402.85,No
4636-TVXVG,Male,0,Yes,Yes,62,Yes,No,No internet service,No internet service,No internet service,No internet service,1244.8,No
4236-UJPWO,Female,0,No,No,2,No,DSL,No,No,No,No,46.4,No
9392-XBGTD,Male,0,No,Yes,27,Yes,No,No internet service,No internet service,No internet service,No internet service,581.85,No
3387-VATUS,Male,0,No,No,5,Yes,Fiber optic,No,No,No,No,462.8,Yes
6402-SSEJG,Female,0,No,No,25,No,DSL,Yes,Yes,Yes,No,1540.2,No
1143-NMNQJ,Female,0,No,No,2,Yes,Fiber optic,No,No,No,No,169.8,Yes
1169-SAOCL,Male,0,No,No,49,Yes,Fiber optic,No,Yes,No,Yes,5168.1,No
1110-KYLGQ,Female,0,No,No,63,Yes,Fiber optic,Yes,Yes,Yes,No,6780.1,No
9929-PLVPA,Female,0,No,Yes,4,Yes,No,No internet service,No internet service,No internet service,No internet service,94.5,No
3518-PZXZQ,Female,0,Yes,No,1,Yes,DSL,No,No,No,No,55.3,No
2371-JUNGC,Male,0,No,No,11,Yes,No,No internet service,No internet service,No internet service,No internet service,208,No
7693-QPEFS,Male,1,No,No,52,Yes,Fiber optic,No,No,No,No,3829.75,No
0924-BJCRC,Female,1,Yes,No,60,Yes,Fiber optic,No,Yes,No,No,5294.6,No
5074-FBGHB,Male,0,No,No,64,Yes,Fiber optic,No,No,Yes,Yes,6889.8,No
2351-BKRZW,Female,0,Yes,Yes,43,Yes,DSL,Yes,No,Yes,No,3254.35,No
4455-BFSPD,Female,0,Yes,No,61,Yes,Fiber optic,No,No,No,Yes,6383.9,No
0415-MOSGF,Female,0,No,No,1,Yes,DSL,No,No,No,No,44.4,Yes
1724-BQUHA,Male,1,No,No,5,Yes,Fiber optic,No,No,No,No,477.7,Yes
3948-KXDUF,Male,0,No,No,66,Yes,DSL,Yes,Yes,Yes,Yes,4447.55,No
2323-ARSVR,Male,0,Yes,No,67,Yes,Fiber optic,Yes,Yes,Yes,Yes,7321.05,No
0815-MFZGM,Female,0,Yes,No,42,Yes,Fiber optic,No,No,Yes,Yes,4135,No
4826-XTSOH,Male,1,Yes,No,1,Yes,Fiber optic,No,No,No,No,86.05,Yes
5480-XTFFL,Female,0,Yes,Yes,31,Yes,No,No internet service,No internet service,No internet service,No internet service,697.7,No
8295-FHIVV,Male,0,No,No,7,Yes,No,No internet service,No internet service,No internet service,No internet service,168.65,No
2495-INZWQ,Male,0,No,No,4,No,DSL,No,No,No,No,174.3,Yes
9086-YJYXS,Male,0,Yes,Yes,34,Yes,DSL,No,No,Yes,No,2753.8,No
1179-INLAT,Male,0,No,No,3,Yes,No,No internet service,No internet service,No internet service,No internet service,69.25,No
7909-FIOIY,Female,0,Yes,Yes,19,No,DSL,No,No,No,No,434.8,No
4139-SUGLD,Male,0,Yes,Yes,31,No,DSL,Yes,No,No,Yes,1077.5,Yes
6857-VWJDT,Female,0,No,No,1,Yes,Fiber optic,No,No,No,No,95.65,Yes
6351-SCJKT,Male,0,No,No,3,No,DSL,Yes,No,Yes,Yes,107.25,No
5468-BPMMO,Male,0,Yes,No,46,Yes,No,No internet service,No internet service,No internet service,No internet service,851.2,No
5624-BQSSA,Female,0,No,No,1,Yes,No,No internet service,No internet service,No internet service,No internet service,20.95,Yes
0197-PNKNK,Female,0,Yes,Yes,69,Yes,Fiber optic,Yes,No,Yes,No,5848.6,No
2439-QKJUL,Male,0,No,No,5,Yes,No,No internet service,No internet service,No internet service,No internet service,109.8,No
1194-SPVSP,Male,0,No,No,1,Yes,No,No internet service,No internet service,No internet service,No internet service,19.65,No
9534-NSXEM,Male,0,No,No,26,Yes,No,No internet service,No internet service,No internet service,No internet service,595.5,No
2408-WITXK,Female,1,No,No,10,No,DSL,No,No,No,No,329.8,Yes
8929-KSWIH,Male,0,No,No,25,Yes,Fiber optic,No,No,Yes,Yes,2513.5,No
2250-IVBWA,Male,0,Yes,Yes,64,Yes,Fiber optic,Yes,Yes,No,No,5135.35,No
1810-MVMAI,Male,0,Yes,Yes,30,Yes,DSL,Yes,Yes,Yes,Yes,2000.2,No
9506-UXUSK,Male,0,No,No,13,Yes,Fiber optic,No,No,No,No,931.75,No
1229-RCALF,Female,0,Yes,No,64,Yes,Fiber optic,Yes,Yes,Yes,Yes,7396.15,No
3572-UOLYZ,Female,0,No,Yes,46,Yes,Fiber optic,No,No,Yes,Yes,3958.85,No
1429-UYJSV,Female,0,No,No,12,Yes,No,No internet service,No internet service,No internet service,No internet service,260.9,No
5577-OTWWW,Female,0,No,No,15,Yes,No,No internet service,No internet service,No internet service,No internet service,297.3,Yes
6100-QQHEB,Male,0,Yes,Yes,17,Yes,Fiber optic,No,No,No,No,1515.1,Yes
6366-XIVKZ,Female,0,Yes,Yes,13,Yes,DSL,Yes,No,Yes,No,816.8,No
3470-OBUET,Female,0,Yes,Yes,67,Yes,DSL,Yes,Yes,No,Yes,4868.4,No
2770-NSVDG,Male,0,Yes,No,24,No,DSL,No,No,Yes,No,688,No
9375-MHRRS,Male,0,No,No,6,Yes,DSL,No,No,No,Yes,288.35,No
2634-HCZGT,Male,1,Yes,No,53,Yes,DSL,Yes,No,No,Yes,3229.65,Yes
7503-QQRVF,Male,1,Yes,No,16,Yes,Fiber optic,No,Yes,No,No,1178.25,Yes
4860-YZGZM,Male,0,No,No,10,Yes,No,No internet service,No internet service,No internet service,No internet service,185.4,No
6599-GZWCM,Female,0,No,No,13,Yes,Fiber optic,No,Yes,No,No,966.25,No
2691-NZETQ,Male,0,No,No,9,Yes,Fiber optic,No,No,No,No,758.6,Yes
4404-HIBDJ,Female,0,No,No,25,Yes,DSL,Yes,Yes,Yes,Yes,1863.8,Yes
5533-NHFRF,Male,1,No,No,7,No,DSL,No,Yes,No,Yes,265.8,No
7037-MTYVW,Male,0,Yes,Yes,38,Yes,DSL,Yes,No,Yes,Yes,3297,No
4760-THGOT,Female,0,Yes,No,43,Yes,Fiber optic,Yes,Yes,No,No,4107.3,No
7295-JOMMD,Female,0,No,Yes,4,Yes,Fiber optic,No,No,Yes,Yes,396.3,Yes
4016-BJKTZ,Female,0,No,No,25,Yes,Fiber optic,No,Yes,Yes,Yes,2809.05,No
6584-VQMYT,Male,0,No,Yes,27,Yes,DSL,Yes,Yes,No,No,1567.55,No
9838-BFCQT,Male,0,Yes,Yes,72,Yes,No,No internet service,No internet service,No internet service,No internet service,1851.45,No
2790-XUYMV,Male,0,No,Yes,71,Yes,Fiber optic,Yes,Yes,No,No,6028.95,No
0581-MDMPW,Female,0,No,No,24,Yes,Fiber optic,No,No,Yes,No,2072.75,No
5013-SBUIH,Female,0,No,No,50,Yes,Fiber optic,Yes,Yes,No,Yes,5551.15,Yes
1023-BQXZE,Male,0,No,No,57,Yes,DSL,Yes,No,Yes,No,4317.35,No
9163-GHAYE,Female,0,No,No,15,Yes,DSL,No,Yes,No,No,736.8,No
3904-UKFRE,Male,0,No,No,4,Yes,Fiber optic,Yes,No,No,No,336.15,No
5353-WILCI,Female,0,No,No,28,Yes,DSL,Yes,Yes,No,No,1522.65,No
0709-TVGUR,Female,1,No,No,9,Yes,Fiber optic,No,No,No,No,622.9,Yes
0058-EVZWM,Female,0,Yes,No,55,Yes,Fiber optic,Yes,No,No,No,4959.6,No
6023-YEBUP,Male,0,No,No,3,Yes,Fiber optic,No,No,Yes,No,329.95,Yes
7209-JCUDS,Male,0,No,No,10,Yes,Fiber optic,No,No,Yes,No,1048.85,Yes
7009-PCARS,Male,0,No,Yes,55,Yes,No,No internet service,No internet service,No internet service,No internet service,1001.5,No
0519-DRGTI,Female,0,Yes,Yes,20,Yes,No,No internet service,No internet service,No internet service,No internet service,442.6,No
1017-FBQMM,Female,0,Yes,Yes,62,Yes,Fiber optic,No,Yes,No,Yes,6703.5,No
3001-CBHLQ,Male,1,Yes,No,32,Yes,Fiber optic,No,No,Yes,Yes,3351.55,Yes
1985-MBRYP,Female,0,No,No,43,Yes,No,No internet service,No internet service,No internet service,No internet service,779.25,No
6158-DWPZT,Male,0,Yes,No,9,No,DSL,No,No,No,No,259.8,Yes
9372-TXXPS,Female,0,Yes,No,60,Yes,DSL,Yes,Yes,No,Yes,3483.45,No
3259-QMXUN,Male,0,Yes,No,58,Yes,DSL,Yes,Yes,Yes,No,4890.5,No
1015-JPFYW,Male,0,No,Yes,7,Yes,No,No internet service,No internet service,No internet service,No internet service,136.75,No
6645-MXQJT,Male,0,Yes,Yes,2,Yes,Fiber optic,Yes,No,No,No,184.15,No
4360-QRAVE,Male,1,No,No,37,No,DSL,No,Yes,Yes,No,1315,No
8433-WPJTV,Female,1,Yes,Yes,65,Yes,Fiber optic,No,No,Yes,Yes,6767.1,No
5804-JMYIO,Female,0,Yes,Yes,39,Yes,No,No internet service,No internet service,No internet service,No internet service,757.95,No
3763-GCZHZ,Male,0,Yes,No,66,Yes,Fiber optic,No,Yes,No,Yes,6890,Yes
6484-LATFU,Male,0,No,No,68,Yes,No,No internet service,No internet service,No internet service,No internet service,1657.4,No
7599-NTMDP,Female,0,Yes,Yes,62,No,DSL,Yes,Yes,No,Yes,3008.55,No
0772-GYEQQ,Male,0,No,No,3,Yes,Fiber optic,No,No,Yes,Yes,262.05,Yes
0536-ACXIP,Female,0,Yes,No,72,Yes,Fiber optic,Yes,Yes,Yes,No,8165.1,No
0936-NQLJU,Female,0,Yes,No,41,Yes,No,No internet service,No internet service,No internet service,No internet service,875.55,No
4831-EOBFE,Male,0,Yes,Yes,29,Yes,Fiber optic,Yes,No,No,No,2649.15,Yes
1575-KRZZE,Female,0,No,No,4,Yes,DSL,Yes,Yes,No,No,220.65,No
3251-YMVWZ,Male,0,No,No,53,Yes,No,No internet service,No internet service,No internet service,No internet service,1301.9,No
4102-OQUPX,Male,1,Yes,No,1,Yes,Fiber optic,No,No,No,No,74.4,Yes
9170-GYZJC,Female,0,Yes,Yes,41,Yes,DSL,Yes,Yes,Yes,Yes,3326.2,Yes
4884-LEVMQ,Male,0,Yes,No,39,Yes,No,No internet service,No internet service,No internet service,No internet service,790,No
8857-CUPFQ,Male,0,Yes,No,63,Yes,No,No internet service,No internet service,No internet service,No internet service,1237.65,No
7610-TVOPG,Male,0,No,No,15,Yes,No,No internet service,No internet service,No internet service,No internet service,378.6,No
3638-DIMPH,Female,0,Yes,No,13,Yes,DSL,No,No,No,No,592.65,No
1845-ZLLIG,Male,0,No,No,1,Yes,DSL,No,Yes,No,No,50.15,No
8559-WNQZS,Male,0,No,No,1,Yes,No,No internet service,No internet service,No internet service,No internet service,20.45,No
3999-QGRJH,Male,1,No,No,8,Yes,Fiber optic,No,No,No,No,560.85,Yes
1699-UOTXU,Male,0,No,No,60,Yes,DSL,Yes,Yes,Yes,No,3638.25,No
2454-RPBRZ,Female,1,Yes,No,12,Yes,Fiber optic,No,Yes,Yes,No,1060.2,Yes
0635-WKOLD,Male,0,Yes,No,40,Yes,DSL,No,Yes,No,Yes,2921.75,No
5993-JSUWV,Female,0,No,No,66,Yes,DSL,Yes,Yes,Yes,No,4017.45,No
4518-FZBSX,Male,0,Yes,Yes,42,Yes,No,No internet service,No internet service,No internet service,No internet service,854.9,No
5387-ASZNZ,Female,1,No,No,66,Yes,DSL,Yes,Yes,No,Yes,4174.35,No
6988-CJEYV,Male,0,No,No,49,Yes,Fiber optic,No,Yes,No,No,4920.55,No
2002-MZHWP,Female,0,No,No,1,Yes,No,No internet service,No internet service,No internet service,No internet service,20.5,Yes
3097-FQTVJ,Female,0,No,No,41,Yes,No,No internet service,No internet service,No internet service,No internet service,810.3,No
5465-BUBFA,Female,0,Yes,Yes,41,Yes,No,No internet service,No internet service,No internet service,No internet service,772.4,No
7299-GNVPL,Female,0,Yes,Yes,23,Yes,Fiber optic,Yes,Yes,No,Yes,1936.85,No
9743-DQKQW,Male,0,No,No,3,No,DSL,No,No,No,No,79.8,No
1215-VFYVK,Female,0,No,No,4,No,DSL,Yes,No,Yes,Yes,202.25,No
9371-BITHB,Female,0,Yes,Yes,52,Yes,No,No internet service,No internet service,No internet service,No internet service,1070.5,No
2265-CYWIV,Female,1,Yes,No,4,Yes,Fiber optic,Yes,No,No,No,347.65,Yes
9093-FPDLG,Female,0,No,No,11,Yes,Fiber optic,No,Yes,Yes,Yes,999.9,No
0541-FITGH,Female,0,Yes,No,2,Yes,DSL,Yes,No,No,No,113.1,No
6985-HAYWX,Female,0,Yes,No,26,Yes,Fiber optic,No,Yes,No,No,2015.8,No
7508-KBIMB,Male,0,Yes,Yes,24,Yes,DSL,Yes,No,Yes,No,1454.25,No
6838-HVLXG,Female,0,No,No,12,Yes,No,No internet service,No internet service,No internet service,No internet service,246.7,No
2277-DJJDL,Male,1,Yes,No,60,Yes,Fiber optic,No,No,No,Yes,6017.9,No
1897-OKVMW,Female,0,Yes,Yes,64,Yes,DSL,Yes,Yes,Yes,Yes,5817.45,No
5485-ITNPC,Male,0,Yes,No,66,Yes,DSL,Yes,Yes,Yes,Yes,5595.3,No
0233-FTHAV,Female,0,No,No,60,Yes,Fiber optic,No,No,Yes,No,4765,No
4644-PIZRT,Male,0,Yes,Yes,17,Yes,DSL,Yes,No,Yes,No,1201.65,No
8922-NPKBJ,Male,0,Yes,Yes,42,Yes,No,No internet service,No internet service,No internet service,No internet service,867.3,No
2740-TVLFN,Male,0,No,No,1,Yes,DSL,No,No,No,No,50.15,No
7771-CFQRQ,Female,0,Yes,Yes,47,Yes,DSL,No,Yes,No,Yes,3007.25,No
9512-PHSMG,Female,0,Yes,No,10,Yes,No,No internet service,No internet service,No internet service,No internet service,252.75,No
6963-EZQEE,Male,1,Yes,No,70,Yes,DSL,Yes,Yes,Yes,Yes,6306.5,No
2452-KDRRH,Male,1,No,No,67,Yes,Fiber optic,No,No,Yes,No,6841.05,No
2004-OCQXK,Female,0,No,No,1,Yes,Fiber optic,No,No,No,No,81.95,Yes
5027-QPKTE,Male,0,Yes,No,7,Yes,Fiber optic,No,No,No,No,451.1,Yes
4146-SVFUD,Male,0,No,No,1,Yes,DSL,No,No,No,No,44.6,No
1564-HJUVY,Male,0,No,No,4,Yes,DSL,No,Yes,No,Yes,226.2,No
3617-XLSGQ,Female,0,Yes,Yes,66,Yes,Fiber optic,Yes,Yes,Yes,No,7082.5,No
7517-LDMPS,Female,0,No,No,12,Yes,Fiber optic,No,Yes,No,No,1017.35,No
7244-KXYZN,Female,0,No,No,24,Yes,No,No internet service,No internet service,No internet service,No internet service,527.35,No
5226-NOZFC,Male,0,No,No,26,Yes,Fiber optic,No,Yes,No,No,2146.5,No
2672-HUYVI,Female,0,No,No,6,Yes,Fiber optic,No,No,No,No,455.3,Yes
1400-WIVLL,Male,0,Yes,No,57,Yes,Fiber optic,No,No,Yes,Yes,5969.85,No
7508-MYBOG,Male,0,Yes,No,14,Yes,Fiber optic,No,No,No,No,1235.55,Yes
8148-NLEGT,Female,0,Yes,Yes,42,Yes,No,No internet service,No internet service,No internet service,No internet service,1014.25,No
0148-DCDOS,Male,0,No,No,25,Yes,Fiber optic,No,No,No,No,2362.1,Yes
8347-GDTMP,Female,0,Yes,No,64,Yes,No,No internet service,No internet service,No internet service,No internet service,1225.65,No
9992-RRAMN,Male,0,Yes,No,22,Yes,Fiber optic,No,No,No,No,1873.7,Yes
6746-WAUWT,Male,0,No,No,19,Yes,No,No internet service,No internet service,No internet service,No internet service,386.5,No
0310-MVLET,Female,0,Yes,Yes,61,Yes,Fiber optic,No,Yes,No,No,6010.05,Yes
0428-IKYCP,Male,0,Yes,No,22,Yes,Fiber optic,No,No,Yes,No,1850.65,No
4550-VBOFE,Male,1,Yes,No,70,Yes,Fiber optic,No,Yes,Yes,No,7101.5,Yes
2187-PKZAY,Male,0,No,No,12,Yes,Fiber optic,No,No,No,No,1043.4,No
4003-OCTMP,Female,0,Yes,No,31,Yes,DSL,Yes,No,No,Yes,1910.75,No
6652-YFFJO,Female,0,No,No,11,Yes,DSL,No,No,No,No,716.1,No
7225-IILWY,Male,0,Yes,Yes,68,Yes,No,No internet service,No internet service,No internet service,No internet service,1686.15,No
5248-RPYWW,Female,1,Yes,Yes,72,Yes,DSL,Yes,Yes,Yes,Yes,6716.45,No
7923-IYJWY,Male,1,No,No,67,Yes,Fiber optic,Yes,Yes,Yes,Yes,7839.85,No
3170-GWYKC,Female,0,No,No,60,Yes,Fiber optic,Yes,No,Yes,Yes,6236.75,No
5696-QURRL,Male,0,No,No,1,Yes,DSL,No,No,No,No,45.05,Yes
7409-KIUTL,Female,1,No,Yes,1,Yes,Fiber optic,No,No,No,No,71,Yes
9830-ECLEN,Male,0,Yes,Yes,58,No,DSL,Yes,Yes,Yes,No,2919.85,No
1732-VHUBQ,Female,1,Yes,Yes,47,Yes,Fiber optic,No,No,No,No,3309.25,Yes
0495-RVCBF,Female,0,No,No,1,Yes,Fiber optic,No,No,No,No,79.7,Yes
2668-TZSPS,Male,0,No,No,1,Yes,No,No internet service,No internet service,No internet service,No internet service,20.45,No
7854-EDSSA,Male,0,No,No,22,Yes,DSL,Yes,Yes,No,No,1254.7,Yes
8869-TORSS,Female,0,No,No,48,Yes,DSL,Yes,No,Yes,Yes,2896.4,Yes
7446-SFAOA,Female,0,Yes,No,37,Yes,No,No internet service,No internet service,No internet service,No internet service,717.5,No
9522-ZSINC,Male,0,No,No,13,Yes,No,No internet service,No internet service,No internet service,No internet service,253.8,No
8234-GSZYK,Male,0,No,No,43,Yes,No,No internet service,No internet service,No internet service,No internet service,1110.05,No
6505-OZNPG,Female,0,No,No,6,No,DSL,Yes,Yes,Yes,Yes,348.8,No
6164-HAQTX,Male,0,No,No,71,No,DSL,Yes,Yes,Yes,Yes,3888.65,No
0679-IDSTG,Female,1,Yes,Yes,1,Yes,Fiber optic,No,No,No,No,69.25,Yes
7765-LWVVH,Female,0,Yes,Yes,72,Yes,Fiber optic,Yes,Yes,No,No,6843.15,No
1658-TJVOA,Female,1,No,No,6,Yes,Fiber optic,Yes,No,No,No,450.9,No
0953-LGOVU,Male,0,Yes,Yes,12,No,DSL,No,Yes,No,Yes,432.25,No
2115-BFTIW,Male,0,No,No,25,Yes,Fiber optic,No,No,No,No,1767.35,Yes
4692-NNQRU,Female,0,Yes,No,21,Yes,Fiber optic,No,No,Yes,Yes,1742.45,No
7742-MYPGI,Female,0,Yes,Yes,6,Yes,DSL,No,No,No,Yes,297.35,No
0611-DFXKO,Male,0,Yes,No,20,Yes,Fiber optic,No,No,No,No,1820.45,Yes
7780-OTDSO,Male,0,Yes,No,18,Yes,Fiber optic,Yes,No,No,No,1742.95,Yes
9619-GSATL,Female,0,No,No,43,Yes,DSL,No,Yes,No,Yes,2444.25,No
5622-UEJFI,Female,0,Yes,Yes,35,Yes,No,No internet service,No internet service,No internet service,No internet service,949.8,No
9747-DDZOS,Female,0,No,No,1,Yes,Fiber optic,No,No,Yes,No,73.5,Yes
0674-DGMAQ,Male,1,Yes,No,32,Yes,Fiber optic,No,Yes,Yes,No,2970.8,No
6203-HBZPA,Male,0,No,No,52,No,DSL,Yes,Yes,Yes,Yes,3334.95,No
0484-FFVBJ,Male,0,No,No,32,Yes,DSL,No,No,No,No,2010.95,No
0301-FIDRB,Female,0,Yes,Yes,72,No,DSL,Yes,Yes,Yes,Yes,4684.3,No
4139-JPIAM,Male,0,No,No,51,No,DSL,Yes,No,No,Yes,2181.55,No
2181-TIDSV,Male,0,Yes,Yes,68,Yes,No,No internet service,No internet service,No internet service,No internet service,1303.25,No
2761-XECQW,Male,1,Yes,No,8,No,DSL,No,Yes,Yes,No,371.4,No
1936-CZAKF,Male,0,Yes,No,49,No,DSL,No,Yes,No,No,2409.9,No
9453-PATOS,Female,0,Yes,No,72,Yes,DSL,Yes,Yes,Yes,Yes,6155.4,No
0564-JJHGS,Male,0,No,No,9,Yes,Fiber optic,No,No,No,No,829.1,Yes
3348-CFRNX,Female,0,Yes,No,28,Yes,Fiber optic,Yes,No,No,No,2602.9,Yes
4402-FTBXC,Male,0,No,No,54,Yes,Fiber optic,Yes,No,Yes,No,4667,No
1428-GTBJJ,Male,0,No,No,11,Yes,Fiber optic,No,Yes,No,No,824.75,Yes
2931-XIQBR,Female,0,Yes,Yes,50,Yes,Fiber optic,No,No,Yes,Yes,5153.5,No
0106-UGRDO,Female,0,Yes,No,69,Yes,Fiber optic,Yes,Yes,Yes,Yes,8182.85,No
5542-TBBWB,Male,0,No,No,1,Yes,Fiber optic,No,No,No,No,69.9,No
1930-QPBVZ,Male,0,Yes,Yes,68,Yes,Fiber optic,Yes,Yes,No,Yes,6683.4,No
2606-PKWJB,Male,0,No,Yes,40,No,DSL,Yes,Yes,No,Yes,1564.05,No
5322-ZSMZY,Male,0,Yes,Yes,31,Yes,No,No internet service,No internet service,No internet service,No internet service,755.6,No
8059-UDZFY,Female,1,No,Yes,33,Yes,Fiber optic,No,Yes,Yes,No,3465.05,No
7740-BTPUX,Male,1,Yes,No,55,Yes,Fiber optic,No,Yes,Yes,Yes,6292.7,No
5220-AGAAX,Male,0,Yes,Yes,68,Yes,No,No internet service,No internet service,No internet service,No internet service,1664.3,No
0208-BPQEJ,Female,0,Yes,Yes,12,Yes,No,No internet service,No internet service,No internet service,No internet service,198.1,No
9435-JMLSX,Male,0,Yes,No,71,Yes,DSL,Yes,Yes,Yes,Yes,6045.9,No
3352-ALMCK,Male,0,No,No,40,Yes,Fiber optic,No,Yes,Yes,No,4108.15,No
5312-IRCFR,Female,0,Yes,Yes,64,Yes,Fiber optic,No,Yes,Yes,No,5980.75,No
5294-IMHHT,Male,0,Yes,No,53,Yes,Fiber optic,No,Yes,No,Yes,5043.2,No
8802-UNOJF,Male,1,No,No,12,Yes,Fiber optic,No,Yes,Yes,Yes,1029.75,Yes
6313-GIDIT,Male,1,No,No,53,No,DSL,No,Yes,Yes,No,2854.55,Yes
6176-YJWAS,Male,0,Yes,No,72,Yes,Fiber optic,Yes,Yes,Yes,No,7114.25,No
5310-NOOVA,Male,0,No,No,46,Yes,No,No internet service,No internet service,No internet service,No internet service,907.05,No
4526-EXKKN,Male,0,No,No,40,Yes,No,No internet service,No internet service,No internet service,No internet service,973.95,No
5311-IHLEI,Male,0,No,No,12,No,DSL,Yes,Yes,No,Yes,605.75,No
3987-KQDDU,Male,0,No,No,9,Yes,Fiber optic,Yes,No,No,No,661.55,No
3404-JNXAX,Female,0,Yes,Yes,51,Yes,Fiber optic,No,No,No,Yes,4116.9,No
5131-PONJI,Male,0,Yes,Yes,49,Yes,Fiber optic,No,Yes,Yes,No,4494.65,No
2845-AFFTX,Male,1,Yes,No,41,Yes,Fiber optic,No,No,Yes,No,4259.3,Yes
3489-VSFRD,Female,0,No,No,56,Yes,DSL,Yes,No,Yes,Yes,3282.75,No
3345-JHUEO,Male,0,No,No,4,Yes,No,No internet service,No internet service,No internet service,No internet service,55.7,No
5815-HGGHV,Male,0,Yes,No,20,Yes,DSL,Yes,No,No,Yes,1274.45,No
5260-UMPWX,Female,0,Yes,Yes,26,Yes,No,No internet service,No internet service,No internet service,No internet service,493.95,No
2249-YPRNG,Female,0,Yes,Yes,20,Yes,Fiber optic,No,Yes,Yes,No,2239.65,Yes
7410-YTJIK,Female,0,No,No,7,Yes,Fiber optic,No,No,No,No,480.75,Yes
4626-GYCZP,Male,0,No,No,7,Yes,Fiber optic,No,No,No,No,635.6,Yes
5649-RXQTV,Male,0,No,No,51,Yes,Fiber optic,No,Yes,Yes,No,5038.15,No
2674-MIAHT,Female,0,No,No,4,Yes,Fiber optic,No,Yes,No,No,324.2,No
2576-HXMPA,Female,0,No,No,1,Yes,No,No internet service,No internet service,No internet service,No internet service,19.55,No
7587-AOVVU,Male,0,Yes,Yes,27,Yes,Fiber optic,Yes,Yes,No,Yes,2793.55,No
5590-BYNII,Male,0,No,No,22,Yes,Fiber optic,Yes,No,No,No,2095,Yes
6898-MDLZW,Male,0,No,No,12,Yes,DSL,No,Yes,No,Yes,648.65,No
3237-AJGEH,Female,0,Yes,Yes,3,No,DSL,No,No,No,Yes,95.05,Yes
4707-YNOQA,Female,0,Yes,Yes,34,Yes,No,No internet service,No internet service,No internet service,No internet service,917.15,No
9357-UJRUN,Male,0,Yes,No,24,Yes,DSL,Yes,No,No,Yes,1346.9,No
1591-NFNLQ,Male,0,No,No,51,Yes,Fiber optic,No,No,Yes,No,4242.35,Yes
8648-PFRMP,Female,1,No,No,14,No,DSL,No,No,No,No,672.7,No
7663-CUXZB,Male,0,Yes,No,59,Yes,Fiber optic,Yes,Yes,Yes,Yes,6561.25,No
0258-NOKBL,Male,0,No,No,3,Yes,Fiber optic,No,Yes,Yes,No,268.45,No
1163-VIPRI,Female,0,Yes,Yes,65,Yes,Fiber optic,Yes,No,Yes,Yes,7337.55,No
2815-CPTUL,Male,1,No,No,5,Yes,Fiber optic,No,No,No,No,331.9,Yes
9348-ROUAI,Female,0,Yes,Yes,59,Yes,DSL,Yes,Yes,Yes,Yes,5194.05,No
9443-JUBUO,Male,0,Yes,Yes,72,No,DSL,Yes,Yes,Yes,Yes,4478.85,No
0596-BQCEQ,Female,0,Yes,Yes,62,Yes,Fiber optic,No,Yes,Yes,No,6283.3,Yes
1481-ZUWZA,Male,0,No,No,28,Yes,Fiber optic,Yes,Yes,No,No,2659.4,Yes
3043-TYBNO,Male,0,No,No,3,Yes,DSL,No,No,No,Yes,196.9,No
4830-FAXFM,Male,0,No,Yes,19,Yes,No,No internet service,No internet service,No internet service,No internet service,439.2,No
5906-BFOZT,Male,0,No,No,1,Yes,No,No internet service,No internet service,No internet service,No internet service,19.5,No
2960-NKRSO,Male,0,No,No,24,Yes,Fiber optic,No,Yes,Yes,Yes,2107.15,No
8996-ZROXE,Male,1,No,No,57,Yes,DSL,No,No,Yes,Yes,3035.8,No
5598-IKHQQ,Female,0,No,No,72,Yes,No,No internet service,No internet service,No internet service,No internet service,1866.45,No
0397-ZXWQF,Male,0,No,No,67,Yes,No,No internet service,No internet service,No internet service,No internet service,1430.95,No
5266-PFRQK,Male,0,Yes,Yes,52,Yes,No,No internet service,No internet service,No internet service,No internet service,1071.6,No
4674-HGNUA,Male,0,Yes,Yes,71,Yes,DSL,Yes,Yes,Yes,Yes,6457.15,No
6765-MBQNU,Female,0,Yes,No,26,Yes,No,No internet service,No internet service,No internet service,No internet service,684.05,No
9786-IJYDL,Female,0,No,No,35,Yes,Fiber optic,Yes,Yes,Yes,Yes,3914.05,No
1303-SRDOK,Female,0,Yes,Yes,55,Yes,Fiber optic,No,No,No,No,3842.6,No
3769-MHZNV,Female,0,Yes,Yes,33,Yes,No,No internet service,No internet service,No internet service,No internet service,670.35,No
6295-OSINB,Male,0,Yes,No,72,Yes,Fiber optic,Yes,Yes,Yes,No,7880.25,No
3308-MHOOC,Male,0,No,Yes,1,Yes,No,No internet service,No internet service,No internet service,No internet service,19.2,No
2309-OSFEU,Male,0,No,No,10,No,DSL,No,No,No,No,298.45,Yes
2207-QPJED,Female,1,Yes,No,37,Yes,Fiber optic,No,No,Yes,Yes,3371.75,No
4177-JPDFU,Male,0,No,No,12,No,DSL,No,Yes,No,Yes,442.45,No
2239-CFOUJ,Male,0,Yes,Yes,1,Yes,No,No internet service,No internet service,No internet service,No internet service,20.4,No
8046-DNVTL,Male,0,Yes,No,62,No,DSL,Yes,Yes,No,Yes,2345.55,No
2209-XADXF,Female,0,No,No,1,No,DSL,No,No,No,No,25.25,No
6620-JDYNW,Female,0,No,No,18,Yes,DSL,Yes,No,Yes,No,1156.35,No
1891-FZYSA,Male,1,Yes,No,69,Yes,Fiber optic,No,Yes,No,No,6143.15,Yes
4770-UEZOX,Male,0,No,No,2,Yes,Fiber optic,No,Yes,No,No,144.8,No
1038-RQOST,Male,0,Yes,Yes,19,Yes,No,No internet service,No internet service,No internet service,No internet service,414.95,No
7613-LLQFO,Male,0,No,No,12,Yes,Fiber optic,No,No,No,No,1059.55,Yes
4568-TTZRT,Male,0,No,No,9,Yes,No,No internet service,No internet service,No internet service,No internet service,181.8,No
9513-DXHDA,Male,0,No,No,27,Yes,DSL,Yes,No,Yes,Yes,2212.55,No
2640-PMGFL,Male,0,No,Yes,27,Yes,Fiber optic,No,No,No,Yes,2180.55,Yes
3801-HMYNL,Male,0,Yes,Yes,1,Yes,Fiber optic,No,No,No,No,89.15,Yes
0516-QREYC,Female,1,No,No,24,Yes,No,No internet service,No internet service,No internet service,No internet service,459.95,No
9685-WKZGT,Male,1,No,No,14,Yes,Fiber optic,No,No,No,No,1036.75,Yes
6022-UGGSO,Female,1,No,No,32,Yes,Fiber optic,No,Yes,No,No,2276.95,Yes
8084-OIVBS,Female,0,No,No,11,Yes,No,No internet service,No internet service,No internet service,No internet service,211.95,No
8896-BQTTI,Male,0,No,No,1,Yes,No,No internet service,No internet service,No internet service,No internet service,25,No
3865-QBWSJ,Male,1,No,Yes,38,Yes,Fiber optic,Yes,No,No,No,3162.65,No
3352-RICWQ,Female,0,Yes,Yes,9,Yes,No,No internet service,No internet service,No internet service,No internet service,210.65,No
2160-GPFXD,Male,0,Yes,Yes,54,Yes,DSL,Yes,Yes,No,Yes,3566.7,No
2065-MMKGR,Female,0,No,No,29,Yes,DSL,No,No,No,No,2080.1,No
5857-TYBCJ,Male,1,Yes,No,44,Yes,Fiber optic,No,No,Yes,No,4040.2,No
1498-NHTLT,Male,0,Yes,Yes,59,Yes,DSL,Yes,Yes,Yes,Yes,5186,No
4484-CGXFK,Female,0,No,No,3,Yes,DSL,No,No,No,No,196.15,Yes
1402-PTHGN,Female,0,Yes,Yes,18,Yes,DSL,Yes,Yes,No,Yes,1087.45,No
4176-RELJR,Male,1,No,No,67,Yes,No,No internet service,No internet service,No internet service,No internet service,1672.15,No
6214-EDAKZ,Female,0,Yes,Yes,22,Yes,DSL,No,Yes,No,Yes,1206.05,Yes
5199-FPUSP,Male,0,No,Yes,33,No,DSL,Yes,No,No,Yes,1113.95,No
6377-KSLXC,Male,0,No,No,5,Yes,No,No internet service,No internet service,No internet service,No internet service,107.05,No
1796-JANOW,Female,0,No,No,2,Yes,No,No internet service,No internet service,No internet service,No internet service,38.15,No
0238-WHBIQ,Male,0,Yes,Yes,72,Yes,DSL,Yes,Yes,Yes,Yes,6339.3,No
8735-NBLWT,Male,0,No,Yes,9,Yes,No,No internet service,No internet service,No internet service,No internet service,184.1,No
6651-RLGGM,Male,0,Yes,Yes,67,Yes,No,No internet service,No internet service,No internet service,No internet service,1688.9,No
6127-ISGTU,Female,0,Yes,No,16,Yes,Fiber optic,No,No,No,No,1378.25,Yes
1614-JBEBI,Female,0,No,No,8,Yes,No,No internet service,No internet service,No internet service,No internet service,137.6,No
8740-XLHDR,Male,0,No,No,5,No,DSL,Yes,Yes,Yes,Yes,219,Yes
1208-DNHLN,Male,0,Yes,Yes,23,Yes,DSL,No,No,No,No,1067.15,Yes
1761-AEZZR,Male,0,No,No,1,Yes,Fiber optic,No,No,No,No,79.55,Yes
3923-CSIHK,Female,1,Yes,No,50,Yes,Fiber optic,No,No,No,No,3444.85,Yes
5696-EXCYS,Male,0,No,No,17,Yes,No,No internet service,No internet service,No internet service,No internet service,369.05,No
5795-KTGUD,Female,0,Yes,No,68,Yes,Fiber optic,Yes,Yes,Yes,No,7553.6,No
7120-RFMVS,Male,0,No,No,1,Yes,Fiber optic,No,No,No,No,84.5,Yes
7924-GJZFI,Female,1,Yes,No,25,Yes,Fiber optic,No,No,No,No,1813.1,No
4702-HDRKD,Male,0,No,No,67,No,DSL,Yes,No,Yes,Yes,3321.35,No
8512-WIWYV,Male,0,No,No,32,Yes,No,No internet service,No internet service,No internet service,No internet service,707.5,No
5897-ZYEKH,Female,1,Yes,No,67,Yes,Fiber optic,Yes,Yes,No,No,7112.15,No
5456-ITGIC,Male,1,Yes,No,72,No,DSL,Yes,Yes,Yes,Yes,4641.1,No
7317-GGVPB,Male,0,Yes,No,71,Yes,Fiber optic,No,Yes,Yes,Yes,7690.9,Yes
1406-PUQVY,Male,0,No,Yes,1,Yes,DSL,No,Yes,No,No,49.9,No
1322-AGOQM,Male,0,No,No,46,No,DSL,No,Yes,No,No,1380.1,Yes
3677-IYRBF,Female,1,No,No,2,No,DSL,No,No,Yes,No,78.65,Yes
5692-FPTAH,Female,0,No,No,1,Yes,DSL,No,No,No,No,45.4,Yes
9114-AAFQH,Female,0,Yes,No,48,Yes,DSL,No,Yes,Yes,No,3094.65,No
8715-KKTFG,Female,0,Yes,No,61,Yes,Fiber optic,No,No,Yes,Yes,6518.35,No
1550-LOAHA,Female,0,Yes,No,32,Yes,Fiber optic,No,Yes,No,No,2585.95,Yes
1728-BQDMA,Female,0,No,No,2,Yes,DSL,No,No,No,No,82.7,No
0268-QKIWO,Female,0,No,No,3,Yes,No,No internet service,No internet service,No internet service,No internet service,58.85,Yes
0876-WDUUZ,Female,0,No,No,5,Yes,Fiber optic,No,No,No,Yes,425.9,Yes
5117-ZSMHQ,Female,0,Yes,Yes,71,Yes,DSL,Yes,Yes,Yes,Yes,6342.7,No
5151-HQRDG,Male,0,Yes,No,37,Yes,DSL,Yes,No,No,No,2030.75,No
0960-HUWBM,Male,0,Yes,Yes,65,Yes,Fiber optic,No,No,Yes,Yes,6700.05,No
6465-GSRCL,Female,0,No,Yes,67,Yes,Fiber optic,No,Yes,No,Yes,7244.7,No
0617-FHSGK,Male,0,No,Yes,49,Yes,Fiber optic,No,No,No,No,3678.3,Yes
0263-FJTQO,Male,0,Yes,Yes,50,Yes,DSL,Yes,No,No,Yes,3486.65,No
7319-ZNRTR,Male,0,Yes,Yes,25,Yes,No,No internet service,No internet service,No internet service,No internet service,411.15,No
2858-MOFSQ,Female,0,No,Yes,17,Yes,DSL,No,No,Yes,No,937.5,Yes
7503-EPSZW,Female,0,Yes,Yes,64,Yes,No,No internet service,No internet service,No internet service,No internet service,1559.15,No
7089-XXAYG,Male,0,Yes,No,25,No,DSL,No,No,Yes,No,970.4,No
8118-LSUEL,Male,1,No,No,23,Yes,Fiber optic,No,Yes,Yes,No,2483.5,Yes
8070-AAWZP,Male,1,Yes,No,24,No,DSL,No,No,Yes,Yes,828.2,No
1666-JXLKU,Female,0,No,No,37,Yes,Fiber optic,No,No,Yes,No,3810.55,No
7855-DIWPO,Female,0,No,No,21,Yes,Fiber optic,No,No,No,No,1493.2,No
5133-POWUA,Male,0,No,No,1,Yes,DSL,No,No,No,No,45.8,No
5652-MSDEY,Female,0,No,No,10,Yes,Fiber optic,No,No,No,No,777.3,No
7005-CCBKV,Male,0,No,No,6,Yes,Fiber optic,No,Yes,No,No,556.35,Yes
1810-BOHSY,Male,0,Yes,No,51,Yes,Fiber optic,Yes,Yes,No,No,4911.05,No
1784-BXEFA,Female,0,No,No,10,Yes,No,No internet service,No internet service,No internet service,No internet service,187.35,No
7351-MHQVU,Female,0,No,No,6,No,DSL,Yes,Yes,No,Yes,307.6,No
9224-VTYID,Male,0,Yes,Yes,47,Yes,DSL,Yes,Yes,Yes,Yes,4318.35,No
9500-IWPXQ,Female,0,Yes,Yes,61,Yes,DSL,Yes,Yes,Yes,Yes,4820.55,No
5762-TJXGK,Female,0,No,No,52,No,DSL,Yes,Yes,Yes,No,3038.55,No
4504-YOULA,Female,0,Yes,Yes,35,Yes,DSL,Yes,Yes,No,No,2136.9,No
5569-IDSEY,Male,0,Yes,No,71,Yes,Fiber optic,No,Yes,Yes,No,7472.15,No
4250-FDVOU,Female,0,No,No,6,Yes,DSL,Yes,Yes,No,No,389.1,Yes
7284-ZZLOH,Male,0,Yes,No,45,Yes,DSL,Yes,No,Yes,No,2296.25,No
5277-ZLOOR,Female,1,No,No,2,Yes,Fiber optic,No,No,No,No,187.45,Yes
2141-RRYGO,Female,0,No,No,4,Yes,DSL,No,Yes,No,No,261.25,Yes
1777-JYQPJ,Male,0,No,No,2,No,DSL,No,No,No,No,38.45,No
6376-GAHQE,Male,0,No,No,4,Yes,Fiber optic,No,No,No,No,299.2,Yes
3401-URHDA,Male,0,No,No,51,Yes,DSL,Yes,No,No,Yes,3043.6,No
1599-EAHXY,Male,0,Yes,Yes,60,Yes,No,No internet service,No internet service,No internet service,No internet service,1506.4,No
8631-XVRZL,Male,0,No,No,9,Yes,No,No internet service,No internet service,No internet service,No internet service,163.7,No
5052-PNLOS,Male,0,No,No,3,Yes,Fiber optic,No,Yes,Yes,No,323.25,Yes
3853-LYGAM,Male,0,No,No,17,Yes,Fiber optic,No,No,Yes,Yes,1640,No
6979-ZNSFF,Female,0,No,No,8,Yes,Fiber optic,No,No,No,No,762.1,Yes
5751-USDBL,Male,0,Yes,Yes,46,Yes,DSL,Yes,No,Yes,Yes,3846.35,No
5680-LQOGP,Female,0,No,No,68,Yes,DSL,Yes,Yes,Yes,Yes,5646.6,No
2386-LAHRK,Male,0,No,No,1,Yes,DSL,No,No,No,No,53.5,Yes
8189-DUKMV,Female,0,Yes,No,4,Yes,No,No internet service,No internet service,No internet service,No internet service,79.05,No
6032-IGALN,Female,0,No,No,1,No,DSL,No,No,No,No,25.1,Yes
9931-DCEZH,Male,0,No,Yes,28,Yes,DSL,No,Yes,No,Yes,1516.6,No
1898-JSNDC,Female,0,No,No,39,Yes,DSL,No,Yes,No,No,2224.5,No
0315-LVCRK,Male,0,No,No,11,Yes,Fiber optic,No,No,Yes,No,888.75,No
3911-RSNHI,Female,0,Yes,No,71,No,DSL,No,Yes,Yes,Yes,4310.35,No
2410-CIYFZ,Male,0,No,Yes,2,Yes,No,No internet service,No internet service,No internet service,No internet service,42.9,No
4248-HCETZ,Male,1,Yes,No,30,Yes,Fiber optic,No,Yes,Yes,No,2365.15,Yes
5505-OVWQW,Female,0,No,No,17,Yes,No,No internet service,No internet service,No internet service,No internet service,353.65,No
7271-AJDTL,Female,0,Yes,No,55,Yes,Fiber optic,No,Yes,Yes,No,5073.1,No
1867-TJHTS,Female,0,No,No,58,Yes,Fiber optic,Yes,No,No,No,4526.85,No
0516-WJVXC,Female,0,No,No,5,Yes,DSL,Yes,No,No,Yes,308.25,Yes
9174-FKWZE,Female,1,No,No,1,Yes,No,No internet service,No internet service,No internet service,No internet service,19.45,Yes
6860-YRJZP,Male,1,No,No,9,Yes,Fiber optic,No,No,No,No,678.45,No
4429-WYGFR,Male,0,No,No,26,Yes,DSL,No,No,No,Yes,1237.3,No
2817-LVCPP,Female,0,No,No,50,Yes,No,No internet service,No internet service,No internet service,No internet service,1023.95,No
5038-ETMLM,Female,0,Yes,No,72,Yes,Fiber optic,Yes,Yes,Yes,Yes,8182.75,No
5056-FIMPT,Female,0,No,Yes,43,Yes,Fiber optic,Yes,Yes,No,Yes,4532.3,No
4521-WFJAI,Male,0,No,No,56,Yes,No,No internet service,No internet service,No internet service,No internet service,1444.05,No
6569-KTMDU,Female,0,No,No,1,Yes,No,No internet service,No internet service,No internet service,No internet service,19.1,No
8809-RIHDD,Male,0,Yes,Yes,72,Yes,Fiber optic,No,Yes,Yes,No,7372.65,Yes
8809-XKHMD,Male,0,Yes,No,72,Yes,Fiber optic,Yes,Yes,No,Yes,7325.1,No
0396-YCHWO,Male,0,Yes,No,36,Yes,Fiber optic,No,No,No,No,3474.2,No
0867-LDTTC,Male,0,No,No,5,Yes,DSL,No,No,Yes,Yes,392.65,No
4822-NGOCH,Female,0,No,No,13,Yes,Fiber optic,No,Yes,Yes,No,1058.6,Yes
9391-DXGGG,Female,1,No,No,44,Yes,Fiber optic,No,Yes,Yes,No,3990.75,No
9844-FELAJ,Female,1,Yes,Yes,70,Yes,Fiber optic,No,Yes,Yes,Yes,7475.85,No
2122-SZZZD,Male,0,No,No,44,Yes,No,No internet service,No internet service,No internet service,No internet service,835.5,No
5307-DZCVC,Female,1,Yes,No,32,Yes,Fiber optic,No,No,No,No,2628.6,Yes
3148-AOIQT,Female,0,Yes,No,69,Yes,No,No internet service,No internet service,No internet service,No internet service,1718.35,No
8679-JOEVF,Female,1,No,No,16,Yes,DSL,No,No,No,Yes,1023.9,Yes
8395-ETZKQ,Male,1,Yes,Yes,68,Yes,No,No internet service,No internet service,No internet service,No internet service,1193.55,No
6692-YQHXC,Male,0,No,No,16,Yes,Fiber optic,No,No,No,No,1205.5,No
3889-VWBID,Male,0,Yes,Yes,68,Yes,DSL,Yes,Yes,No,Yes,5776.45,No
5222-JCXZT,Male,0,No,No,4,Yes,No,No internet service,No internet service,No internet service,No internet service,78.9,No
9754-CLVZW,Female,0,Yes,Yes,26,No,DSL,Yes,Yes,No,Yes,1025.15,No
1432-FPAXX,Female,0,No,No,29,No,DSL,No,Yes,No,No,856.35,Yes
2739-CCZMB,Male,0,No,Yes,5,Yes,No,No internet service,No internet service,No internet service,No internet service,122,No
7080-TNUWP,Male,0,Yes,No,70,Yes,Fiber optic,No,Yes,Yes,No,6602.9,No
0496-AHOOK,Male,0,Yes,No,24,Yes,DSL,Yes,No,No,Yes,1712.9,No
8336-TAVKX,Female,1,Yes,No,72,Yes,DSL,Yes,Yes,Yes,Yes,5682.25,No
2468-SJFLM,Male,0,No,No,1,Yes,Fiber optic,No,No,No,Yes,74.3,No
3181-VTHOE,Male,0,Yes,No,70,No,DSL,No,Yes,Yes,Yes,3635.15,No
7168-HDQHG,Female,0,Yes,Yes,36,Yes,No,No internet service,No internet service,No internet service,No internet service,702.9,No
4803-AXVYP,Female,1,No,No,38,Yes,Fiber optic,No,No,No,Yes,3734.25,Yes
3884-HCSWG,Female,0,No,No,17,Yes,Fiber optic,No,No,No,No,1144.5,Yes
4567-AKPIA,Female,0,Yes,Yes,41,Yes,Fiber optic,No,Yes,Yes,Yes,4454.25,No
5077-DXTCG,Female,0,No,No,1,Yes,DSL,No,No,No,No,45.3,Yes
1142-WACZW,Male,0,No,No,2,No,DSL,No,No,No,Yes,75.6,Yes
7901-HXJVA,Male,0,No,No,14,Yes,Fiber optic,No,No,Yes,No,1117.55,No
5649-ANRML,Male,1,No,No,2,Yes,Fiber optic,No,Yes,Yes,Yes,180.25,Yes
4892-VLANZ,Male,0,No,No,1,Yes,No,No internet service,No internet service,No internet service,No internet service,19.8,Yes
5924-IFQTT,Male,0,Yes,Yes,13,Yes,DSL,No,Yes,Yes,Yes,930.05,No
7968-QUXNS,Male,0,No,No,6,Yes,No,No internet service,No internet service,No internet service,No internet service,110.15,No
2919-HBCJO,Female,0,No,No,4,Yes,Fiber optic,No,Yes,No,No,333.6,Yes
4236-XPXAV,Female,0,Yes,Yes,5,Yes,Fiber optic,No,Yes,No,Yes,465.05,Yes
8903-WMRNW,Female,0,Yes,No,15,Yes,Fiber optic,Yes,No,Yes,No,1669.4,No
2452-SNHFZ,Female,0,No,No,47,Yes,Fiber optic,Yes,No,No,No,3545.1,No
3629-WEAAM,Female,0,No,No,8,Yes,DSL,No,No,Yes,Yes,504.05,No
6029-CSMJE,Male,0,No,No,17,No,DSL,No,No,No,No,440.2,No
7993-NQLJE,Male,0,Yes,Yes,15,Yes,Fiber optic,Yes,No,No,No,1151.55,No
9909-DFRJA,Female,0,No,No,26,Yes,Fiber optic,Yes,No,Yes,Yes,2475.35,No
9099-FTUHS,Female,0,No,No,23,Yes,DSL,Yes,No,No,No,1249.25,No
0581-BXBUB,Female,1,No,No,4,Yes,Fiber optic,No,Yes,No,No,317.75,No
4962-CHQPW,Male,0,No,Yes,29,Yes,No,No internet service,No internet service,No internet service,No internet service,535.05,No
9467-ROOLM,Female,0,No,No,25,Yes,No,No internet service,No internet service,No internet service,No internet service,461.3,No
3030-YZADT,Male,0,No,No,9,Yes,DSL,No,No,No,No,431,Yes
7410-KTVFV,Male,0,Yes,No,18,Yes,DSL,No,No,Yes,No,878.35,Yes
5150-ITWWB,Male,1,No,No,3,Yes,Fiber optic,No,No,No,No,335.75,No
2253-KPMNB,Female,0,Yes,Yes,69,No,DSL,Yes,Yes,Yes,Yes,3121.4,No
1345-ZUKID,Male,0,No,No,14,Yes,No,No internet service,No internet service,No internet service,No internet service,324.8,No
6429-SHBCB,Male,0,No,No,19,Yes,DSL,No,No,No,No,1394.55,No
9281-OFDMF,Male,1,No,No,39,Yes,Fiber optic,No,Yes,No,No,3413.25,No
2603-HVKCG,Male,0,No,No,31,Yes,Fiber optic,No,Yes,Yes,No,3143.65,No
1834-WULEG,Male,0,Yes,Yes,24,Yes,No,No internet service,No internet service,No internet service,No internet service,439.75,No
9097-ZUBYC,Male,0,Yes,No,14,Yes,DSL,No,No,No,Yes,664.4,No
5148-ORICT,Female,0,Yes,No,64,Yes,DSL,Yes,Yes,Yes,Yes,4759.55,No
4893-GYUJU,Female,0,No,No,50,Yes,No,No internet service,No internet service,No internet service,No internet service,1033,No
4578-PHJYZ,Male,0,Yes,Yes,52,Yes,DSL,No,Yes,Yes,Yes,3482.85,No
7272-QDCKA,Male,0,No,No,28,Yes,Fiber optic,No,Yes,No,No,2688.45,No
8908-SLFCJ,Female,0,No,No,21,Yes,No,No internet service,No internet service,No internet service,No internet service,435.25,No
8393-DLHGA,Male,0,No,Yes,25,Yes,Fiber optic,No,Yes,No,No,2448.75,Yes
9766-HGEDE,Female,0,Yes,No,17,Yes,No,No internet service,No internet service,No internet service,No internet service,307,No
6968-MHOMU,Male,0,Yes,No,58,No,DSL,No,No,No,No,2689.35,No
7395-IGJOS,Male,1,Yes,No,17,Yes,Fiber optic,No,No,No,No,1329.2,Yes
5044-XDPYX,Female,0,Yes,No,51,Yes,No,No internet service,No internet service,No internet service,No internet service,1281.25,No
1814-WFGVS,Male,0,Yes,Yes,72,No,DSL,Yes,No,Yes,Yes,3527,No
2834-SPCJV,Male,0,Yes,No,52,Yes,Fiber optic,Yes,No,No,No,4348.65,Yes
3721-WKIIL,Female,0,No,No,27,Yes,No,No internet service,No internet service,No internet service,No internet service,561.15,No
6734-CKRSM,Female,0,No,No,3,Yes,No,No internet service,No internet service,No internet service,No internet service,63.6,No
1265-ZFOSD,Female,0,Yes,No,64,Yes,DSL,Yes,Yes,Yes,Yes,5129.3,No
6568-POCUI,Female,0,Yes,No,45,Yes,Fiber optic,No,No,No,Yes,4285.8,No
7890-VYYWG,Male,1,Yes,No,3,No,DSL,No,No,No,No,93.7,Yes
5197-LQXXH,Female,0,Yes,No,71,Yes,DSL,No,Yes,Yes,Yes,5894.5,No
9907-SWKKF,Female,1,No,No,1,No,DSL,No,No,No,No,25.05,Yes
3457-PQBYH,Female,0,Yes,Yes,58,Yes,No,No internet service,No internet service,No internet service,No internet service,1160.75,No
7682-AZNDK,Male,0,Yes,Yes,34,Yes,Fiber optic,No,Yes,Yes,No,3091.75,No
0587-DMGBH,Female,0,No,No,8,Yes,DSL,Yes,No,No,No,365.55,Yes
5384-ZTTWP,Female,0,Yes,Yes,15,Yes,No,No internet service,No internet service,No internet service,No internet service,272.95,No
3745-HRPHI,Male,0,Yes,Yes,66,No,DSL,No,No,Yes,Yes,3632,No
7636-OWBPG,Male,1,No,No,12,No,DSL,No,Yes,No,No,381.2,No
1231-YNDEK,Male,0,No,No,58,Yes,No,No internet service,No internet service,No internet service,No internet service,1035.5,No
1407-DIGZV,Female,0,Yes,Yes,3,Yes,No,No internet service,No internet service,No internet service,No internet service,52,No
6397-JNZZG,Female,1,Yes,No,43,No,DSL,No,Yes,Yes,No,2342.2,Yes
0570-BFQHT,Female,0,No,No,9,Yes,Fiber optic,No,Yes,Yes,No,653.9,No
4393-OBCRR,Female,0,No,No,3,Yes,No,No internet service,No internet service,No internet service,No internet service,71.2,No
3523-QRQLL,Female,0,Yes,Yes,22,Yes,DSL,No,Yes,No,No,1498.2,Yes
8564-LDKFL,Male,0,Yes,No,40,Yes,Fiber optic,No,Yes,Yes,No,4178.65,No
3696-DFHHB,Female,0,No,No,68,Yes,No,No internet service,No internet service,No internet service,No internet service,1821.8,No
0895-DQHEW,Male,0,Yes,No,54,Yes,Fiber optic,No,Yes,Yes,No,5278.15,Yes
4717-GHADL,Female,0,No,No,50,Yes,DSL,No,Yes,No,Yes,4024.2,No
5501-TVMGM,Male,0,No,No,1,Yes,DSL,No,No,No,No,55.25,No
5879-HMFFH,Female,0,Yes,No,72,Yes,DSL,Yes,Yes,Yes,Yes,6520.8,No
6772-WFQRD,Male,0,No,Yes,40,Yes,No,No internet service,No internet service,No internet service,No internet service,854.9,No
3810-DVDQQ,Female,0,Yes,Yes,72,Yes,Fiber optic,Yes,Yes,Yes,Yes,8308.9,No
6972-SNKKW,Female,0,No,No,6,Yes,No,No internet service,No internet service,No internet service,No internet service,109.2,No
3694-GLTJM,Female,0,No,No,5,Yes,No,No internet service,No internet service,No internet service,No internet service,92.05,No
8550-XSXUQ,Male,0,Yes,No,48,Yes,DSL,No,Yes,Yes,No,3420.5,No
8149-RSOUN,Female,0,No,No,1,Yes,Fiber optic,No,No,No,No,93.85,Yes
9055-MOJJJ,Female,0,Yes,Yes,64,Yes,DSL,Yes,No,No,Yes,4068,No
4359-INNWN,Female,0,No,No,17,Yes,No,No internet service,No internet service,No internet service,No internet service,337.9,No
0585-EGDDA,Male,0,Yes,No,40,Yes,Fiber optic,No,Yes,Yes,No,3168.75,No
4032-RMHCI,Female,0,Yes,Yes,41,No,DSL,Yes,No,Yes,No,1412.4,No
0549-CYCQN,Male,1,No,No,51,Yes,Fiber optic,No,Yes,No,No,3974.7,No
3481-JHUZH,Male,0,Yes,No,41,Yes,Fiber optic,No,Yes,No,No,3439,No
7250-EQKIY,Female,0,Yes,Yes,1,Yes,DSL,No,No,Yes,No,50.45,Yes
3594-IVHJZ,Female,0,No,No,2,Yes,No,No internet service,No internet service,No internet service,No internet service,42.45,No
6869-FGJJC,Male,0,No,No,68,Yes,Fiber optic,No,Yes,Yes,No,5461.45,No
3896-ZVNET,Female,0,Yes,Yes,24,Yes,No,No internet service,No internet service,No internet service,No internet service,571.75,No
8205-VSLRB,Male,0,Yes,No,70,Yes,DSL,Yes,No,Yes,Yes,5498.2,No
5960-MVTUK,Male,0,No,No,3,No,DSL,No,No,No,Yes,96.85,No
6817-WTYHE,Male,0,No,No,2,Yes,DSL,No,No,No,No,111.05,No
3082-VQXNH,Male,0,Yes,No,3,No,DSL,No,Yes,No,No,94.4,No
4013-UBXWQ,Female,0,No,No,7,Yes,DSL,No,No,No,Yes,521.1,Yes
4931-TRZWN,Female,0,No,No,13,Yes,DSL,Yes,No,No,No,923.85,No
0750-EKNGL,Male,0,No,No,7,Yes,No,No internet service,No internet service,No internet service,No internet service,141.1,No
7669-LCRSD,Male,0,Yes,Yes,12,Yes,DSL,No,No,No,No,628.65,No
3567-PQTSO,Male,0,Yes,Yes,53,Yes,Fiber optic,No,Yes,Yes,No,5576.3,No
5519-NPHVG,Female,0,No,No,12,Yes,Fiber optic,No,No,No,No,1046.1,Yes
8043-PNYSD,Male,0,Yes,Yes,63,Yes,No,No internet service,No internet service,No internet service,No internet service,1245.6,No
9938-EKRGF,Female,0,No,No,15,Yes,DSL,Yes,Yes,Yes,Yes,1287.85,No
2703-AMTUL,Male,0,Yes,Yes,36,Yes,DSL,Yes,Yes,No,No,1939.35,No
0928-JMXNP,Male,1,Yes,No,4,No,DSL,No,No,Yes,No,118.25,No
8173-RXAYP,Female,0,Yes,Yes,24,Yes,No,No internet service,No internet service,No internet service,No internet service,452.55,No
4825-XJGDM,Female,0,No,No,61,No,DSL,Yes,Yes,Yes,Yes,2696.55,No
5402-HTOTQ,Male,0,No,No,16,Yes,DSL,No,Yes,No,No,875.35,No
6734-JDTTV,Male,0,Yes,Yes,65,Yes,No,No internet service,No internet service,No internet service,No internet service,1267.05,No
7850-THJMU,Female,0,Yes,Yes,26,Yes,No,No internet service,No internet service,No internet service,No internet service,494.9,No
3890-RTCMS,Male,0,No,No,16,Yes,DSL,No,No,No,Yes,799,No
8849-GYOKR,Female,0,Yes,No,54,Yes,Fiber optic,Yes,Yes,No,No,5763.3,Yes
3148-BLQJT,Male,0,No,No,1,Yes,No,No internet service,No internet service,No internet service,No internet service,20.1,Yes
3717-FDJFU,Male,0,No,Yes,5,Yes,No,No internet service,No internet service,No internet service,No internet service,106.9,No
3665-JATSN,Female,0,No,No,19,No,DSL,No,Yes,No,No,710.05,No
7966-YOTQW,Male,0,No,No,10,Yes,DSL,Yes,No,No,No,568.2,No
0461-CVKMU,Female,0,Yes,Yes,23,Yes,Fiber optic,No,Yes,Yes,Yes,1900.25,Yes
8806-EAGWC,Male,0,No,No,3,Yes,DSL,No,No,No,No,159.15,Yes
8853-TZDGH,Female,0,No,No,72,Yes,Fiber optic,No,Yes,Yes,Yes,8012.75,No
7779-LGOVN,Male,1,Yes,No,10,Yes,Fiber optic,No,No,No,No,856.65,Yes
4324-BZCKL,Female,0,Yes,Yes,10,Yes,DSL,No,Yes,Yes,No,551.3,No
6924-TDGMT,Male,0,Yes,No,11,Yes,No,No internet service,No internet service,No internet service,No internet service,184.95,No
9710-ZUSHQ,Female,1,No,No,37,Yes,Fiber optic,Yes,Yes,No,No,4056.75,Yes
1536-YHDOE,Male,0,Yes,Yes,17,Yes,DSL,Yes,No,No,Yes,1096.65,No
8123-QBNAZ,Female,0,Yes,Yes,36,Yes,Fiber optic,Yes,No,Yes,No,3684.95,No
3629-ZNKXA,Male,1,No,No,17,Yes,Fiber optic,No,Yes,Yes,No,1752.45,No
4827-LTQRJ,Female,1,Yes,Yes,66,Yes,Fiber optic,Yes,Yes,No,Yes,7210.85,No
7711-YIJWC,Male,0,Yes,Yes,61,Yes,DSL,Yes,Yes,Yes,Yes,5264.5,No
5482-VXSXJ,Male,0,No,No,22,Yes,Fiber optic,No,Yes,No,No,2157.3,No
7365-BVCJH,Male,0,No,No,1,No,DSL,No,No,No,No,24.4,No
9620-ENEJV,Female,0,No,No,6,Yes,Fiber optic,No,No,No,No,433.95,No
4183-WCSEP,Male,0,No,No,31,Yes,Fiber optic,No,Yes,No,Yes,2435.15,Yes
2378-YIZKA,Female,0,Yes,Yes,68,Yes,DSL,Yes,Yes,Yes,Yes,5607.75,No
5498-TXHLF,Female,0,Yes,Yes,34,Yes,Fiber optic,No,No,Yes,No,2874.15,Yes
0689-DSXGL,Female,0,Yes,Yes,52,Yes,Fiber optic,No,Yes,Yes,Yes,4433.3,No
6818-DJXAA,Female,0,No,Yes,10,Yes,Fiber optic,No,No,Yes,Yes,964.35,No
9722-UJOJR,Male,0,Yes,Yes,29,Yes,Fiber optic,No,No,No,No,1974.8,Yes
0464-WJTKO,Female,0,Yes,Yes,72,Yes,No,No internet service,No internet service,No internet service,No internet service,1460.85,No
8902-ZEOVF,Male,0,Yes,Yes,47,Yes,No,No internet service,No internet service,No internet service,No internet service,951.55,No
6778-EICRF,Male,0,Yes,Yes,24,Yes,DSL,Yes,No,No,No,1821.2,No
2662-NNTDK,Male,0,No,No,65,Yes,No,No internet service,No internet service,No internet service,No internet service,1600.95,No
4132-KALRO,Female,0,No,No,4,Yes,Fiber optic,No,No,No,Yes,399.25,No
3902-FOIGH,Male,1,Yes,No,12,Yes,Fiber optic,No,Yes,No,No,1218.55,Yes
6772-KSATR,Male,0,No,No,1,Yes,Fiber optic,Yes,No,No,No,81.7,Yes
7112-OPOTK,Male,0,No,No,33,Yes,Fiber optic,No,No,No,No,2171.15,Yes
2874-YXVVA,Female,0,No,No,34,Yes,Fiber optic,No,Yes,Yes,Yes,3634.8,No
1245-HARPS,Female,0,Yes,No,14,Yes,No,No internet service,No internet service,No internet service,No internet service,292.4,No
4210-QFJMF,Female,0,No,No,4,Yes,Fiber optic,No,No,No,No,317.25,Yes
4323-ELYYB,Male,0,Yes,Yes,13,Yes,No,No internet service,No internet service,No internet service,No internet service,218.55,No
4293-ETKAP,Female,0,Yes,Yes,65,Yes,DSL,No,Yes,No,Yes,5071.9,No
6064-PUPMC,Male,0,Yes,Yes,23,Yes,DSL,Yes,No,No,Yes,1423.35,No
6504-VBLFL,Male,0,Yes,No,55,Yes,DSL,Yes,Yes,Yes,No,3068.6,No
6322-PJJDJ,Male,0,Yes,No,49,Yes,Fiber optic,No,Yes,No,No,4690.65,No
0330-BGYZE,Male,0,Yes,No,60,Yes,Fiber optic,No,Yes,Yes,No,6157.6,No
1085-LDWAM,Female,0,Yes,Yes,69,Yes,No,No internet service,No internet service,No internet service,No internet service,1442.65,No
7586-ZATGZ,Male,0,No,No,40,Yes,Fiber optic,No,No,No,No,3369.05,No
7197-VOJMM,Male,0,Yes,No,67,Yes,DSL,Yes,Yes,No,Yes,4671.65,No
3318-OSATS,Male,1,No,No,35,Yes,Fiber optic,No,No,No,No,3474.05,Yes
5828-AVIPD,Male,0,Yes,Yes,19,Yes,Fiber optic,No,No,No,Yes,1875.55,Yes
1843-TLSGD,Female,0,Yes,Yes,13,Yes,No,No internet service,No internet service,No internet service,No internet service,272.35,No
9626-VFRGG,Female,0,No,Yes,41,Yes,Fiber optic,No,Yes,No,No,3645.05,No
7075-BNDVQ,Female,0,No,No,4,No,DSL,Yes,No,Yes,No,135.75,No
9143-CANJF,Female,0,Yes,Yes,24,Yes,DSL,Yes,No,No,Yes,1319.85,No
7284-BUYEC,Female,0,No,No,5,No,DSL,No,Yes,No,No,229.4,No
2041-JIJCI,Female,0,No,No,5,Yes,DSL,No,Yes,No,No,370.25,No
1086-LXKFY,Female,0,Yes,Yes,1,Yes,Fiber optic,No,No,No,No,69.1,Yes
4900-MSOMT,Female,0,Yes,Yes,72,Yes,DSL,Yes,Yes,Yes,Yes,5714.2,No
2229-VWQJH,Female,0,No,No,24,Yes,DSL,No,No,Yes,No,1233.25,No
9194-GFVOI,Female,0,Yes,No,42,Yes,DSL,Yes,No,Yes,Yes,3571.6,No
1336-EZFZY,Female,0,No,No,4,Yes,No,No internet service,No internet service,No internet service,No internet service,83.3,No
4282-MSACW,Male,0,No,No,68,Yes,Fiber optic,Yes,Yes,Yes,Yes,8035.95,No
1403-LKLIK,Female,0,Yes,Yes,33,Yes,No,No internet service,No internet service,No internet service,No internet service,579.4,No
2636-ALXXZ,Female,1,No,No,1,Yes,Fiber optic,No,No,No,No,69.6,Yes
7774-OJSXI,Male,0,No,No,31,Yes,Fiber optic,No,Yes,Yes,No,3066.45,Yes
7786-WBJYI,Female,0,No,No,4,Yes,Fiber optic,No,Yes,No,No,305.55,Yes
0136-IFMYD,Male,1,Yes,No,69,Yes,Fiber optic,No,Yes,Yes,Yes,7634.25,No
5144-TVGLP,Male,1,No,No,38,Yes,Fiber optic,No,No,No,No,3653,No
9643-AVVWI,Female,0,Yes,Yes,3,Yes,Fiber optic,No,Yes,No,Yes,241.3,No
0253-ZTEOB,Female,0,Yes,Yes,48,Yes,DSL,No,Yes,No,Yes,3870.3,No
2706-QZIHY,Female,0,Yes,No,15,Yes,No,No internet service,No internet service,No internet service,No internet service,387.9,No
6061-PQHMK,Female,0,No,No,25,Yes,No,No internet service,No internet service,No internet service,No internet service,527.5,No
9885-CSMWE,Female,1,No,No,1,Yes,Fiber optic,No,No,No,No,78.45,Yes
6137-MFAJN,Female,0,No,No,48,No,DSL,Yes,Yes,No,No,2104.55,No
9122-UMROB,Male,0,No,No,1,Yes,No,No internet service,No internet service,No internet service,No internet service,20.3,No
4232-JGKIY,Male,0,No,No,1,Yes,No,No internet service,No internet service,No internet service,No internet service,19.2,No
2402-TAIRZ,Female,0,No,No,37,Yes,Fiber optic,No,Yes,Yes,No,3019.1,No
9659-ZTWSM,Male,1,Yes,No,66,Yes,Fiber optic,No,Yes,Yes,Yes,7051.95,No
9139-TWBAS,Female,0,Yes,No,26,No,DSL,Yes,Yes,Yes,No,1190.5,No
6685-GBWJZ,Male,0,Yes,No,63,Yes,DSL,Yes,Yes,No,Yes,4448.8,No
5016-ETTFF,Male,0,No,No,10,No,DSL,No,No,Yes,No,255.25,Yes
3866-MDTUB,Female,0,No,No,2,Yes,DSL,Yes,No,No,No,146.9,Yes
2195-VVRJF,Male,1,Yes,No,18,Yes,DSL,Yes,No,No,No,1011.05,No
3913-RDSJZ,Female,0,Yes,No,64,Yes,No,No internet service,No internet service,No internet service,No internet service,1714.95,No
8058-JMEQO,Female,1,No,No,9,Yes,Fiber optic,No,No,No,No,762.5,Yes
4203-QGNZA,Female,0,No,Yes,28,Yes,No,No internet service,No internet service,No internet service,No internet service,535.35,No
5043-TRZWM,Female,0,No,No,1,Yes,Fiber optic,No,No,Yes,No,75.55,No
0697-ZMSWS,Male,0,No,No,4,Yes,Fiber optic,No,No,No,No,338.9,Yes
7657-DYEPJ,Male,1,No,No,38,Yes,DSL,No,Yes,Yes,Yes,2497.35,Yes
9494-BDNNC,Male,0,Yes,No,66,Yes,Fiber optic,No,Yes,Yes,No,6273.4,No
1640-PLFMP,Female,0,No,No,1,Yes,Fiber optic,No,No,No,No,70.25,No
5366-OBVMR,Female,0,Yes,No,18,Yes,DSL,No,No,No,Yes,908.75,No
8276-MQBYC,Male,1,No,No,51,Yes,Fiber optic,No,No,Yes,No,4913.3,Yes
7644-OMVMY,Male,0,Yes,Yes,0,Yes,No,No internet service,No internet service,No internet service,No internet service, ,No
7593-XFKDI,Male,0,No,No,1,Yes,DSL,No,No,No,No,46.3,Yes
4573-JKNAE,Male,0,No,Yes,12,Yes,No,No internet service,No internet service,No internet service,No internet service,212.3,No
0337-CNPZE,Female,0,No,No,41,Yes,Fiber optic,No,Yes,Yes,No,4443.45,Yes
9817-APLHW,Male,0,No,No,12,Yes,No,No internet service,No internet service,No internet service,No internet service,316.2,No
8380-MQINP,Female,0,Yes,Yes,55,Yes,No,No internet service,No internet service,No internet service,No internet service,1079.05,No
0840-DFEZH,Female,0,No,No,7,Yes,Fiber optic,No,No,No,No,564.65,No
1513-XNPPH,Female,0,No,No,12,Yes,Fiber optic,No,No,Yes,Yes,1095.65,Yes
8690-ZVLCL,Female,0,Yes,Yes,68,Yes,DSL,Yes,Yes,Yes,Yes,6161.9,No
6015-VVHHE,Female,1,No,No,5,Yes,Fiber optic,No,No,No,No,446.05,Yes
1125-SNVCK,Female,1,No,No,49,Yes,DSL,No,No,No,No,2106.05,No
0384-LPITE,Male,0,No,No,40,No,DSL,Yes,Yes,Yes,No,2511.55,No
4616-EWBNJ,Female,0,No,No,16,Yes,No,No internet service,No internet service,No internet service,No internet service,318.6,No
6347-DCUIK,Male,0,No,No,10,Yes,Fiber optic,No,No,No,No,811.8,Yes
1335-HQMKX,Female,0,Yes,No,72,Yes,Fiber optic,No,Yes,Yes,No,7323.15,No
2545-EBUPK,Female,1,No,No,2,Yes,Fiber optic,No,No,No,No,186.05,No
6923-AQONU,Male,0,Yes,Yes,23,Yes,No,No internet service,No internet service,No internet service,No internet service,454,No
2172-EJXVF,Female,1,No,No,71,Yes,Fiber optic,No,Yes,Yes,No,7521.95,No
0897-FEGMU,Female,0,Yes,No,11,Yes,Fiber optic,No,No,Yes,No,1056.95,Yes
7663-RGWBC,Male,0,No,No,1,Yes,DSL,No,No,No,No,44.15,Yes
1120-BMWUB,Female,0,No,No,16,Yes,DSL,No,Yes,No,Yes,834.15,Yes
9124-LHCJQ,Female,0,No,No,1,Yes,Fiber optic,No,No,No,No,85.45,Yes
4536-PLEQY,Male,0,Yes,No,12,Yes,Fiber optic,No,Yes,No,No,999.8,No
7029-IJEJK,Female,0,No,No,54,No,DSL,Yes,No,No,Yes,2369.7,No
8871-JLMHM,Female,0,Yes,No,68,Yes,Fiber optic,No,Yes,Yes,Yes,6297.65,No
2235-ZGKPT,Female,0,Yes,Yes,4,Yes,DSL,No,No,No,No,239.55,Yes
3891-PUQOD,Female,0,No,Yes,1,Yes,DSL,No,No,Yes,No,59.2,Yes
5447-VYTKW,Male,0,No,No,27,Yes,DSL,Yes,No,No,Yes,1461.45,No
3623-FQBOX,Male,0,No,No,21,Yes,No,No internet service,No internet service,No internet service,No internet service,416.4,No
0689-NKYLF,Male,0,No,No,13,Yes,Fiber optic,No,No,Yes,No,1060.6,Yes
8659-HDIYE,Female,1,No,No,64,Yes,DSL,No,Yes,Yes,Yes,4869.35,No
3658-KIBGF,Female,0,No,No,1,Yes,DSL,Yes,Yes,No,No,54.9,Yes
3474-BAFSJ,Male,0,Yes,No,57,No,DSL,No,Yes,Yes,Yes,3265.95,No
5519-YLDGW,Female,0,Yes,No,21,Yes,Fiber optic,Yes,No,Yes,No,2254.2,Yes
3865-ZFZIB,Male,0,No,No,19,Yes,No,No internet service,No internet service,No internet service,No internet service,358.15,No
1855-AGAWH,Male,0,Yes,No,31,Yes,Fiber optic,No,No,Yes,No,2939.8,No
7109-CQYUZ,Male,0,No,No,52,Yes,DSL,Yes,Yes,Yes,Yes,4652.4,No
1370-GGAWX,Female,0,No,No,46,Yes,Fiber optic,No,Yes,Yes,No,4408.45,No
4680-KUTAJ,Female,1,No,No,11,Yes,DSL,Yes,No,No,No,580.8,No
5307-UVGNB,Female,0,Yes,Yes,53,No,DSL,Yes,Yes,Yes,No,2495.2,No
4946-EDSEW,Female,0,Yes,Yes,11,Yes,No,No internet service,No internet service,No internet service,No internet service,180.3,Yes
2883-ILGWO,Male,1,No,No,57,Yes,Fiber optic,No,Yes,No,Yes,5913.95,No
2516-VQRRV,Female,1,No,No,2,Yes,Fiber optic,No,No,No,No,158.4,Yes
7580-UGXNC,Female,1,No,No,2,Yes,DSL,Yes,Yes,No,No,104.2,Yes
3642-BYHDO,Female,0,Yes,Yes,71,Yes,No,No internet service,No internet service,No internet service,No internet service,1389.35,No
9629-NHXFW,Female,0,Yes,Yes,1,Yes,No,No internet service,No internet service,No internet service,No internet service,19.4,No
2696-RZVZW,Male,0,Yes,No,68,Yes,No,No internet service,No internet service,No internet service,No internet service,1629.2,No
5766-FTRTS,Male,0,Yes,No,72,Yes,DSL,Yes,Yes,Yes,Yes,6033.1,No
0396-HUJBP,Female,0,No,No,2,Yes,No,No internet service,No internet service,No internet service,No internet service,44.4,No
5178-LMXOP,Male,1,Yes,No,1,Yes,Fiber optic,No,No,No,No,95.1,Yes
8879-ZKJOF,Female,0,No,No,41,Yes,DSL,Yes,No,Yes,Yes,3320.75,No
6285-FTQBF,Male,0,Yes,Yes,72,Yes,No,No internet service,No internet service,No internet service,No internet service,1867.7,No
8185-UPYBR,Male,0,Yes,No,6,Yes,Fiber optic,No,No,No,No,438,Yes
4585-HETAI,Female,0,Yes,Yes,4,Yes,Fiber optic,No,No,Yes,No,325.45,Yes
7526-BEZQB,Male,0,No,No,12,Yes,Fiber optic,No,No,No,No,1148.1,Yes
1474-JUWSM,Female,0,Yes,No,58,Yes,DSL,Yes,No,No,Yes,3972.25,No
3530-CRZSB,Female,0,No,No,7,Yes,No,No internet service,No internet service,No internet service,No internet service,155.9,No
8498-XXGWA,Female,0,Yes,No,65,Yes,DSL,Yes,No,Yes,No,3673.15,No
9617-INGJY,Male,0,No,No,1,Yes,Fiber optic,No,No,No,No,70.6,No
0621-TSSMU,Male,0,Yes,No,56,Yes,No,No internet service,No internet service,No internet service,No internet service,1126.75,No
7234-KMNRQ,Male,0,No,No,4,Yes,No,No internet service,No internet service,No internet service,No internet service,73.45,No
7636-PEPNS,Female,0,Yes,Yes,58,Yes,DSL,No,No,No,No,2413.05,No
4683-WYDOU,Male,0,Yes,No,62,Yes,Fiber optic,No,No,Yes,Yes,6912.7,No
9052-DHNKM,Male,0,No,No,26,Yes,DSL,Yes,Yes,No,No,1581.95,No
6794-HKIAJ,Male,0,No,No,62,Yes,Fiber optic,Yes,Yes,Yes,No,5586.45,No
5578-NKCXI,Female,0,Yes,Yes,58,Yes,Fiber optic,Yes,Yes,No,No,5846.65,No
1642-HMARX,Female,0,Yes,No,68,Yes,DSL,Yes,Yes,Yes,Yes,6424.7,No
3096-WPXBT,Female,0,Yes,Yes,61,Yes,Fiber optic,Yes,Yes,Yes,No,6018.65,No
8434-PNQZX,Female,0,No,No,42,Yes,DSL,No,No,Yes,Yes,3373.4,No
5950-AAAGJ,Male,0,No,No,18,Yes,Fiber optic,No,No,No,No,1537.9,No
4299-OPXEJ,Female,0,No,No,56,Yes,No,No internet service,No internet service,No internet service,No internet service,1080.55,No
4951-UKAAQ,Female,0,No,No,4,Yes,Fiber optic,No,Yes,No,No,355.2,Yes
9618-LFJRU,Female,0,No,No,4,Yes,No,No internet service,No internet service,No internet service,No internet service,82.85,No
6693-DJWTY,Female,0,No,Yes,35,Yes,DSL,Yes,Yes,No,No,2016.45,No
0744-GKNGE,Female,0,Yes,Yes,64,Yes,Fiber optic,Yes,No,No,Yes,5327.25,No
6447-EGDIV,Female,0,No,No,31,Yes,No,No internet service,No internet service,No internet service,No internet service,683.25,No
1167-OYZJF,Female,1,Yes,No,67,Yes,No,No internet service,No internet service,No internet service,No internet service,1263.05,No
2108-YKQTY,Female,0,No,No,4,Yes,DSL,No,Yes,No,No,151.3,Yes
4806-DXQCE,Female,1,Yes,No,70,Yes,Fiber optic,Yes,Yes,Yes,Yes,7714.65,No
4918-QLLIW,Male,0,No,No,3,Yes,DSL,No,No,No,No,188.7,Yes
7056-IMHCC,Male,1,Yes,No,53,Yes,Fiber optic,No,Yes,No,No,5549.4,Yes
4854-SSLTN,Male,0,Yes,Yes,2,Yes,DSL,Yes,Yes,No,Yes,130.5,No
5294-DMSFH,Female,0,Yes,Yes,29,Yes,Fiber optic,No,No,No,No,2621.75,No
4837-PZTIC,Female,0,No,No,47,No,DSL,Yes,No,Yes,Yes,1875.25,No
1625-JAIIY,Female,0,Yes,Yes,68,Yes,Fiber optic,No,No,No,No,5685.8,Yes
0603-OLQDC,Male,0,No,Yes,12,Yes,DSL,Yes,No,No,No,837.5,No
3272-VUHPV,Female,0,Yes,Yes,8,Yes,DSL,No,Yes,No,Yes,401.5,No
4176-FXYBO,Male,0,Yes,No,54,Yes,Fiber optic,Yes,Yes,Yes,No,6118.95,No
1063-DHQJF,Male,0,Yes,Yes,69,Yes,Fiber optic,No,Yes,No,Yes,6480.9,No
8663-UPDGF,Female,0,No,No,26,Yes,DSL,Yes,Yes,No,No,1800.05,No
6719-FGEDO,Female,0,Yes,No,72,Yes,Fiber optic,Yes,Yes,Yes,Yes,7104.2,No
1837-YQUCE,Female,0,No,No,70,No,DSL,Yes,No,Yes,Yes,4214.25,No
2947-DOMLJ,Male,0,No,Yes,1,Yes,DSL,Yes,No,No,No,50.6,Yes
4112-LUEIZ,Male,0,No,No,10,Yes,Fiber optic,No,No,No,No,863.1,Yes
0369-ZGOVK,Female,0,Yes,Yes,28,Yes,Fiber optic,No,No,No,No,1992.2,No
4510-HIMLV,Male,0,No,No,1,Yes,Fiber optic,No,No,No,No,69.8,Yes
9919-KNPOO,Female,0,Yes,No,21,Yes,Fiber optic,No,No,No,No,1948.35,No
8749-JMNKX,Male,1,Yes,No,51,Yes,Fiber optic,Yes,No,Yes,No,4750.95,Yes
7872-BAAZR,Female,0,Yes,Yes,53,Yes,No,No internet service,No internet service,No internet service,No internet service,1007.9,No
9391-LMANN,Male,0,No,Yes,53,Yes,Fiber optic,Yes,Yes,Yes,No,5036.9,No
2430-USGXP,Male,0,Yes,No,24,Yes,Fiber optic,No,No,Yes,No,2391.8,Yes
8174-TBVCF,Female,0,Yes,No,70,Yes,DSL,Yes,Yes,Yes,Yes,6859.05,No
1698-XFZCI,Male,0,No,No,61,Yes,Fiber optic,Yes,Yes,Yes,No,6521.9,No
1877-HKBQX,Female,0,No,No,11,Yes,DSL,Yes,No,No,Yes,617.85,No
4450-DLLMH,Male,0,No,No,2,Yes,Fiber optic,No,No,No,No,157.75,No
0428-AXXLJ,Male,0,No,No,25,Yes,No,No internet service,No internet service,No internet service,No internet service,516.3,No
2746-DIJLO,Female,0,No,No,41,Yes,DSL,No,Yes,No,No,2364,No
5955-ERIHD,Male,0,Yes,No,18,Yes,Fiber optic,No,No,No,No,1687.95,Yes
0917-EZOLA,Male,1,Yes,No,72,Yes,Fiber optic,No,Yes,Yes,No,7689.95,Yes
3508-VLHCZ,Female,0,Yes,Yes,71,Yes,DSL,Yes,Yes,Yes,Yes,6239.05,No
4086-ATNFV,Female,0,Yes,Yes,34,Yes,DSL,Yes,Yes,Yes,No,2042.05,No
0468-YRPXN,Male,0,No,No,29,Yes,Fiber optic,No,No,Yes,Yes,2807.1,No
5996-NRVXR,Male,1,Yes,No,40,Yes,Fiber optic,Yes,Yes,Yes,Yes,4116.8,No
3739-YBWAB,Male,0,Yes,No,36,No,DSL,Yes,No,Yes,No,1317.95,No
7047-FWEYA,Female,0,Yes,No,46,Yes,Fiber optic,No,Yes,No,Yes,4594.65,No
2000-MPKCA,Female,0,No,No,58,Yes,Fiber optic,Yes,Yes,Yes,No,6332.75,No
9762-YAQAA,Male,0,No,No,39,Yes,Fiber optic,No,Yes,No,No,3213.75,No
5949-EBSQK,Male,0,Yes,Yes,4,Yes,DSL,No,No,No,Yes,229.55,Yes
5473-KHBPS,Female,0,Yes,Yes,52,Yes,Fiber optic,No,Yes,Yes,No,4976.15,No
0100-DUVFC,Male,1,Yes,No,70,Yes,Fiber optic,No,Yes,Yes,No,7308.95,No
5397-TUPSH,Male,1,Yes,No,65,Yes,Fiber optic,No,No,No,No,4555.2,No
8950-MTZNV,Male,0,No,No,1,Yes,DSL,No,No,No,No,44.95,No
0326-VDYXE,Female,0,Yes,No,70,Yes,Fiber optic,No,No,Yes,No,6982.5,No
6773-LQTVT,Female,1,Yes,Yes,29,No,DSL,No,Yes,Yes,No,1025.15,No
7274-RTAPZ,Male,0,No,No,1,Yes,Fiber optic,No,No,No,No,90.55,Yes
0436-TWFFZ,Female,0,No,No,67,Yes,DSL,Yes,No,Yes,Yes,5714.2,No
8566-YPRGL,Female,0,No,No,1,Yes,No,No internet service,No internet service,No internet service,No internet service,19.5,No
0311-UNPFF,Female,0,No,No,26,Yes,Fiber optic,No,No,No,No,2274.35,Yes
6609-MXJHJ,Female,0,Yes,Yes,30,Yes,No,No internet service,No internet service,No internet service,No internet service,789.55,No
2669-OIDSD,Female,0,Yes,No,48,Yes,Fiber optic,No,No,Yes,Yes,4834,No
8400-WZICQ,Female,0,Yes,Yes,55,Yes,DSL,Yes,Yes,No,No,3131.8,No
3834-XUIFC,Male,0,No,No,7,Yes,Fiber optic,No,No,No,No,602.55,Yes
9576-SYUHJ,Male,0,No,No,37,Yes,Fiber optic,Yes,No,No,No,3369.25,No
0410-IPFTY,Female,0,Yes,No,31,Yes,Fiber optic,No,Yes,No,No,2674.15,No
2831-EBWRN,Male,0,No,No,4,Yes,DSL,No,No,No,No,199.75,No
9430-NKQLY,Male,0,Yes,Yes,72,Yes,No,No internet service,No internet service,No internet service,No internet service,1790.8,No
8414-MYSHR,Male,1,No,No,5,Yes,Fiber optic,No,No,No,No,449.75,Yes
0247-SLUJI,Male,0,Yes,Yes,1,Yes,No,No internet service,No internet service,No internet service,No internet service,19.7,No
9402-ORRAH,Female,1,No,No,15,Yes,Fiber optic,No,No,No,No,1400.3,No
6483-OATDN,Male,0,Yes,Yes,8,Yes,DSL,Yes,No,No,No,411.6,No
1293-HHSHJ,Female,0,No,No,35,Yes,No,No internet service,No internet service,No internet service,No internet service,741,No
4840-ORQXB,Female,1,No,No,56,Yes,Fiber optic,No,Yes,Yes,No,5841.35,No
7599-FKVXZ,Male,0,Yes,No,42,Yes,Fiber optic,No,No,Yes,Yes,4512.7,Yes
3982-DQLUS,Male,1,Yes,Yes,65,Yes,Fiber optic,Yes,Yes,No,No,5688.45,No
8610-ZIKJJ,Female,0,Yes,Yes,2,Yes,No,No internet service,No internet service,No internet service,No internet service,31.9,No
3756-VNWDH,Male,1,Yes,No,65,Yes,Fiber optic,Yes,No,No,No,6674.65,No
7801-KICAO,Female,0,No,No,18,Yes,Fiber optic,No,No,No,No,1345.75,No
7673-LPRNY,Female,0,No,No,23,Yes,DSL,Yes,No,Yes,No,1843.05,No
8229-TNIQA,Female,0,No,No,4,Yes,DSL,No,No,No,No,196.95,Yes
6060-QBMGV,Male,0,Yes,No,70,Yes,No,No internet service,No internet service,No internet service,No internet service,1433.8,No
7339-POGZN,Female,0,No,No,4,Yes,DSL,No,No,No,No,214.55,No
2828-SLQPF,Male,0,No,No,19,Yes,DSL,No,No,No,No,865.85,No
4465-VDKIQ,Female,0,No,No,18,Yes,Fiber optic,No,Yes,Yes,No,1358.6,No
2921-XWDJH,Female,1,Yes,No,38,Yes,Fiber optic,Yes,No,No,No,3147.15,No
6221-AVQYL,Male,0,No,No,2,Yes,Fiber optic,No,No,No,No,131.05,Yes
2558-BUOZZ,Male,0,No,No,47,Yes,Fiber optic,Yes,Yes,No,No,4535.85,No
9257-AZMTZ,Female,0,Yes,Yes,52,Yes,No,No internet service,No internet service,No internet service,No internet service,1078.75,No
0003-MKNFE,Male,0,No,No,9,Yes,DSL,No,No,No,No,542.4,No
0975-UYDTX,Female,0,Yes,No,26,Yes,DSL,Yes,Yes,Yes,Yes,2312.55,No
7743-EXURX,Male,0,Yes,Yes,8,Yes,DSL,No,No,Yes,No,415.05,Yes
4682-BLBUC,Male,0,Yes,No,44,Yes,DSL,No,Yes,Yes,Yes,3250.45,No
0975-VOOVL,Female,0,No,No,3,No,DSL,No,Yes,No,No,98.5,No
5968-VXZLG,Male,0,No,No,2,Yes,DSL,No,No,No,No,87.9,No
5569-KGJHX,Female,0,Yes,Yes,9,Yes,Fiber optic,No,No,No,No,754.65,Yes
4988-IQIGL,Male,1,No,No,1,Yes,Fiber optic,No,No,No,No,75.35,Yes
5201-FRKKS,Male,0,No,No,25,Yes,Fiber optic,Yes,No,No,No,1952.25,No
9799-CAYJJ,Female,1,Yes,No,2,Yes,Fiber optic,No,No,No,No,153.8,No
7730-IUTDZ,Male,0,No,No,43,Yes,Fiber optic,Yes,No,No,No,3198.6,Yes
0426-TIRNE,Female,0,No,No,1,Yes,No,No internet service,No internet service,No internet service,No internet service,20.9,Yes
5443-SCMKX,Female,0,Yes,No,58,Yes,Fiber optic,No,Yes,Yes,No,5610.15,No
8295-KMENE,Female,0,Yes,Yes,59,Yes,DSL,Yes,No,Yes,Yes,4519.5,No
6738-ISCBM,Male,0,No,No,44,No,DSL,Yes,No,Yes,No,2440.25,No
9821-BESNZ,Male,0,No,No,66,Yes,Fiber optic,No,Yes,No,Yes,6860.6,No
3678-MNGZX,Male,0,Yes,Yes,68,Yes,No,No internet service,No internet service,No internet service,No internet service,1377.7,No
1335-NTIUC,Male,0,No,No,9,No,DSL,No,No,No,No,190.25,No
2916-BQZLN,Male,0,No,No,19,Yes,Fiber optic,Yes,No,Yes,No,1651.95,No
4558-CGYCZ,Male,0,No,No,4,Yes,No,No internet service,No internet service,No internet service,No internet service,78.3,No
2368-GAKKQ,Female,0,No,No,70,Yes,Fiber optic,Yes,Yes,Yes,Yes,7939.25,No
8710-YGLWG,Male,0,No,No,1,Yes,DSL,No,No,No,No,44.9,No
3199-XGZCY,Female,0,No,No,8,Yes,Fiber optic,No,No,No,No,576.7,No
3785-KTYSH,Male,0,No,No,53,Yes,No,No internet service,No internet service,No internet service,No internet service,1279,No
6814-ZPWFQ,Male,1,No,No,51,Yes,No,No internet service,No internet service,No internet service,No internet service,1260.7,No
4063-EIKNQ,Male,0,Yes,Yes,11,Yes,No,No internet service,No internet service,No internet service,No internet service,267.35,No
6993-YCOBK,Male,0,Yes,Yes,60,Yes,Fiber optic,Yes,No,Yes,Yes,6586.85,No
5206-HPJKM,Male,0,No,No,17,Yes,DSL,Yes,Yes,No,No,934.15,No
7587-RZNME,Male,0,No,No,3,Yes,DSL,No,No,No,No,123.65,Yes
0748-RDGGM,Male,0,Yes,No,70,Yes,Fiber optic,Yes,Yes,Yes,Yes,7534.65,Yes
8393-JMVMB,Male,0,No,No,1,Yes,No,No internet service,No internet service,No internet service,No internet service,19.45,No
5019-GQVCR,Male,1,No,No,43,Yes,Fiber optic,No,No,No,No,3645.6,No
6036-TTFYU,Female,0,Yes,No,16,Yes,No,No internet service,No internet service,No internet service,No internet service,314.45,No
2550-AEVRU,Female,0,Yes,Yes,57,Yes,DSL,Yes,Yes,No,No,3053,No
0969-RGKCU,Male,0,Yes,Yes,37,Yes,No,No internet service,No internet service,No internet service,No internet service,677.05,No
0378-CJKPV,Female,0,Yes,No,72,Yes,Fiber optic,Yes,Yes,Yes,Yes,7965.95,No
4706-AXVKM,Female,1,No,No,11,Yes,Fiber optic,No,No,No,No,906.85,Yes
5889-JTMUL,Female,1,Yes,No,50,Yes,Fiber optic,No,Yes,Yes,No,4888.7,Yes
9026-RNUJS,Male,1,No,No,5,Yes,DSL,No,No,Yes,No,237.25,Yes
3746-EUBYR,Male,0,Yes,No,1,Yes,Fiber optic,No,No,No,No,74.6,Yes
2332-EFBJY,Male,0,No,No,16,Yes,No,No internet service,No internet service,No internet service,No internet service,342.4,Yes
2880-FPNAE,Male,1,Yes,No,2,Yes,Fiber optic,No,No,Yes,No,140.1,No
1703-MGIAB,Female,0,No,No,17,Yes,DSL,No,No,Yes,Yes,1108,No
4311-QTTAI,Female,0,No,No,16,Yes,No,No internet service,No internet service,No internet service,No internet service,295.55,No
9474-PHLYD,Female,0,No,No,15,Yes,DSL,No,No,Yes,No,892.65,Yes
4318-RAJVY,Female,0,No,No,10,Yes,No,No internet service,No internet service,No internet service,No internet service,198.25,No
2165-VOEGB,Female,0,No,Yes,46,Yes,Fiber optic,Yes,Yes,No,Yes,4822.85,Yes
3612-YUNGG,Male,0,Yes,Yes,64,Yes,Fiber optic,No,Yes,Yes,Yes,6741.15,No
2254-DLXRI,Female,0,No,No,1,Yes,Fiber optic,No,Yes,No,No,79.15,No
5062-CJJKH,Male,0,Yes,Yes,25,Yes,DSL,No,Yes,Yes,No,1355.45,No
9028-LIHRP,Male,0,Yes,Yes,71,Yes,Fiber optic,Yes,Yes,Yes,Yes,7209,No
2219-MVUSO,Male,0,No,No,8,Yes,DSL,No,No,No,No,438.4,Yes
1053-MXTTK,Female,0,Yes,Yes,72,Yes,Fiber optic,Yes,Yes,Yes,Yes,7726.35,No
1530-ZTDOZ,Female,0,Yes,No,49,No,DSL,Yes,No,No,No,2070.75,No
1301-LOPVR,Male,0,Yes,Yes,29,No,DSL,Yes,Yes,Yes,Yes,1636.95,No
0853-TWRVK,Male,0,Yes,No,72,Yes,Fiber optic,Yes,Yes,Yes,Yes,7581.5,No
8914-RBTSB,Male,0,Yes,No,31,Yes,Fiber optic,No,Yes,Yes,No,3019.5,Yes
6212-ATMLK,Female,0,No,No,50,Yes,Fiber optic,No,No,No,No,4729.75,No
8200-LGKSR,Male,0,Yes,No,71,Yes,DSL,Yes,No,Yes,Yes,6126.1,No
1568-BEKZM,Male,1,Yes,No,70,Yes,DSL,Yes,Yes,Yes,Yes,6333.4,No
0670-ANMUU,Male,0,No,No,71,Yes,Fiber optic,Yes,No,No,Yes,6687.85,No
6897-RWMUB,Male,0,Yes,Yes,61,Yes,DSL,Yes,Yes,Yes,Yes,4158.25,No
0963-ZBDRN,Male,0,No,No,32,Yes,Fiber optic,No,No,No,Yes,3183.4,Yes
7594-RQHXR,Female,0,No,Yes,1,Yes,Fiber optic,No,No,No,No,79.6,Yes
6999-CHVCF,Male,0,No,No,68,Yes,Fiber optic,Yes,Yes,Yes,No,7149.35,No
6134-KWTBV,Male,0,No,No,62,Yes,No,No internet service,No internet service,No internet service,No internet service,1429.65,No
1077-HUUJM,Female,0,No,Yes,7,Yes,Fiber optic,No,No,No,No,472.65,No
6331-EWIEB,Male,0,No,No,20,Yes,Fiber optic,No,No,No,No,1734.5,Yes
0895-LNKRC,Male,0,Yes,Yes,6,Yes,No,No internet service,No internet service,No internet service,No internet service,113.5,No
2045-BMBTJ,Female,1,No,No,33,No,DSL,Yes,Yes,Yes,No,1884.65,No
8417-GSODA,Male,0,Yes,Yes,28,Yes,Fiber optic,No,No,No,No,2568.15,No
5171-EPLKN,Male,0,No,No,27,Yes,No,No internet service,No internet service,No internet service,No internet service,470,No
4452-QIIEB,Male,0,No,No,7,Yes,DSL,No,No,No,No,278.4,No
5998-VVEJY,Male,0,No,No,26,Yes,Fiber optic,No,No,No,Yes,2088.8,Yes
1624-NALOJ,Male,1,No,No,5,Yes,Fiber optic,No,Yes,No,No,502.6,Yes
6741-EGCBI,Male,1,No,No,30,Yes,Fiber optic,Yes,No,No,No,2595.85,No
7820-ZYGNY,Male,0,No,No,63,Yes,Fiber optic,No,Yes,No,No,5825.5,No
4317-VTEOA,Male,0,No,No,1,Yes,DSL,No,Yes,No,No,50.75,Yes
9677-AVKED,Female,0,No,Yes,53,Yes,DSL,No,Yes,Yes,Yes,4449.75,No
1670-SVOWZ,Female,0,Yes,Yes,14,Yes,Fiber optic,No,Yes,No,Yes,1208.35,Yes
2227-JRSJX,Female,0,No,No,21,Yes,Fiber optic,No,Yes,No,Yes,1956.4,No
9847-HNVGP,Male,0,No,No,17,Yes,No,No internet service,No internet service,No internet service,No internet service,310.6,No
6696-YDAYZ,Male,0,Yes,Yes,16,Yes,No,No internet service,No internet service,No internet service,No internet service,290.55,No
8980-WQFWL,Female,0,No,No,35,Yes,DSL,No,No,Yes,No,2096.1,No
1730-ZMAME,Female,1,No,No,32,Yes,Fiber optic,No,No,No,No,2665,No
6506-EYCNH,Female,0,Yes,Yes,28,Yes,No,No internet service,No internet service,No internet service,No internet service,543.8,No
4634-JLRJT,Female,0,No,No,1,Yes,No,No internet service,No internet service,No internet service,No internet service,20.35,No
9501-UKKNL,Male,0,No,No,59,No,DSL,No,No,No,Yes,3005.8,No
2560-QTSBS,Female,0,Yes,Yes,72,Yes,No,No internet service,No internet service,No internet service,No internet service,1623.15,No
7541-YLXCL,Male,0,No,No,36,Yes,DSL,No,Yes,No,Yes,2498.4,Yes
4795-WRNVT,Female,0,No,No,40,Yes,DSL,Yes,Yes,No,No,2586,No
6080-TCMYC,Male,0,Yes,Yes,40,Yes,Fiber optic,No,No,Yes,No,3292.3,No
0260-ZDLGK,Female,0,No,Yes,9,Yes,DSL,No,No,Yes,Yes,651.4,Yes
7860-UXCRM,Male,0,Yes,Yes,63,Yes,DSL,Yes,Yes,Yes,Yes,4674.55,No
6357-JJPQT,Female,0,No,No,3,Yes,Fiber optic,No,No,No,No,232.35,No
2292-XQWSV,Male,0,Yes,Yes,40,No,DSL,No,Yes,Yes,Yes,2448.5,No
9552-TGUZV,Male,0,Yes,No,8,Yes,Fiber optic,Yes,No,No,No,658.1,No
5913-INRQV,Male,1,Yes,No,34,Yes,Fiber optic,Yes,No,No,Yes,3128.8,No
8722-NGNBH,Male,0,No,No,5,No,DSL,Yes,No,Yes,Yes,223.45,Yes
6210-KBBPI,Male,1,No,No,9,Yes,Fiber optic,No,Yes,No,No,919.4,Yes
9643-YBLUR,Male,0,Yes,No,9,Yes,DSL,No,Yes,Yes,No,653.95,No
8734-FNWVH,Male,0,Yes,Yes,31,Yes,DSL,No,No,No,No,1825.5,No
9447-YPTBX,Female,0,Yes,No,50,Yes,No,No internet service,No internet service,No internet service,No internet service,943.1,No
0133-BMFZO,Female,0,No,No,2,Yes,Fiber optic,Yes,Yes,No,Yes,181.65,Yes
6128-CZOMY,Female,0,No,No,1,Yes,DSL,No,No,No,No,45.65,Yes
9540-JYROE,Male,0,No,No,8,Yes,Fiber optic,No,No,No,No,551.35,Yes
9026-LHEVG,Female,0,No,No,9,No,DSL,No,Yes,No,No,359.4,No
2260-USTRB,Female,1,No,No,2,Yes,Fiber optic,No,No,No,No,115.95,Yes
3656-TKRVZ,Female,0,No,No,3,Yes,DSL,Yes,Yes,No,No,165.2,Yes
7011-CVEUC,Male,0,Yes,No,25,Yes,Fiber optic,No,No,No,Yes,2338.35,No
6185-TASNN,Male,1,No,No,1,Yes,DSL,No,No,No,No,46.3,No
7925-PNRGI,Female,0,Yes,Yes,45,Yes,DSL,Yes,Yes,Yes,Yes,3541.1,No
8623-TMRBY,Male,1,Yes,Yes,51,Yes,Fiber optic,No,Yes,Yes,No,4146.05,Yes
1552-CZCLL,Female,0,Yes,Yes,55,Yes,No,No internet service,No internet service,No internet service,No internet service,1087.25,No
3038-PQIUY,Female,0,No,No,38,Yes,DSL,Yes,Yes,Yes,No,2522.4,No
1501-SGHBW,Male,0,No,No,2,Yes,DSL,No,No,No,No,81,Yes
9313-CDOGY,Male,0,Yes,Yes,38,Yes,No,No internet service,No internet service,No internet service,No internet service,717.3,No
8148-BPLZQ,Male,0,No,No,34,Yes,DSL,No,Yes,No,No,1734.2,No
2623-DRYAM,Female,0,Yes,No,70,Yes,Fiber optic,No,No,Yes,No,7069.3,No
9987-LUTYD,Female,0,No,No,13,Yes,DSL,Yes,No,No,Yes,742.9,No
3208-YPIOE,Male,0,No,No,39,Yes,Fiber optic,No,No,No,No,3017.65,Yes
4488-KQFDT,Female,0,No,No,61,Yes,Fiber optic,No,Yes,Yes,No,6423,No
2612-RANWT,Female,0,No,No,12,Yes,Fiber optic,No,No,Yes,No,1164.3,Yes
5693-PIPCS,Male,0,No,No,41,Yes,Fiber optic,No,Yes,No,Yes,4220.35,No
0491-KAPQG,Male,0,No,No,21,Yes,Fiber optic,No,No,No,No,1558.7,No
1925-LFCZZ,Male,1,No,No,55,No,DSL,No,No,Yes,No,2743.45,No
8039-EQPIM,Male,0,Yes,No,69,No,DSL,Yes,No,Yes,Yes,4055.5,No
6900-PXRMS,Male,1,Yes,Yes,26,Yes,Fiber optic,No,Yes,Yes,No,2710.25,Yes
8707-RMEZH,Female,1,Yes,No,69,Yes,Fiber optic,Yes,Yes,No,No,6055.55,No
3346-BRMIS,Female,1,Yes,No,18,No,DSL,No,No,Yes,No,810.7,Yes
3209-ZPKFI,Male,0,Yes,Yes,47,Yes,DSL,No,Yes,No,No,2538.2,No
6479-VDGRK,Female,0,Yes,Yes,72,Yes,DSL,Yes,Yes,Yes,Yes,6129.2,No
9373-WSLOY,Male,1,Yes,No,33,No,DSL,No,Yes,Yes,Yes,1750.85,No
2933-FILNV,Female,0,Yes,Yes,2,No,DSL,No,No,No,No,36.55,Yes
3569-JFODW,Female,0,Yes,Yes,72,Yes,DSL,Yes,Yes,Yes,Yes,6652.45,No
9819-FBNSV,Male,1,Yes,No,37,Yes,Fiber optic,No,No,No,No,2575.45,No
9544-PYPSJ,Female,1,Yes,Yes,62,Yes,Fiber optic,No,Yes,Yes,No,6019.35,No
1591-XWLGB,Female,0,Yes,No,71,Yes,No,No internet service,No internet service,No internet service,No internet service,1379.6,No
0396-UKGAI,Male,0,No,Yes,23,Yes,DSL,No,Yes,No,Yes,1284.2,No
3243-ZHOHY,Female,0,No,No,16,Yes,No,No internet service,No internet service,No internet service,No internet service,296.15,No
5186-EJEGL,Male,0,No,No,9,Yes,DSL,Yes,No,Yes,Yes,653.25,No
7527-QNRUS,Male,0,Yes,Yes,17,Yes,No,No internet service,No internet service,No internet service,No internet service,412.6,No
9986-BONCE,Female,0,No,No,4,Yes,No,No internet service,No internet service,No internet service,No internet service,85.5,Yes
2722-JMONI,Female,1,Yes,No,1,Yes,DSL,Yes,No,No,No,49.55,Yes
2203-GHNWN,Female,0,Yes,No,24,Yes,Fiber optic,No,No,Yes,No,1928.7,No
3878-AVSOQ,Female,1,No,No,1,Yes,Fiber optic,No,No,No,No,71.25,No
3258-SYSWS,Male,1,No,No,72,Yes,Fiber optic,Yes,Yes,Yes,Yes,7845.8,No
5296-PSYVW,Female,0,Yes,No,72,Yes,No,No internet service,No internet service,No internet service,No internet service,1750.7,No
6319-QSUSR,Female,0,No,Yes,11,Yes,No,No internet service,No internet service,No internet service,No internet service,216.2,No
4083-EUGRJ,Male,0,No,No,9,Yes,No,No internet service,No internet service,No internet service,No internet service,178.5,Yes
7579-OOPEC,Female,1,Yes,No,2,Yes,DSL,No,Yes,No,No,115.1,Yes
0512-FLFDW,Female,1,Yes,No,60,Yes,Fiber optic,No,No,Yes,No,6029,No
1771-OADNZ,Male,1,Yes,No,29,Yes,Fiber optic,No,Yes,Yes,No,2745.2,Yes
0487-CRLZF,Female,0,No,No,49,Yes,DSL,No,No,Yes,Yes,3721.9,No
2107-FBPTK,Female,1,No,No,30,Yes,Fiber optic,No,Yes,Yes,No,3121.1,No
9451-WLYRI,Female,0,Yes,No,53,Yes,No,No internet service,No internet service,No internet service,No internet service,990.45,No
8219-VYBVI,Male,0,No,Yes,39,Yes,No,No internet service,No internet service,No internet service,No internet service,1004.35,No
1991-VOPLL,Female,0,No,No,9,Yes,No,No internet service,No internet service,No internet service,No internet service,157.65,No
9738-QLWTP,Male,0,No,No,39,Yes,Fiber optic,No,No,Yes,Yes,3219.75,No
1016-DJTSV,Male,1,No,No,8,Yes,Fiber optic,No,No,No,No,572.85,No
9419-IPPBE,Female,0,Yes,Yes,51,Yes,Fiber optic,No,No,Yes,No,4554.85,No
0174-QRVVY,Male,0,Yes,Yes,71,Yes,No,No internet service,No internet service,No internet service,No internet service,1847.55,No
5699-BNCAS,Male,1,No,No,71,Yes,No,No internet service,No internet service,No internet service,No internet service,1766.75,No
2900-PHPLN,Female,1,Yes,No,70,Yes,No,No internet service,No internet service,No internet service,No internet service,1462.05,No
0612-RTZZA,Female,1,No,No,1,No,DSL,No,No,No,No,25.25,Yes
8106-GWQOK,Male,0,Yes,No,38,No,DSL,Yes,Yes,No,Yes,2193.2,No
8751-EDEKA,Female,0,Yes,No,28,Yes,Fiber optic,No,Yes,Yes,No,2433.5,No
6878-GGDWG,Female,0,Yes,No,32,Yes,No,No internet service,No internet service,No internet service,No internet service,641.15,No
4039-PIMHX,Male,1,Yes,No,49,Yes,DSL,No,Yes,No,No,2398.4,No
8450-LUGUK,Female,0,Yes,Yes,37,Yes,No,No internet service,No internet service,No internet service,No internet service,861.85,No
3604-WLABM,Female,0,No,No,10,Yes,DSL,No,No,Yes,Yes,583,No
0795-GMVQO,Male,0,Yes,No,67,Yes,Fiber optic,Yes,Yes,Yes,No,7332.4,No
2259-OUUSZ,Male,0,No,No,7,No,DSL,No,No,Yes,Yes,249.55,No
1142-IHLOO,Female,0,No,No,51,Yes,Fiber optic,No,No,No,No,4475.9,No
6410-LEFEN,Female,0,No,No,9,Yes,DSL,No,No,No,No,416.45,Yes
4633-MKHYU,Female,0,No,No,9,Yes,Fiber optic,No,No,No,No,788.6,No
6257-RJOHI,Male,0,No,No,4,Yes,DSL,No,No,No,Yes,202.3,No
1545-JFUML,Male,0,Yes,No,71,Yes,Fiber optic,Yes,Yes,Yes,No,6994.6,No
3194-ORPIK,Female,0,Yes,Yes,50,Yes,Fiber optic,No,No,No,No,4116.15,Yes
7826-VVKWT,Female,1,Yes,Yes,24,Yes,Fiber optic,No,No,Yes,No,2263.45,No
1353-GHZOS,Male,0,Yes,No,22,Yes,DSL,Yes,No,No,No,1374.35,No
2587-EKXTS,Male,0,No,No,44,Yes,Fiber optic,Yes,Yes,Yes,No,4915.15,No
5442-BXVND,Female,0,Yes,Yes,33,Yes,No,No internet service,No internet service,No internet service,No internet service,838.5,No
8816-VXNZD,Female,0,No,No,1,Yes,Fiber optic,No,No,No,No,75.1,Yes
9378-FXTIZ,Female,0,Yes,No,54,Yes,DSL,No,No,No,No,3715.65,Yes
1723-HKXJQ,Male,0,No,No,42,Yes,Fiber optic,No,Yes,No,No,4273.45,Yes
7825-GKXMW,Female,0,No,No,1,Yes,DSL,No,No,No,No,45.8,Yes
9753-OYLBX,Female,0,No,No,1,Yes,No,No internet service,No internet service,No internet service,No internet service,20.5,No
2364-UFROM,Male,0,No,No,30,Yes,DSL,Yes,Yes,No,Yes,2044.75,No
6656-JWRQX,Female,0,No,No,1,No,DSL,No,No,No,Yes,30.55,No
6473-ULUHT,Male,0,Yes,Yes,16,Yes,DSL,Yes,Yes,No,Yes,1398.25,No
1240-KNSEZ,Male,0,No,No,1,Yes,No,No internet service,No internet service,No internet service,No internet service,20.1,Yes
0836-SEYLU,Male,0,Yes,No,9,No,DSL,No,No,No,Yes,328.95,Yes
4433-JCGCG,Male,1,Yes,No,46,Yes,Fiber optic,No,No,Yes,No,4680.05,Yes
3716-BDVDB,Male,0,No,No,1,Yes,Fiber optic,No,No,No,No,69.1,Yes
7688-AWMDX,Male,0,Yes,No,71,Yes,DSL,Yes,No,No,Yes,3778.2,No
2842-BCQGE,Male,0,No,No,43,Yes,Fiber optic,No,No,No,No,3161.4,No
7244-QWYHG,Male,0,Yes,No,50,No,DSL,Yes,No,No,Yes,2188.45,No
5899-MQZZL,Female,0,No,No,13,Yes,Fiber optic,No,No,No,No,999.45,Yes
6849-OYAMU,Male,0,Yes,Yes,19,Yes,Fiber optic,No,Yes,No,Yes,1888.65,Yes
5312-UXESG,Female,0,No,No,41,Yes,Fiber optic,No,No,Yes,No,3990.6,No
9488-HGMJH,Female,1,No,No,1,Yes,Fiber optic,No,No,No,No,71.15,Yes
6038-GCYEC,Female,0,No,No,24,No,DSL,No,Yes,Yes,No,1240.25,Yes
2150-WLKUW,Female,0,Yes,No,40,Yes,DSL,No,Yes,No,No,2635,No
7159-FVYPK,Female,0,Yes,Yes,3,Yes,DSL,No,Yes,Yes,No,235,No
7032-LMBHI,Female,0,No,No,37,Yes,DSL,Yes,No,No,No,2347.85,No
1150-WFARN,Female,0,Yes,Yes,67,Yes,Fiber optic,Yes,No,Yes,Yes,7156.2,Yes
6088-BXMRG,Female,0,Yes,Yes,32,Yes,Fiber optic,No,Yes,No,No,3089.6,No
3144-AUDBS,Female,0,Yes,No,6,Yes,DSL,No,No,No,Yes,270.8,Yes
4821-SJHJV,Female,0,Yes,Yes,32,Yes,Fiber optic,Yes,No,No,No,2901.8,No
7346-MEDWM,Female,0,No,No,59,Yes,Fiber optic,No,Yes,Yes,No,4949.1,No
1137-DGOWI,Female,0,Yes,No,30,Yes,DSL,No,Yes,Yes,Yes,2198.9,No
5616-PRTNT,Male,0,No,Yes,20,Yes,No,No internet service,No internet service,No internet service,No internet service,374.5,Yes
3812-LRZIR,Female,0,Yes,Yes,27,Yes,No,No internet service,No internet service,No internet service,No internet service,761.95,No
4818-QIUFN,Female,1,No,No,20,Yes,Fiber optic,Yes,No,No,No,1520.9,Yes
9483-GCPWE,Male,0,No,Yes,9,Yes,No,No internet service,No internet service,No internet service,No internet service,190.25,No
4227-OJHAL,Female,0,Yes,Yes,68,Yes,DSL,Yes,Yes,Yes,No,5163,No
9220-CXRSC,Female,0,Yes,Yes,69,Yes,DSL,Yes,No,No,Yes,4059.85,No
4993-JCRGJ,Male,0,No,No,26,Yes,Fiber optic,No,No,Yes,Yes,2281.6,No
9537-JALFH,Male,0,Yes,Yes,69,Yes,No,No internet service,No internet service,No internet service,No internet service,1356.7,No
6698-OXETB,Male,0,No,No,11,Yes,No,No internet service,No internet service,No internet service,No internet service,231.45,No
2103-ZRXFN,Male,0,No,No,1,Yes,DSL,No,No,No,No,50.75,No
3724-BSCVH,Male,0,Yes,Yes,10,Yes,No,No internet service,No internet service,No internet service,No internet service,242.4,No
4877-TSOFF,Female,0,Yes,Yes,55,Yes,DSL,Yes,Yes,No,Yes,4264.25,No
9209-NWPGU,Male,0,No,No,44,Yes,DSL,Yes,No,No,Yes,2774.55,No
6961-VCPMC,Male,1,Yes,No,46,Yes,Fiber optic,No,No,No,No,3605.2,Yes
7306-YDSOI,Male,0,Yes,Yes,69,Yes,DSL,Yes,Yes,Yes,No,4069.9,No
5288-AHOUP,Male,1,No,No,11,Yes,Fiber optic,No,No,No,No,874.2,No
6688-UZPWD,Female,0,Yes,No,11,Yes,Fiber optic,No,Yes,No,No,1145.35,Yes
0655-YDGFJ,Male,0,No,No,29,Yes,DSL,No,No,Yes,No,1323.7,No
8468-EHYJA,Female,0,Yes,No,57,Yes,Fiber optic,Yes,No,No,No,5497.05,No
6823-SIDFQ,Male,0,No,No,28,Yes,No,No internet service,No internet service,No internet service,No internet service,534.7,No
1097-FSPVW,Female,0,No,No,42,Yes,DSL,Yes,No,Yes,No,2455.05,No
2839-RFSQE,Female,0,No,No,2,Yes,No,No internet service,No internet service,No internet service,No internet service,38.7,Yes
8328-SKJNO,Male,0,No,Yes,23,No,DSL,Yes,Yes,No,Yes,947.4,No
7010-ZMVBF,Female,0,Yes,Yes,18,Yes,No,No internet service,No internet service,No internet service,No internet service,357,No
5201-CBWYG,Male,0,Yes,Yes,62,Yes,No,No internet service,No internet service,No internet service,No internet service,1476.25,No
0968-GSIKN,Female,0,No,No,1,Yes,Fiber optic,No,No,No,No,70.8,Yes
1965-DDBWU,Male,0,No,No,16,Yes,Fiber optic,No,No,No,Yes,1448.6,Yes
9057-SIHCH,Female,0,No,No,3,Yes,Fiber optic,No,No,No,No,291.9,Yes
6352-GIGGQ,Male,0,No,No,67,Yes,DSL,Yes,Yes,Yes,Yes,5903.15,No
3635-QQRQD,Male,0,No,No,62,Yes,No,No internet service,No internet service,No internet service,No internet service,1201.65,No
6771-XWBDM,Female,0,Yes,No,57,Yes,Fiber optic,No,Yes,Yes,No,5921.35,Yes
2897-DOVND,Male,0,No,No,2,Yes,Fiber optic,No,No,No,No,146.65,No
3082-YVEKW,Female,0,Yes,Yes,23,Yes,DSL,Yes,No,Yes,Yes,1759.4,No
0191-EQUUH,Female,0,No,Yes,25,No,DSL,Yes,No,No,Yes,844.45,No
7134-HBPBS,Female,1,No,No,72,Yes,Fiber optic,No,Yes,Yes,Yes,7774.05,No
3489-HHPFY,Female,0,Yes,No,2,Yes,Fiber optic,No,No,No,No,134.05,No
2926-JEJJC,Female,0,No,No,8,Yes,No,No internet service,No internet service,No internet service,No internet service,140.95,No
8601-QACRS,Female,0,No,No,5,Yes,DSL,No,No,No,No,249.95,Yes
4950-BDEUX,Male,0,No,No,35,No,DSL,No,No,Yes,No,1701.65,No
5789-LDFXO,Male,0,No,No,24,Yes,No,No internet service,No internet service,No internet service,No internet service,592.65,No
0508-OOLTO,Female,0,Yes,Yes,2,Yes,Fiber optic,No,No,No,No,135.75,No
2984-TBYKU,Male,0,Yes,Yes,72,Yes,Fiber optic,Yes,Yes,Yes,Yes,7732.65,No
9822-WMWVG,Female,0,No,No,41,Yes,Fiber optic,Yes,Yes,Yes,Yes,4282.4,No
2391-SOORI,Male,0,No,Yes,4,Yes,DSL,Yes,No,No,No,219.65,Yes
9040-KZVWO,Male,0,No,No,26,Yes,Fiber optic,No,Yes,No,No,2018.1,No
2645-QTLMB,Male,0,No,No,7,Yes,Fiber optic,No,Yes,No,No,669,Yes
4806-HIPDW,Female,0,Yes,No,1,Yes,Fiber optic,No,No,No,No,68.95,Yes
1548-ARAGG,Female,0,Yes,Yes,4,Yes,DSL,No,Yes,No,Yes,224.85,No
6339-RZCBJ,Male,0,No,No,48,Yes,DSL,No,Yes,Yes,Yes,3771.5,No
4424-TKOPW,Male,1,No,No,2,Yes,Fiber optic,No,No,No,No,196.75,Yes
4415-WNGVR,Female,1,Yes,No,12,Yes,DSL,Yes,No,Yes,Yes,943.85,No
2522-AHJXR,Male,0,Yes,No,60,Yes,Fiber optic,Yes,No,Yes,Yes,6572.85,No
0412-UCCNP,Male,0,No,No,55,Yes,DSL,Yes,No,Yes,Yes,3175.85,No
1816-FLZDK,Male,0,No,No,1,No,DSL,No,No,No,Yes,29.15,No
7096-UCLNH,Male,0,No,No,1,Yes,No,No internet service,No internet service,No internet service,No internet service,20.05,No
8443-ZRDBZ,Male,0,No,No,4,Yes,Fiber optic,No,No,No,No,318.9,Yes
9136-ALYBR,Male,0,No,No,1,No,DSL,No,No,No,No,24.45,Yes
4615-PIVVU,Female,0,No,No,42,Yes,DSL,No,No,Yes,Yes,2762.75,No
8885-QSQBX,Female,0,No,No,1,Yes,DSL,Yes,No,No,No,49.55,No
7479-NITWS,Male,0,No,No,7,Yes,Fiber optic,No,No,Yes,No,631.85,Yes
8617-ENBDS,Male,0,No,No,3,Yes,Fiber optic,No,No,Yes,No,232.5,No
9385-NXKDA,Female,0,Yes,No,72,Yes,DSL,Yes,Yes,Yes,No,5919.35,No
0430-IHCDJ,Male,0,No,No,15,Yes,DSL,No,No,No,No,749.25,No
2959-MJHIC,Male,0,Yes,No,4,Yes,Fiber optic,No,No,No,No,307.4,Yes
6674-KVJHG,Female,0,No,No,11,Yes,No,No internet service,No internet service,No internet service,No internet service,245.15,No
1814-DKOLC,Female,0,No,No,5,Yes,No,No internet service,No internet service,No internet service,No internet service,134.75,No
4201-JMNGR,Female,1,No,No,1,Yes,DSL,Yes,No,Yes,No,55.8,Yes
9351-HXDMR,Male,0,Yes,No,72,Yes,Fiber optic,Yes,No,Yes,Yes,8240.85,No
3537-HPKQT,Female,0,Yes,No,55,Yes,Fiber optic,No,Yes,No,No,4266.4,No
2129-ALKBS,Female,0,Yes,Yes,40,Yes,No,No internet service,No internet service,No internet service,No internet service,1077.5,No
5821-MMEIL,Female,0,Yes,No,57,Yes,No,No internet service,No internet service,No internet service,No internet service,1115.6,No
5960-WPXQM,Male,0,No,No,1,Yes,Fiber optic,No,No,No,No,79.05,Yes
0684-AOSIH,Male,0,Yes,No,1,Yes,Fiber optic,Yes,No,No,No,95,Yes
8260-NGFNY,Female,0,No,No,1,No,DSL,No,No,No,No,25.2,Yes
1309-XGFSN,Male,1,Yes,Yes,52,Yes,DSL,No,Yes,Yes,No,4079.55,No
1866-RZZQS,Male,1,No,No,41,Yes,Fiber optic,No,No,Yes,No,4187.75,Yes
6968-URWQU,Male,0,Yes,No,43,Yes,DSL,No,No,No,No,2391.15,No
4742-TXUEX,Female,0,Yes,Yes,47,Yes,No,No internet service,No internet service,No internet service,No internet service,890.5,No
9631-XEYKE,Male,0,No,No,3,Yes,DSL,No,No,No,No,137.25,No
8631-NBHFZ,Male,1,Yes,Yes,66,Yes,DSL,Yes,Yes,Yes,Yes,5154.6,Yes
1335-MXCSE,Male,0,Yes,Yes,55,Yes,DSL,No,No,Yes,Yes,3119.9,No
8873-TMKGR,Male,0,No,No,29,Yes,No,No internet service,No internet service,No internet service,No internet service,529.5,No
8800-JOOCF,Female,0,No,Yes,12,Yes,Fiber optic,No,No,No,No,966.55,No
1469-LBJQJ,Female,0,Yes,No,66,Yes,Fiber optic,No,Yes,Yes,No,6936.85,No
4958-XCBDQ,Male,1,No,No,35,Yes,Fiber optic,No,No,Yes,No,3496.3,Yes
8337-UPOAQ,Male,1,Yes,No,10,Yes,Fiber optic,No,No,Yes,No,914.3,Yes
0064-YIJGF,Male,0,Yes,Yes,27,Yes,Fiber optic,No,No,No,No,1929,No
2386-OWURY,Female,0,No,No,58,Yes,Fiber optic,No,No,No,Yes,5817.7,No
1725-IQNIY,Male,0,Yes,No,54,Yes,Fiber optic,Yes,Yes,Yes,Yes,6110.2,Yes
0310-VQXAM,Male,0,No,No,9,Yes,No,No internet service,No internet service,No internet service,No internet service,178.8,No
6598-RFFVI,Male,0,No,No,2,Yes,No,No internet service,No internet service,No internet service,No internet service,28.3,Yes
3453-RTHJQ,Male,0,No,No,6,Yes,Fiber optic,No,No,No,No,435,No
6712-OAWRH,Female,1,No,No,26,Yes,Fiber optic,No,No,No,No,2351.8,Yes
6278-FEPBZ,Female,0,No,No,9,Yes,No,No internet service,No internet service,No internet service,No internet service,186.15,No
4280-DLSHD,Male,0,Yes,No,8,Yes,DSL,No,Yes,Yes,No,445.85,No
1508-DFXCU,Male,0,No,No,12,Yes,Fiber optic,No,No,No,No,912,No
8614-VGMMV,Female,0,No,No,15,Yes,DSL,No,No,No,No,679.55,Yes
7868-BGSZA,Male,0,Yes,No,43,Yes,DSL,Yes,No,Yes,No,3581.6,No
2800-QQUSO,Male,0,No,No,42,Yes,Fiber optic,No,No,No,Yes,4222.95,No
2930-UOTMB,Female,0,No,No,31,Yes,DSL,Yes,No,Yes,Yes,1994.3,Yes
7973-DZRKH,Female,0,No,Yes,66,Yes,Fiber optic,Yes,No,Yes,Yes,5930.05,No
5914-DVBWJ,Female,1,No,No,18,Yes,Fiber optic,No,Yes,No,Yes,1505.85,Yes
7698-YFGEZ,Male,0,No,No,1,Yes,No,No internet service,No internet service,No internet service,No internet service,20,No
2533-QVMSK,Male,0,Yes,No,61,Yes,Fiber optic,No,Yes,No,Yes,5638.3,Yes
9773-PEQBZ,Male,0,No,No,10,Yes,Fiber optic,No,Yes,No,No,797.25,No
8644-XLFBW,Male,1,No,No,1,Yes,Fiber optic,No,No,No,No,71.65,Yes
0650-BWOZN,Female,1,No,No,18,Yes,Fiber optic,No,Yes,No,No,1359.45,No
8625-AZYZY,Male,0,Yes,No,24,Yes,Fiber optic,No,Yes,Yes,No,2542.45,Yes
7785-RDVIG,Female,0,Yes,Yes,3,Yes,No,No internet service,No internet service,No internet service,No internet service,54.7,No
9602-WCXPI,Male,0,No,No,50,Yes,No,No internet service,No internet service,No internet service,No internet service,989.05,No
2903-YYTBW,Male,0,Yes,Yes,1,Yes,DSL,No,No,No,No,44.55,No
3620-MWJNE,Male,0,No,No,2,Yes,DSL,Yes,No,No,Yes,87.3,No
8573-JGCZW,Male,0,No,No,17,Yes,No,No internet service,No internet service,No internet service,No internet service,351.55,No
6837-HAEVO,Male,0,Yes,Yes,69,Yes,Fiber optic,No,Yes,Yes,No,7297.75,No
6701-YVNQG,Male,0,Yes,No,72,Yes,DSL,Yes,Yes,Yes,Yes,6301.7,No
9306-CPCBC,Female,0,No,No,3,Yes,Fiber optic,No,No,No,No,210.3,Yes
4304-XUMGI,Male,1,Yes,Yes,50,Yes,DSL,Yes,Yes,Yes,No,3822.45,No
9504-YAZWB,Female,0,No,No,53,Yes,No,No internet service,No internet service,No internet service,No internet service,1048.45,No
8819-ZBYNA,Female,0,Yes,No,58,Yes,Fiber optic,Yes,Yes,No,Yes,6393.65,No
6174-NRBTZ,Male,0,No,No,46,No,DSL,Yes,No,No,No,1489.3,No
9481-IEBZY,Male,1,Yes,No,72,Yes,Fiber optic,Yes,Yes,Yes,Yes,8061.5,No
1833-VGRUM,Female,1,No,No,1,Yes,Fiber optic,No,No,No,No,74.2,Yes
6137-NICCO,Female,0,Yes,Yes,6,Yes,Fiber optic,No,Yes,Yes,No,518.75,No
9065-ZCPQX,Male,0,Yes,No,72,Yes,DSL,Yes,Yes,Yes,Yes,5763.15,No
6402-EJMWF,Male,0,No,No,4,Yes,DSL,No,No,No,No,238.5,No
3620-EHIMZ,Female,0,Yes,Yes,52,Yes,No,No internet service,No internet service,No internet service,No internet service,1031.7,No
3213-VVOLG,Male,0,Yes,Yes,0,Yes,No,No internet service,No internet service,No internet service,No internet service, ,No
6870-ECSHE,Female,0,No,No,2,Yes,No,No internet service,No internet service,No internet service,No internet service,34.8,No
8747-UDCOI,Female,0,Yes,No,65,Yes,No,No internet service,No internet service,No internet service,No internet service,1319.95,No
8374-XGEJJ,Male,1,Yes,No,43,Yes,Fiber optic,No,Yes,No,No,4388.4,Yes
2656-TABEH,Male,0,Yes,No,4,Yes,Fiber optic,No,Yes,No,No,420.2,Yes
6946-LMSQS,Male,1,Yes,No,25,Yes,Fiber optic,Yes,No,No,No,2177.45,Yes
4626-OZDTJ,Female,0,Yes,No,51,Yes,DSL,No,Yes,No,Yes,3950.85,No
9169-BSVIN,Male,0,No,No,12,Yes,DSL,No,No,Yes,No,827.05,No
2325-ZUSFD,Female,0,Yes,Yes,57,Yes,DSL,Yes,No,No,No,3913.3,Yes
8194-PEEBY,Female,0,Yes,Yes,24,Yes,No,No internet service,No internet service,No internet service,No internet service,533.5,No
6872-HXFNF,Female,0,Yes,No,64,Yes,DSL,No,No,Yes,Yes,3756.45,No
3932-CMDTD,Female,0,No,No,4,Yes,Fiber optic,No,Yes,Yes,Yes,443.9,Yes
7714-YXSMB,Female,0,No,No,26,Yes,Fiber optic,No,No,Yes,No,2599.95,No
8387-UGUSU,Female,0,Yes,Yes,15,Yes,No,No internet service,No internet service,No internet service,No internet service,284.3,No
1080-BWSYE,Male,1,Yes,No,64,Yes,No,No internet service,No internet service,No internet service,No internet service,1740.8,No
4039-HEUNW,Male,1,Yes,No,36,Yes,Fiber optic,No,Yes,No,No,3436.1,Yes
1194-HVAIF,Female,0,Yes,No,27,Yes,Fiber optic,No,No,No,No,2462.55,No
0812-WUPTB,Male,1,Yes,No,1,Yes,Fiber optic,No,No,No,No,70.85,Yes
3594-UVONA,Female,0,No,No,35,Yes,DSL,Yes,No,Yes,Yes,3110.1,Yes
0004-TLHLJ,Male,0,No,No,4,Yes,Fiber optic,No,No,Yes,No,280.85,Yes
1767-TGTKO,Female,0,Yes,Yes,8,Yes,DSL,No,No,No,No,411.75,No
8439-LTUGF,Male,0,No,No,10,Yes,No,No internet service,No internet service,No internet service,No internet service,198.6,No
8805-JNRAZ,Female,0,No,No,2,Yes,DSL,No,Yes,No,No,103.7,No
5089-IFSDP,Female,0,Yes,No,58,Yes,Fiber optic,Yes,Yes,Yes,No,6144.55,Yes
6418-HNFED,Male,0,Yes,No,51,Yes,DSL,Yes,Yes,Yes,Yes,4089.45,No
0206-OYVOC,Female,0,Yes,Yes,46,Yes,No,No internet service,No internet service,No internet service,No internet service,864.2,No
7291-CDTMJ,Male,0,No,No,1,Yes,No,No internet service,No internet service,No internet service,No internet service,19.65,No
7128-GGCNO,Male,0,No,No,46,Yes,Fiber optic,No,No,No,No,3249.4,No
0237-YFUTL,Female,0,Yes,No,50,Yes,Fiber optic,Yes,Yes,No,Yes,5405.8,No
7691-KGKGP,Male,0,Yes,Yes,53,Yes,DSL,No,Yes,No,Yes,3363.8,No
6710-HSJRD,Male,0,Yes,No,61,Yes,Fiber optic,No,Yes,Yes,Yes,7132.15,No
3675-EQOZA,Male,0,No,No,5,Yes,No,No internet service,No internet service,No internet service,No internet service,93.55,No
0840-DCNZE,Male,0,No,No,47,Yes,DSL,Yes,Yes,Yes,Yes,4138.9,No
1732-FEKLD,Female,0,No,No,54,Yes,Fiber optic,No,Yes,Yes,No,5121.75,No
9862-KJTYK,Male,0,No,Yes,19,No,DSL,No,No,No,No,566.1,No
0479-HMSWA,Female,0,No,Yes,26,Yes,Fiber optic,No,Yes,Yes,Yes,2715.3,No
5854-KSRBJ,Male,0,Yes,Yes,70,Yes,No,No internet service,No internet service,No internet service,No internet service,1782.05,No
0365-BZUWY,Male,0,Yes,No,17,Yes,Fiber optic,No,Yes,Yes,No,1742.5,No
4817-VYYWS,Female,0,No,No,30,Yes,Fiber optic,No,Yes,No,No,2983.8,Yes
5701-SVCWR,Female,0,No,Yes,1,Yes,No,No internet service,No internet service,No internet service,No internet service,24,No
3129-AAQOU,Female,0,Yes,Yes,19,Yes,No,No internet service,No internet service,No internet service,No internet service,485.9,No
4922-CVPDX,Female,0,Yes,No,26,Yes,DSL,No,Yes,Yes,No,1905.7,No
1396-QWFBJ,Female,0,Yes,Yes,21,Yes,Fiber optic,No,Yes,No,No,1565.7,Yes
1357-BIJKI,Male,0,Yes,No,50,Yes,Fiber optic,No,Yes,No,No,4858.7,No
1099-BTKWT,Female,0,Yes,No,68,No,DSL,Yes,No,Yes,No,3723.65,No
5299-SJCZT,Male,0,No,No,3,Yes,Fiber optic,No,No,Yes,No,298.35,Yes
2018-PZKMU,Male,0,Yes,Yes,9,Yes,Fiber optic,No,No,Yes,Yes,970.45,No
7340-KEFQE,Female,0,Yes,Yes,51,No,DSL,Yes,No,No,Yes,1782,No
4570-QHXHL,Female,0,No,No,9,Yes,DSL,No,No,No,No,405.7,No
2403-BCASL,Male,1,Yes,Yes,41,Yes,Fiber optic,No,Yes,Yes,Yes,4534.9,Yes
7392-YYPYJ,Male,0,No,No,22,Yes,Fiber optic,No,Yes,No,No,2415.95,No
2898-LSJGD,Female,0,Yes,Yes,21,No,DSL,Yes,No,Yes,No,1157.05,Yes
2223-GDSHL,Male,0,Yes,Yes,71,Yes,Fiber optic,Yes,Yes,Yes,Yes,8297.5,No
7359-PTSXY,Male,0,No,No,1,Yes,DSL,No,No,No,No,45.75,Yes
9470-RTWDV,Male,0,Yes,Yes,26,Yes,DSL,No,No,Yes,Yes,2083.1,No
2176-OSJUV,Male,0,Yes,No,71,Yes,DSL,Yes,Yes,No,Yes,4681.75,No
9348-YVOMK,Male,0,No,No,4,Yes,DSL,No,No,No,No,176.2,No
8104-OSKWT,Female,0,No,No,12,Yes,Fiber optic,Yes,No,No,No,1001.2,No
4521-YEEHE,Female,0,Yes,No,18,Yes,Fiber optic,No,No,No,Yes,1594.75,No
4090-KPJIP,Female,0,No,No,3,Yes,Fiber optic,No,No,No,No,212.4,No
3786-WOVKF,Female,1,Yes,No,72,Yes,Fiber optic,Yes,Yes,No,No,7677.4,No
4503-BDXBD,Male,0,No,No,11,Yes,Fiber optic,No,Yes,No,No,815.5,Yes
6086-ESGRL,Female,0,No,No,1,Yes,Fiber optic,No,No,No,No,80.15,Yes
2592-HODOV,Male,0,No,No,13,Yes,No,No internet service,No internet service,No internet service,No internet service,259.65,No
3886-CERTZ,Female,0,Yes,No,72,Yes,Fiber optic,No,Yes,Yes,Yes,8109.8,Yes
7995-ZHHNZ,Male,0,Yes,No,42,Yes,DSL,Yes,No,No,No,2386.85,No
3824-RHKVR,Female,0,No,No,17,Yes,No,No internet service,No internet service,No internet service,No internet service,340.35,No
5816-SCGFC,Female,1,No,No,7,Yes,DSL,No,Yes,No,No,419.35,No
5989-AXPUC,Female,0,Yes,No,68,Yes,Fiber optic,Yes,Yes,Yes,Yes,7990.05,No
4979-HPRFL,Male,0,Yes,Yes,56,Yes,No,No internet service,No internet service,No internet service,No internet service,1402.25,No
8590-OHDIW,Female,0,Yes,Yes,38,Yes,No,No internet service,No internet service,No internet service,No internet service,749.35,No
8015-IHCGW,Female,0,Yes,Yes,72,Yes,Fiber optic,Yes,Yes,Yes,Yes,8425.15,No
2332-TODQS,Female,0,No,No,48,Yes,No,No internet service,No internet service,No internet service,No internet service,1171.5,No
9278-VZKCD,Female,1,Yes,No,52,Yes,Fiber optic,Yes,Yes,Yes,No,5647.95,No
8008-OTEZX,Female,0,Yes,Yes,35,Yes,No,No internet service,No internet service,No internet service,No internet service,708.8,No
2773-OVBPK,Male,0,Yes,No,67,Yes,Fiber optic,No,Yes,Yes,Yes,7567.2,No
5999-LCXAO,Female,0,No,No,1,No,DSL,Yes,No,No,No,29.9,No
5206-XZZQI,Male,0,No,No,53,Yes,Fiber optic,No,Yes,No,Yes,4348.1,No
4803-LBYPN,Male,0,Yes,Yes,34,Yes,No,No internet service,No internet service,No internet service,No internet service,635.9,No
5759-RCVCB,Female,0,No,No,3,No,DSL,No,No,No,No,108.95,Yes
6372-RFVNS,Female,0,Yes,No,1,Yes,Fiber optic,No,No,No,No,78.8,Yes
2139-FQHLM,Male,0,No,No,19,Yes,Fiber optic,No,No,Yes,Yes,1682.4,No
8261-GWDBQ,Female,1,Yes,No,60,Yes,Fiber optic,Yes,Yes,Yes,Yes,6925.9,No
1093-YSWCA,Male,0,No,No,11,Yes,No,No internet service,No internet service,No internet service,No internet service,223.15,No
8938-UMKPI,Female,0,No,No,47,Yes,Fiber optic,No,Yes,Yes,No,5127.95,Yes
0991-BRRFB,Male,0,No,No,18,Yes,DSL,Yes,No,No,No,874.8,Yes
3882-IYOIJ,Female,0,Yes,Yes,60,Yes,Fiber optic,Yes,Yes,Yes,Yes,6758.45,No
8749-TZYEC,Male,0,Yes,No,72,Yes,No,No internet service,No internet service,No internet service,No internet service,1874.3,No
1755-FZQEC,Male,0,No,No,39,Yes,No,No internet service,No internet service,No internet service,No internet service,791.15,No
3115-JPJDD,Female,0,Yes,No,59,Yes,Fiber optic,Yes,No,Yes,No,4639.45,No
5600-KTXFM,Male,0,Yes,Yes,2,Yes,Fiber optic,No,No,No,No,143.9,No
3871-IKPYH,Male,1,No,No,1,Yes,Fiber optic,No,No,No,No,69.1,Yes
6319-IEJWJ,Male,0,Yes,Yes,20,Yes,Fiber optic,No,No,No,No,1776.55,Yes
9025-AOMKI,Female,0,No,No,6,Yes,Fiber optic,No,No,No,No,536.4,Yes
6339-TBELP,Male,0,No,No,71,Yes,Fiber optic,No,No,Yes,Yes,6172,No
7964-YESJC,Female,0,Yes,No,24,Yes,DSL,Yes,Yes,Yes,No,1559.45,No
6173-GOLSU,Male,1,Yes,No,67,Yes,Fiber optic,No,No,No,No,6079,No
5275-SQEIZ,Male,0,No,No,1,Yes,Fiber optic,No,No,No,No,80.85,Yes
7716-YTYHG,Female,0,Yes,Yes,48,Yes,Fiber optic,No,No,No,No,4029.95,Yes
9938-ZREHM,Female,0,Yes,No,37,Yes,DSL,No,Yes,No,Yes,2658.4,No
7950-XWOVN,Male,0,No,No,11,No,DSL,No,Yes,Yes,No,383.55,No
4390-KYULV,Male,0,Yes,No,3,Yes,No,No internet service,No internet service,No internet service,No internet service,51.15,Yes
4647-MUZON,Female,0,Yes,No,18,Yes,Fiber optic,No,No,Yes,No,1745.5,No
9702-AIUJO,Male,0,Yes,Yes,50,Yes,DSL,No,No,No,No,2230.85,No
8849-PRIQJ,Female,0,Yes,Yes,67,Yes,Fiber optic,Yes,No,Yes,Yes,7281.6,No
8851-RAGOV,Female,0,Yes,No,25,Yes,DSL,Yes,Yes,No,Yes,1837.7,No
1304-NECVQ,Female,1,No,No,2,Yes,Fiber optic,No,No,Yes,No,149.55,Yes
5396-IZEPB,Male,0,No,No,9,Yes,No,No internet service,No internet service,No internet service,No internet service,180.7,No
1729-VLAZJ,Female,0,No,Yes,10,No,DSL,Yes,Yes,No,Yes,411.45,No
8285-ABVLB,Female,0,Yes,No,70,Yes,No,No internet service,No internet service,No internet service,No internet service,1328.35,No
0701-TJSEF,Male,0,No,No,9,Yes,DSL,Yes,No,Yes,Yes,576.95,No
5712-VBOXD,Female,0,No,No,4,Yes,No,No internet service,No internet service,No internet service,No internet service,68.45,No
6629-LADHQ,Female,0,No,No,2,Yes,DSL,Yes,No,No,No,123.05,No
8945-GRKHX,Female,0,No,Yes,1,Yes,Fiber optic,No,No,No,No,78.65,Yes
1559-DTODC,Male,0,No,No,19,No,DSL,No,No,No,No,468.35,No
4797-MIWUM,Male,0,Yes,Yes,7,Yes,No,No internet service,No internet service,No internet service,No internet service,174.7,No
6959-UWKHF,Male,0,No,No,1,Yes,DSL,No,No,No,No,42.9,Yes
8720-RQSBJ,Male,1,No,No,1,Yes,DSL,No,No,No,No,44,No
4537-CIBHB,Female,0,Yes,Yes,9,Yes,No,No internet service,No internet service,No internet service,No internet service,172.35,No
3815-SLMEF,Female,0,No,No,3,No,DSL,Yes,No,No,Yes,139.35,Yes
5154-VEKBL,Female,0,No,No,9,No,DSL,Yes,No,Yes,Yes,539.85,Yes
4324-AHJKS,Female,0,No,No,5,Yes,DSL,Yes,No,Yes,No,300.4,No
4355-CVPVS,Female,0,Yes,Yes,56,Yes,Fiber optic,No,No,No,No,4968,No
4495-LHSSK,Female,0,No,Yes,18,Yes,DSL,Yes,No,No,No,992.7,No
5655-JSMZM,Male,1,No,No,49,Yes,Fiber optic,No,No,No,No,4718.25,Yes
5915-ANOEI,Male,0,Yes,No,70,Yes,DSL,Yes,Yes,Yes,Yes,5536.5,No
9861-PDSZP,Female,0,No,No,72,Yes,Fiber optic,No,Yes,Yes,Yes,7806.6,No
4505-EXZHB,Female,1,No,No,6,Yes,Fiber optic,No,No,Yes,No,434.1,Yes
7225-CBZPL,Male,1,Yes,No,17,Yes,Fiber optic,No,No,No,No,1563.9,No
6704-UTUKK,Male,0,Yes,No,29,No,DSL,No,No,No,No,1332.4,No
4587-VVTOX,Female,0,Yes,No,6,Yes,Fiber optic,No,Yes,Yes,No,545.2,Yes
2019-HDCZY,Male,0,Yes,No,63,Yes,Fiber optic,No,No,Yes,No,6296.75,No
4652-NNHNY,Male,0,Yes,No,16,Yes,Fiber optic,No,No,No,No,1284.2,Yes
8788-DOXSU,Male,0,No,No,59,Yes,DSL,No,No,Yes,No,3645.5,No
7404-JLKQG,Female,0,No,No,3,Yes,DSL,No,No,Yes,No,161.45,No
7421-ZLUPA,Female,0,No,No,8,No,DSL,No,Yes,No,No,226.95,No
8972-HJWNV,Female,1,Yes,No,7,Yes,Fiber optic,No,No,No,No,646.85,Yes
3274-NSDWE,Female,0,No,No,68,Yes,No,No internet service,No internet service,No internet service,No internet service,1441.65,No
2632-IVXVF,Female,0,Yes,Yes,68,Yes,Fiber optic,Yes,No,Yes,Yes,7511.3,No
3692-JHONH,Female,1,Yes,No,52,Yes,Fiber optic,No,Yes,Yes,No,5621.85,No
8915-NNTRC,Male,0,Yes,Yes,72,Yes,Fiber optic,Yes,Yes,No,Yes,7919.8,No
5914-GXMDA,Female,0,Yes,No,32,Yes,No,No internet service,No internet service,No internet service,No internet service,593.2,No
7463-IFMQU,Female,0,Yes,No,72,Yes,No,No internet service,No internet service,No internet service,No internet service,1423.65,No
2920-RNCEZ,Male,0,Yes,Yes,1,Yes,Fiber optic,No,No,No,No,69.95,No
2541-YGPKE,Male,0,Yes,Yes,42,Yes,DSL,Yes,No,No,Yes,2763.35,No
8515-OCTJS,Female,0,No,No,25,Yes,No,No internet service,No internet service,No internet service,No internet service,692.1,Yes
5382-TEMLV,Male,0,No,No,45,Yes,DSL,Yes,No,No,No,2298.55,No
3441-CGZJH,Female,0,Yes,Yes,43,No,DSL,Yes,No,Yes,Yes,2640.55,No
9592-ERDKV,Male,0,Yes,No,37,Yes,DSL,Yes,No,Yes,No,2911.8,No
2860-RANUS,Female,1,No,No,20,Yes,Fiber optic,No,No,No,No,1727.5,Yes
5261-QSHQM,Female,0,No,No,4,No,DSL,No,No,No,No,86.6,Yes
4778-IZARL,Male,0,Yes,No,63,Yes,Fiber optic,Yes,Yes,Yes,Yes,6705.7,No
0432-CAJZV,Male,0,No,No,3,Yes,Fiber optic,No,No,No,No,237.65,No
7008-LZVOZ,Male,0,Yes,Yes,66,Yes,No,No internet service,No internet service,No internet service,No internet service,1672.35,No
8868-WOZGU,Male,0,No,No,28,Yes,Fiber optic,No,Yes,Yes,No,2979.5,Yes
1200-TUZHR,Female,1,No,No,8,Yes,Fiber optic,No,No,No,No,695.75,No
9365-CSLBQ,Male,0,No,Yes,71,Yes,No,No internet service,No internet service,No internet service,No internet service,1654.6,No
1334-FJSVR,Male,0,No,No,1,No,DSL,No,No,No,No,24.25,Yes
5884-FBCTL,Female,0,Yes,Yes,72,Yes,No,No internet service,No internet service,No internet service,No internet service,1857.85,No
7130-CTCUS,Male,1,Yes,No,16,Yes,DSL,Yes,Yes,No,No,825.1,No
6242-FEGFD,Male,0,Yes,No,66,Yes,Fiber optic,Yes,Yes,Yes,Yes,6424.25,No
7625-XCQRH,Female,0,No,No,11,Yes,Fiber optic,No,No,No,No,837.95,Yes
6194-HBGQN,Male,0,No,No,51,Yes,DSL,Yes,Yes,Yes,Yes,4126.2,No
7634-WSWDB,Female,0,No,Yes,8,No,DSL,Yes,No,No,No,330.8,No
6986-IXNDM,Male,0,No,No,14,Yes,Fiber optic,No,No,No,No,1337.45,No
1731-TVIUK,Female,0,No,No,4,Yes,Fiber optic,No,Yes,No,Yes,362.2,Yes
2987-BJXIK,Female,0,No,No,70,Yes,DSL,Yes,Yes,Yes,No,5991.05,No
9769-TSBZE,Female,0,No,Yes,70,Yes,DSL,Yes,Yes,No,Yes,4891.5,No
0406-BPDVR,Female,1,Yes,No,54,Yes,Fiber optic,No,Yes,No,No,5373.1,Yes
0618-XWMSS,Male,0,No,Yes,28,Yes,Fiber optic,Yes,No,No,No,2068.55,Yes
1395-WSWXR,Male,0,No,No,24,Yes,No,No internet service,No internet service,No internet service,No internet service,487.05,No
6023-GSSXW,Female,0,Yes,No,69,Yes,DSL,No,Yes,No,No,4131.2,No
6752-APNJL,Male,0,Yes,Yes,42,Yes,DSL,Yes,Yes,No,No,2301.15,No
5276-KQWHG,Female,1,No,No,2,Yes,Fiber optic,No,No,No,No,131.65,Yes
0420-HLGXF,Female,1,No,No,39,Yes,Fiber optic,No,No,Yes,No,4036,No
7446-KQISO,Male,0,Yes,Yes,45,Yes,Fiber optic,No,Yes,Yes,Yes,4900.65,No
9823-EALYC,Male,0,Yes,Yes,72,Yes,DSL,Yes,Yes,Yes,Yes,5727.45,No
0582-AVCLN,Female,0,No,No,38,Yes,No,No internet service,No internet service,No internet service,No internet service,743.05,No
5803-NQJZO,Male,0,Yes,No,72,Yes,DSL,Yes,Yes,Yes,Yes,4804.65,No
2565-JSLRY,Male,0,No,No,1,Yes,No,No internet service,No internet service,No internet service,No internet service,24.05,Yes
2607-DHDAK,Male,0,Yes,Yes,72,Yes,No,No internet service,No internet service,No internet service,No internet service,1414.65,No
1073-XXCZD,Male,0,Yes,No,55,Yes,No,No internet service,No internet service,No internet service,No internet service,1443.65,No
0743-HRVFF,Female,0,Yes,Yes,51,No,DSL,No,No,Yes,Yes,2898.95,No
4006-HKYHO,Male,0,No,No,63,Yes,DSL,Yes,Yes,Yes,Yes,5309.5,No
3727-JEZTU,Female,0,No,No,1,Yes,No,No internet service,No internet service,No internet service,No internet service,20.4,No
8143-ETQTI,Female,0,Yes,Yes,23,Yes,No,No internet service,No internet service,No internet service,No internet service,451.55,No
6689-KXGBO,Female,0,No,No,1,Yes,DSL,No,Yes,No,No,50.55,Yes
9667-TKTVZ,Female,0,No,No,2,Yes,DSL,No,No,No,Yes,117.05,No
3657-COGMW,Female,1,No,No,52,Yes,Fiber optic,Yes,Yes,Yes,No,5839.3,No
8570-KLJYJ,Female,0,No,No,36,Yes,DSL,Yes,No,No,No,1893.5,No
7754-IXRMC,Female,0,No,No,1,Yes,DSL,No,No,No,No,45.35,No
9473-CBZOP,Female,0,No,No,28,Yes,DSL,Yes,No,Yes,No,1654.45,No
2969-WGHQO,Female,0,Yes,Yes,7,Yes,DSL,Yes,Yes,Yes,No,477.05,No
6615-NGGZJ,Male,0,No,No,14,Yes,Fiber optic,No,Yes,No,No,1415.55,Yes
4334-HOWRP,Male,1,Yes,No,72,No,DSL,Yes,Yes,Yes,Yes,4546,No
4255-DDUOU,Female,0,Yes,Yes,1,Yes,No,No internet service,No internet service,No internet service,No internet service,20.5,Yes
5863-OOKCL,Female,0,No,No,10,Yes,No,No internet service,No internet service,No internet service,No internet service,163.2,No
1686-STUHN,Male,0,No,No,42,Yes,No,No internet service,No internet service,No internet service,No internet service,849.9,No
1329-VHWNP,Female,0,No,No,7,No,DSL,No,No,No,No,189.95,No
2984-MIIZL,Male,0,No,No,4,Yes,Fiber optic,No,No,Yes,No,321.9,Yes
0266-GMEAO,Male,0,Yes,Yes,72,Yes,Fiber optic,Yes,Yes,Yes,Yes,8058.55,No
5590-YRFJT,Female,0,Yes,No,20,No,DSL,No,No,No,No,482.8,Yes
5574-NXZIU,Male,0,No,No,63,Yes,Fiber optic,Yes,Yes,Yes,Yes,7049.75,No
0019-GFNTW,Female,0,No,No,56,No,DSL,Yes,Yes,Yes,Yes,2560.1,No
4256-ZWTZI,Female,0,No,Yes,5,Yes,DSL,No,No,No,Yes,286.8,No
8309-PPCED,Female,0,Yes,No,72,Yes,Fiber optic,No,Yes,Yes,Yes,7982.5,No
4098-NAUKP,Male,1,Yes,Yes,68,Yes,Fiber optic,No,Yes,Yes,No,5683.6,No
5196-WPYOW,Male,0,Yes,Yes,67,Yes,DSL,Yes,Yes,No,Yes,3994.05,No
4608-LCIMN,Male,0,Yes,Yes,8,Yes,DSL,No,No,No,No,369.15,No
1485-YDHMM,Male,0,Yes,Yes,52,Yes,Fiber optic,No,Yes,No,Yes,4631.7,No
4054-CUMIA,Female,0,Yes,Yes,18,Yes,No,No internet service,No internet service,No internet service,No internet service,401.95,No
0603-TPMIB,Female,0,Yes,Yes,59,Yes,No,No internet service,No internet service,No internet service,No internet service,1534.05,No
2525-GVKQU,Female,0,No,No,60,Yes,No,No internet service,No internet service,No internet service,No internet service,1093,No
8161-QYMTT,Male,0,No,No,7,Yes,Fiber optic,No,No,No,No,701.3,No
9581-GVBXT,Male,0,Yes,Yes,59,No,DSL,Yes,No,Yes,No,1980.3,No
5862-BRIXZ,Male,0,No,No,46,No,DSL,Yes,No,Yes,Yes,2893.4,No
5404-GGUKR,Male,0,No,No,5,Yes,DSL,No,Yes,No,No,262.3,No
3308-JSGML,Male,1,Yes,No,59,No,DSL,Yes,No,Yes,Yes,3886.85,No
2126-GSEGL,Female,0,Yes,No,70,Yes,DSL,No,Yes,Yes,Yes,5917.55,No
3677-TNKIO,Female,0,No,No,14,Yes,Fiber optic,No,No,No,No,914,Yes
0440-QEXBZ,Female,0,No,No,44,Yes,DSL,No,No,No,No,2139.1,No
2434-EEVDB,Female,0,Yes,No,64,Yes,Fiber optic,Yes,No,Yes,No,5948.7,No
6762-QVYJO,Female,0,Yes,Yes,58,No,DSL,Yes,No,Yes,Yes,3624.35,No
6199-IWKGC,Female,1,Yes,No,46,Yes,Fiber optic,No,No,No,Yes,4753.85,No
2675-DHUTR,Male,1,Yes,No,58,Yes,Fiber optic,No,Yes,No,No,5780.7,No
8152-VETUR,Female,0,Yes,No,72,Yes,Fiber optic,No,Yes,No,No,6869.7,No
9667-EQRXU,Female,1,No,No,30,No,DSL,No,No,Yes,No,1172.95,Yes
7446-YPODE,Male,1,No,No,11,Yes,DSL,Yes,Yes,No,No,662.95,No
9522-BNTHX,Female,1,No,No,34,No,DSL,No,Yes,Yes,No,1765.95,No
4676-WLUHT,Male,0,No,No,54,No,DSL,Yes,Yes,No,No,2431.95,No
3329-WDIOK,Female,0,No,No,3,No,DSL,No,Yes,No,No,155.35,Yes
7980-MHFLQ,Female,0,Yes,Yes,72,Yes,No,No internet service,No internet service,No internet service,No internet service,1859.2,No
2873-ZLIWT,Female,0,Yes,Yes,40,Yes,Fiber optic,No,No,Yes,Yes,3303.05,Yes
3415-TAILE,Female,0,Yes,Yes,2,Yes,DSL,No,No,No,No,134.35,Yes
0757-WCUUZ,Male,0,Yes,Yes,54,Yes,DSL,No,No,Yes,No,3409.1,No
1629-DQQVB,Female,0,No,No,14,Yes,DSL,Yes,No,No,No,709.5,No
1915-IOFGU,Female,0,No,No,1,Yes,Fiber optic,No,No,No,No,70.5,Yes
3045-XETSH,Female,0,No,No,10,Yes,Fiber optic,No,Yes,Yes,No,953.45,Yes
0374-AACSZ,Female,0,No,No,1,Yes,DSL,Yes,No,No,No,50.15,No
7239-HZZCX,Male,0,No,No,1,Yes,No,No internet service,No internet service,No internet service,No internet service,19.75,Yes
4872-VXRIL,Male,0,No,No,56,Yes,DSL,Yes,Yes,No,Yes,3665.55,No
9140-CZQZZ,Female,0,Yes,No,68,Yes,DSL,Yes,Yes,No,Yes,5515.8,No
3423-HHXAO,Female,0,Yes,Yes,14,Yes,No,No internet service,No internet service,No internet service,No internet service,272,No
9938-TKDGL,Male,0,Yes,Yes,68,Yes,Fiber optic,Yes,No,No,Yes,6668,No
0531-ZZJWQ,Male,1,Yes,No,55,Yes,Fiber optic,No,No,No,No,4052.4,No
6537-QLGEX,Female,0,No,No,16,No,DSL,Yes,No,No,No,664.4,No
2688-BHGOG,Male,1,No,No,9,Yes,Fiber optic,No,No,No,No,718.55,No
7683-CBDKJ,Male,0,Yes,Yes,14,Yes,DSL,Yes,Yes,No,No,937.6,Yes
0946-CLJTI,Male,1,Yes,No,58,Yes,Fiber optic,No,No,Yes,No,5812.6,Yes
3160-TYXLT,Male,0,No,No,53,No,DSL,Yes,Yes,No,No,2546.85,No
1325-USMEC,Male,0,Yes,No,70,Yes,Fiber optic,Yes,Yes,Yes,No,6944.5,No
0916-QOFDP,Female,1,Yes,Yes,14,Yes,Fiber optic,No,No,No,No,1346.3,No
0628-CNQRM,Male,0,Yes,Yes,22,Yes,DSL,Yes,No,Yes,Yes,1544.05,Yes
5606-AMZBO,Female,0,Yes,No,10,Yes,Fiber optic,Yes,No,No,No,765.15,No
6199-IPCAO,Female,0,Yes,Yes,29,Yes,No,No internet service,No internet service,No internet service,No internet service,692.55,No
7665-TOALD,Female,0,No,No,1,Yes,Fiber optic,No,No,No,No,69.6,Yes
0112-QWPNC,Male,0,Yes,No,49,Yes,DSL,Yes,No,Yes,Yes,4059.35,Yes
0324-BRPCJ,Female,1,Yes,No,68,Yes,Fiber optic,No,Yes,No,No,6851.65,Yes
2777-PHDEI,Female,0,No,No,1,Yes,Fiber optic,No,No,No,No,78.05,Yes
5640-CAXOA,Female,0,No,No,30,No,DSL,No,No,No,Yes,1187.05,No
2235-EZAIK,Female,0,Yes,No,72,Yes,DSL,Yes,Yes,Yes,Yes,5401.9,No
3847-BAERP,Female,0,No,No,10,Yes,No,No internet service,No internet service,No internet service,No internet service,247,No
1196-AMORA,Male,0,No,No,7,Yes,Fiber optic,No,No,No,No,520,Yes
4282-YMKNA,Female,0,No,No,9,Yes,Fiber optic,No,No,No,No,706.6,Yes
1453-RZFON,Female,0,No,Yes,1,Yes,DSL,Yes,No,No,No,49.9,No
8263-OKETD,Female,0,No,No,20,Yes,DSL,No,Yes,No,Yes,1370.35,No
0670-KDOMA,Female,0,No,No,1,Yes,No,No internet service,No internet service,No internet service,No internet service,20.25,No
2476-YGEFM,Female,0,No,No,29,Yes,Fiber optic,No,No,No,No,2215.25,No
8687-BAFGU,Male,0,No,No,1,Yes,Fiber optic,No,No,No,Yes,74,No
0641-EVBOJ,Male,0,No,No,3,Yes,Fiber optic,Yes,No,No,Yes,214.4,No
0829-XXPLX,Female,0,No,No,20,Yes,Fiber optic,Yes,No,Yes,No,1871.15,No
9974-JFBHQ,Male,0,No,Yes,64,Yes,Fiber optic,No,Yes,No,Yes,6171.2,No
5356-RHIPP,Male,0,No,No,1,Yes,No,No internet service,No internet service,No internet service,No internet service,20.2,Yes
6624-JDRDS,Female,0,No,No,6,No,DSL,Yes,No,No,No,161.45,No
0608-JDVEC,Male,0,Yes,No,50,Yes,No,No internet service,No internet service,No internet service,No internet service,1013.2,No
9780-FKVVF,Male,0,No,No,6,Yes,DSL,Yes,No,No,No,336.7,No
1919-RTPQD,Male,0,Yes,Yes,7,Yes,DSL,No,No,No,No,333.65,No
5214-NLTIT,Male,0,Yes,Yes,72,Yes,Fiber optic,No,No,Yes,No,6511.8,No
3345-PBBFH,Male,0,Yes,No,8,Yes,DSL,No,Yes,No,No,393.45,No
5055-BRMNE,Female,0,Yes,Yes,67,Yes,Fiber optic,Yes,No,No,Yes,7009.5,No
9189-JWSHV,Female,1,Yes,No,24,Yes,Fiber optic,No,No,No,No,2264.05,Yes
2190-PHBHR,Female,0,Yes,No,72,Yes,Fiber optic,Yes,Yes,No,No,6921.7,No
2650-GYRYL,Male,0,Yes,Yes,33,Yes,No,No internet service,No internet service,No internet service,No internet service,600.25,No
0746-JTRFU,Male,0,No,No,2,No,DSL,No,No,No,No,56.35,Yes
5208-FVQKB,Male,0,Yes,No,70,Yes,DSL,Yes,Yes,No,Yes,4664.15,No
7184-LRUUR,Female,0,No,No,22,Yes,DSL,No,Yes,Yes,No,1441.8,No
6627-CFOSN,Female,0,No,No,59,Yes,Fiber optic,Yes,Yes,Yes,No,5623.7,No
3982-JGSFD,Male,0,No,No,36,Yes,No,No internet service,No internet service,No internet service,No internet service,695.85,No
1574-DYCWE,Female,0,Yes,Yes,51,Yes,No,No internet service,No internet service,No internet service,No internet service,1028.75,No
7247-XOZPB,Male,0,Yes,No,53,Yes,DSL,Yes,No,Yes,Yes,4155.95,No
2466-FCCPT,Female,0,Yes,Yes,20,Yes,No,No internet service,No internet service,No internet service,No internet service,395.6,No
6211-WWLTF,Male,0,Yes,No,63,Yes,Fiber optic,Yes,No,Yes,No,6330.4,No
4826-TZEVA,Female,0,No,No,40,Yes,Fiber optic,No,Yes,No,No,2971.7,No
6016-NXBNJ,Male,0,No,No,35,Yes,No,No internet service,No internet service,No internet service,No internet service,638,No
9138-EFSMO,Male,0,Yes,Yes,26,Yes,Fiber optic,No,No,No,No,2034.25,No
0576-WNXXC,Male,1,Yes,No,27,Yes,Fiber optic,No,Yes,Yes,No,2510.2,Yes
4632-XJMEX,Male,0,No,Yes,53,Yes,DSL,Yes,Yes,No,Yes,3419.5,No
8910-LEDAG,Male,1,Yes,No,34,Yes,Fiber optic,No,No,No,No,2427.35,No
3452-GWUIN,Female,1,Yes,No,19,Yes,Fiber optic,No,No,No,No,1760.25,No
2716-GFZOR,Male,0,Yes,No,43,Yes,Fiber optic,Yes,Yes,Yes,No,3551.65,No
3724-UCSHY,Male,0,Yes,Yes,6,Yes,No,No internet service,No internet service,No internet service,No internet service,122.9,No
8626-XHBIE,Male,0,No,Yes,56,Yes,No,No internet service,No internet service,No internet service,No internet service,1424.2,No
4628-CTTLA,Male,0,No,No,57,No,DSL,No,Yes,No,No,2111.45,Yes
3192-LNKRK,Male,0,Yes,Yes,34,Yes,Fiber optic,No,No,Yes,No,2909.95,No
4439-YRNVD,Female,0,No,No,10,No,DSL,No,Yes,No,Yes,374,No
2876-VBBBL,Female,0,No,No,1,Yes,No,No internet service,No internet service,No internet service,No internet service,20.25,Yes
6834-NXDCA,Female,0,No,No,13,No,DSL,No,No,No,No,300.8,Yes
2208-UGTGR,Male,0,No,No,56,Yes,Fiber optic,No,Yes,No,No,5581.05,No
3005-TYFRD,Female,0,Yes,No,55,Yes,Fiber optic,No,Yes,Yes,No,5676.65,No
8670-MEFCP,Female,0,Yes,Yes,36,Yes,DSL,Yes,Yes,Yes,Yes,3379.25,No
3079-BCHLN,Male,0,Yes,No,47,Yes,No,No internet service,No internet service,No internet service,No internet service,942.95,No
7777-UNYHB,Female,0,Yes,Yes,12,Yes,No,No internet service,No internet service,No internet service,No internet service,232.4,No
5597-GLBUC,Female,0,No,No,1,Yes,Fiber optic,No,No,Yes,No,85.45,Yes
7278-CKDNC,Male,1,No,No,24,Yes,Fiber optic,No,Yes,No,No,2088.45,No
2748-MYRVK,Female,0,No,No,63,Yes,Fiber optic,No,Yes,No,No,6137,Yes
8450-UYIBU,Female,1,No,No,35,No,DSL,No,No,Yes,No,1434.6,No
2969-VAPYH,Female,0,No,No,67,Yes,DSL,Yes,Yes,No,Yes,3870,No
4822-YCXMX,Male,0,No,No,25,Yes,Fiber optic,No,No,No,No,2043.45,Yes
7181-OQCUT,Male,0,No,No,21,Yes,Fiber optic,Yes,No,Yes,No,2215,No
8474-UMLNT,Female,0,No,No,13,Yes,DSL,Yes,Yes,No,Yes,842.25,No
9821-POOTN,Male,0,Yes,No,35,Yes,Fiber optic,No,No,No,No,2576.2,Yes
3836-FZSDJ,Male,1,Yes,No,71,Yes,No,No internet service,No internet service,No internet service,No internet service,1901,No
9142-XMYJH,Female,0,No,No,29,Yes,No,No internet service,No internet service,No internet service,No internet service,601.6,No
6559-ILWKJ,Male,0,Yes,No,71,No,DSL,No,Yes,No,No,3515.25,Yes
0187-QSXOE,Male,1,Yes,No,7,Yes,Fiber optic,No,No,No,No,605.45,No
7733-UDMTP,Female,1,No,No,57,No,DSL,No,Yes,Yes,No,3094.05,No
2649-HWLYB,Male,0,Yes,No,65,Yes,DSL,Yes,No,Yes,Yes,4929.55,No
5214-CHIWJ,Male,0,No,No,27,Yes,No,No internet service,No internet service,No internet service,No internet service,595.05,No
4229-CZMLL,Male,0,No,No,6,Yes,Fiber optic,No,No,No,No,469.8,Yes
6904-JLBGY,Female,1,No,No,72,Yes,Fiber optic,Yes,Yes,Yes,Yes,8436.25,No
2465-BLLEU,Male,0,No,No,1,Yes,No,No internet service,No internet service,No internet service,No internet service,19.75,No
1685-VAYJF,Male,0,No,No,11,Yes,DSL,No,No,No,No,492,No
8874-EJNSR,Male,0,Yes,Yes,39,Yes,No,No internet service,No internet service,No internet service,No internet service,987.95,No
6917-YACBP,Female,1,No,No,59,Yes,Fiber optic,Yes,Yes,Yes,No,5496.9,No
5049-MUBWG,Male,0,No,No,26,Yes,DSL,Yes,No,No,Yes,1908.35,No
4223-WOZCM,Male,1,No,No,2,Yes,DSL,No,No,Yes,No,107.1,No
0769-MURVM,Female,0,Yes,Yes,72,No,DSL,Yes,Yes,Yes,Yes,4575.35,No
9253-VIFJQ,Male,0,Yes,No,65,Yes,DSL,Yes,Yes,Yes,No,4309.55,No
7030-FZTFM,Male,0,Yes,Yes,72,Yes,Fiber optic,No,Yes,Yes,Yes,7922.75,No
9741-YLNTD,Male,0,No,No,6,Yes,Fiber optic,No,No,No,Yes,522.35,No
5917-RYRMG,Male,1,No,No,32,Yes,No,No internet service,No internet service,No internet service,No internet service,587.7,No
5120-ZBLAI,Female,0,Yes,No,50,Yes,DSL,No,No,Yes,No,3876.2,No
1194-BHJYC,Male,0,Yes,No,61,No,DSL,Yes,No,Yes,Yes,3778.85,No
3663-MITLP,Female,0,No,No,15,Yes,Fiber optic,No,Yes,Yes,No,1457.25,Yes
0906-QVPMS,Male,0,Yes,No,72,Yes,Fiber optic,Yes,Yes,Yes,Yes,8349.45,No
9025-ZRPVR,Male,0,No,No,9,Yes,No,No internet service,No internet service,No internet service,No internet service,185.6,Yes
1905-OEILC,Female,0,No,No,1,Yes,No,No internet service,No internet service,No internet service,No internet service,19.5,No
7858-GTZSP,Female,0,No,No,12,Yes,Fiber optic,No,No,No,No,1066.9,No
3285-UCQVC,Female,0,No,No,37,No,DSL,No,No,No,Yes,973.55,Yes
6248-BSHKG,Male,0,Yes,Yes,61,Yes,No,No internet service,No internet service,No internet service,No internet service,1226.45,No
4685-TFLLS,Male,0,Yes,Yes,18,Yes,No,No internet service,No internet service,No internet service,No internet service,342.3,No
3470-BTGQO,Male,0,No,Yes,21,Yes,DSL,No,No,No,No,985.05,No
1209-VFFOC,Male,0,Yes,Yes,68,No,DSL,Yes,Yes,Yes,Yes,3948.45,No
8224-DWCKX,Male,1,No,No,12,Yes,Fiber optic,No,No,No,No,828.05,No
5482-PLVPE,Female,1,No,No,2,No,DSL,No,No,No,No,41.85,Yes
4553-DVPZG,Female,0,Yes,No,62,Yes,Fiber optic,No,No,Yes,No,6164.7,No
4902-OHLSK,Female,1,No,No,29,Yes,Fiber optic,No,No,No,Yes,2862.75,Yes
6917-IAYHD,Male,0,No,Yes,1,No,DSL,No,Yes,No,Yes,33.6,No
0495-ZBNGW,Male,1,Yes,No,5,Yes,Fiber optic,No,No,Yes,No,343.95,Yes
8620-RJPZN,Female,0,No,No,1,Yes,No,No internet service,No internet service,No internet service,No internet service,20.7,No
7572-KPVKK,Male,0,No,Yes,62,Yes,Fiber optic,No,No,Yes,Yes,6590.5,No
2642-MAWLJ,Female,0,Yes,Yes,36,Yes,No,No internet service,No internet service,No internet service,No internet service,717.95,No
2357-COQEK,Female,1,No,No,28,Yes,Fiber optic,No,No,Yes,Yes,2890.65,Yes
7103-ZGVNT,Female,0,Yes,Yes,69,Yes,DSL,Yes,Yes,No,Yes,4885.85,No
3737-GCSPV,Female,0,Yes,No,11,Yes,Fiber optic,Yes,No,No,Yes,1222.05,Yes
2027-WKXMW,Female,0,Yes,No,63,Yes,Fiber optic,No,Yes,Yes,Yes,6871.7,No
7137-NAXML,Male,0,No,No,23,Yes,No,No internet service,No internet service,No internet service,No internet service,405.6,No
2428-ZMCTB,Male,0,No,No,10,Yes,No,No internet service,No internet service,No internet service,No internet service,208.25,No
2961-VNFKL,Female,0,Yes,No,71,Yes,No,No internet service,No internet service,No internet service,No internet service,1801.9,No
1768-HNVGJ,Female,1,No,No,45,Yes,DSL,Yes,No,No,Yes,3062.45,No
6963-KQYQB,Female,0,Yes,Yes,70,Yes,No,No internet service,No internet service,No internet service,No internet service,1764.75,No
5934-RMPOV,Female,0,No,Yes,22,Yes,Fiber optic,No,No,No,No,1816.75,No
1207-BLKSA,Female,0,Yes,Yes,52,Yes,No,No internet service,No internet service,No internet service,No internet service,1255.1,No
4088-YLDSU,Male,0,Yes,No,55,Yes,Fiber optic,No,No,Yes,Yes,5743.05,Yes
8316-BBQAY,Female,0,No,No,65,No,DSL,Yes,No,Yes,Yes,3921.1,No
1166-PQLGG,Female,0,Yes,Yes,72,Yes,No,No internet service,No internet service,No internet service,No internet service,1463.45,No
3146-JTQHR,Male,0,Yes,No,10,Yes,No,No internet service,No internet service,No internet service,No internet service,189.45,No
4291-YZODP,Female,0,No,Yes,7,Yes,No,No internet service,No internet service,No internet service,No internet service,96.8,No
4395-PZMSN,Male,1,No,No,5,Yes,Fiber optic,No,Yes,No,No,408.5,No
6427-FEFIG,Female,0,Yes,Yes,24,Yes,DSL,Yes,No,Yes,No,1846.65,No
0017-IUDMW,Female,0,Yes,Yes,72,Yes,Fiber optic,Yes,Yes,Yes,Yes,8456.75,No
8706-HRADD,Male,0,No,No,21,No,DSL,Yes,No,No,Yes,1011.5,No
9955-QOPOY,Male,0,Yes,No,69,No,DSL,No,Yes,Yes,Yes,4263.4,No
4385-ZKVNW,Male,0,Yes,Yes,44,Yes,DSL,No,Yes,No,Yes,2549.1,No
5446-DKWYW,Female,1,Yes,Yes,61,Yes,DSL,No,No,Yes,No,3965.05,No
2034-CGRHZ,Male,1,No,No,24,Yes,Fiber optic,No,Yes,Yes,No,2496.7,Yes
5797-APWZC,Female,0,No,No,1,Yes,Fiber optic,No,No,No,No,90.6,Yes
3683-QKIUE,Female,0,No,No,6,Yes,DSL,No,No,No,Yes,288.05,Yes
4228-ZGYUW,Male,0,No,No,4,Yes,Fiber optic,No,Yes,No,No,368.1,Yes
9031-ZVQPT,Male,0,Yes,No,72,Yes,Fiber optic,No,Yes,Yes,Yes,7840.6,No
2990-IAJSV,Male,0,No,No,72,Yes,DSL,Yes,Yes,Yes,Yes,6632.75,No
8107-KNCIM,Male,1,Yes,No,14,Yes,Fiber optic,No,No,No,No,1013.35,No
9027-YFHQJ,Male,0,No,No,7,Yes,No,No internet service,No internet service,No internet service,No internet service,152.95,No
5176-LDKUH,Female,0,No,No,48,Yes,Fiber optic,No,Yes,No,No,3772.65,No
4644-OBGFZ,Male,0,Yes,Yes,55,Yes,No,No internet service,No internet service,No internet service,No internet service,1026.35,No
7926-IJOOU,Male,0,No,No,1,Yes,No,No internet service,No internet service,No internet service,No internet service,19.3,No
6480-YAGIY,Male,0,No,No,45,Yes,Fiber optic,Yes,Yes,Yes,Yes,5031.85,No
4029-HPFVY,Male,0,No,No,3,Yes,Fiber optic,No,No,No,No,220.4,No
7602-DBTOU,Female,0,Yes,No,71,Yes,No,No internet service,No internet service,No internet service,No internet service,1416.5,No
5345-BMKWB,Male,0,Yes,No,8,Yes,No,No internet service,No internet service,No internet service,No internet service,158.35,No
3519-ZKXGG,Female,0,Yes,No,3,Yes,Fiber optic,No,No,No,No,256.6,Yes
5457-COLHT,Male,0,Yes,Yes,69,Yes,DSL,Yes,Yes,No,Yes,5542.55,No
6416-TVAIH,Male,0,Yes,Yes,1,Yes,Fiber optic,No,No,No,No,68.5,Yes
5451-YHYPW,Female,1,Yes,No,72,Yes,Fiber optic,Yes,Yes,Yes,Yes,8443.7,No
5108-ADXWO,Male,0,No,No,11,Yes,Fiber optic,Yes,No,No,No,791.75,Yes
7998-WNZEM,Male,0,No,No,71,Yes,DSL,Yes,Yes,Yes,Yes,5708.2,No
3066-RRJIO,Female,0,No,No,1,Yes,Fiber optic,No,No,No,No,69.95,Yes
4664-NJCMS,Female,0,Yes,No,33,No,DSL,Yes,No,Yes,Yes,2016.3,No
0307-BCOPK,Female,0,No,No,16,Yes,No,No internet service,No internet service,No internet service,No internet service,326.65,No
7629-WFGLW,Female,1,Yes,No,56,Yes,Fiber optic,Yes,Yes,Yes,Yes,5471.75,No
2542-HYGIQ,Female,0,No,No,1,Yes,No,No internet service,No internet service,No internet service,No internet service,19.95,No
6715-OFDBP,Male,0,No,No,5,Yes,DSL,No,No,Yes,No,346.4,Yes
5016-LIPDW,Male,0,Yes,Yes,57,Yes,No,No internet service,No internet service,No internet service,No internet service,1061.6,No
6481-LXPWL,Male,0,Yes,Yes,56,No,DSL,No,Yes,Yes,No,1971.5,No
1567-DSCIC,Male,0,No,No,8,Yes,Fiber optic,No,Yes,Yes,No,773.65,Yes
2150-UWTFY,Female,0,Yes,Yes,22,Yes,DSL,Yes,Yes,Yes,No,1422.05,Yes
6124-ACRHJ,Female,0,No,No,1,Yes,No,No internet service,No internet service,No internet service,No internet service,19.75,No
9362-MWODR,Female,0,No,Yes,40,Yes,DSL,Yes,No,No,Yes,2460.35,No
9975-GPKZU,Male,0,Yes,Yes,46,Yes,No,No internet service,No internet service,No internet service,No internet service,856.5,No
9625-RZFUK,Male,0,Yes,Yes,63,Yes,No,No internet service,No internet service,No internet service,No internet service,1275.85,No
5153-LXKDT,Male,0,Yes,Yes,68,Yes,Fiber optic,Yes,Yes,Yes,No,7467.5,No
5161-UBZXI,Male,0,Yes,Yes,69,Yes,Fiber optic,Yes,Yes,No,Yes,7261.75,No
1020-JPQOW,Female,0,Yes,No,56,Yes,Fiber optic,No,Yes,Yes,Yes,5116.6,No
7919-ZODZZ,Female,0,Yes,Yes,10,Yes,DSL,No,Yes,Yes,No,660.05,No
0565-JUPYD,Male,0,No,No,63,Yes,Fiber optic,Yes,Yes,Yes,Yes,6590.8,No
6867-ACCZI,Female,0,Yes,Yes,24,No,DSL,Yes,Yes,Yes,Yes,1208.15,No
5939-XAIXZ,Female,0,No,No,19,Yes,DSL,No,No,Yes,No,1033.9,No
9054-FOWNV,Male,0,Yes,Yes,22,Yes,Fiber optic,No,No,Yes,No,1885.15,No
2683-BPJSO,Male,0,Yes,No,29,Yes,Fiber optic,Yes,Yes,No,No,2467.1,Yes
2157-MXBJS,Male,0,Yes,No,13,Yes,DSL,No,No,Yes,No,989.45,Yes
8207-VVMYB,Female,0,Yes,No,70,Yes,No,No internet service,No internet service,No internet service,No internet service,2006.95,No
9732-EQMWY,Female,0,Yes,No,49,Yes,Fiber optic,No,Yes,Yes,No,5025,No
9360-AHGNL,Female,1,Yes,No,43,Yes,Fiber optic,Yes,No,Yes,Yes,4830.25,Yes
1087-UDSIH,Female,0,No,No,3,Yes,No,No internet service,No internet service,No internet service,No internet service,59.75,Yes
5269-NRGDP,Male,0,Yes,Yes,42,Yes,DSL,No,No,Yes,Yes,3088.25,No
6195-MELTI,Male,0,No,No,57,Yes,DSL,No,Yes,No,Yes,3134.7,No
5485-WUYWF,Male,1,No,No,2,Yes,DSL,Yes,No,Yes,No,94.55,Yes
2121-JAFOM,Female,0,Yes,No,72,Yes,Fiber optic,Yes,Yes,Yes,Yes,8312.4,No
8818-DOPVL,Female,1,No,No,46,Yes,Fiber optic,No,Yes,Yes,No,4863.85,No
2632-UCGVD,Male,1,Yes,No,66,Yes,Fiber optic,No,No,No,Yes,6871.9,Yes
5445-PZWGX,Male,0,No,No,62,Yes,Fiber optic,Yes,Yes,No,Yes,6529.25,Yes
1227-UDMZR,Female,0,Yes,No,72,Yes,DSL,Yes,Yes,Yes,Yes,6637.9,No
5198-HQAEN,Male,0,Yes,Yes,35,Yes,Fiber optic,No,Yes,No,Yes,3165.6,No
9170-CCKOU,Male,0,Yes,No,17,Yes,Fiber optic,Yes,Yes,Yes,No,1454.15,Yes
2167-FQSTQ,Female,0,Yes,No,72,Yes,DSL,Yes,Yes,Yes,Yes,6786.1,No
2819-GWENI,Female,0,Yes,Yes,28,Yes,No,No internet service,No internet service,No internet service,No internet service,543,No
1043-YCUTE,Male,0,Yes,No,56,Yes,No,No internet service,No internet service,No internet service,No internet service,1327.15,Yes
3814-MLAXC,Female,0,No,No,31,Yes,Fiber optic,No,No,No,Yes,2404.15,Yes
3572-UUHRS,Male,0,No,No,45,Yes,No,No internet service,No internet service,No internet service,No internet service,867.3,No
2692-PFYTJ,Female,0,No,No,1,Yes,No,No internet service,No internet service,No internet service,No internet service,25.75,No
1226-UDFZR,Female,0,No,No,2,Yes,DSL,No,Yes,No,No,114.7,Yes
5955-EPOAZ,Female,0,No,No,6,Yes,No,No internet service,No internet service,No internet service,No internet service,109.5,No
6821-JPCDC,Female,0,Yes,No,48,Yes,Fiber optic,No,Yes,Yes,No,4692.95,No
8815-LMFLX,Male,0,Yes,Yes,25,Yes,No,No internet service,No internet service,No internet service,No internet service,546.85,No
9135-HSWOC,Male,0,Yes,Yes,64,Yes,No,No internet service,No internet service,No internet service,No internet service,1274.05,No
8582-KRHPJ,Male,0,No,No,50,No,DSL,Yes,Yes,No,No,1782.4,No
5811-IWXYM,Female,0,Yes,Yes,52,Yes,Fiber optic,No,No,Yes,No,5301.1,No
7044-YAACC,Male,1,Yes,No,4,Yes,Fiber optic,No,No,No,No,280.35,No
8189-XRIKE,Female,1,No,No,32,Yes,Fiber optic,No,No,No,No,2897.95,No
1506-YJTYT,Male,0,Yes,Yes,45,Yes,DSL,Yes,Yes,No,Yes,3371,No
4123-DVHPH,Male,0,Yes,No,9,Yes,Fiber optic,Yes,No,No,No,801.3,No
6425-YQLLO,Female,1,Yes,No,66,Yes,Fiber optic,No,No,Yes,Yes,6975.25,Yes
5442-UTCVD,Male,0,No,Yes,3,Yes,Fiber optic,No,No,Yes,No,257.05,Yes
2228-BZDEE,Female,0,No,No,54,Yes,No,No internet service,No internet service,No internet service,No internet service,1079.45,No
7734-DBOAI,Female,0,Yes,Yes,1,No,DSL,No,No,No,Yes,40.1,Yes
2789-CZANW,Female,0,Yes,Yes,64,Yes,Fiber optic,Yes,Yes,No,Yes,6997.3,No
2091-RFFBA,Female,1,No,No,31,Yes,Fiber optic,No,No,No,No,2217.15,Yes
2114-MGINA,Female,0,No,No,14,Yes,Fiber optic,No,No,No,No,1129.1,Yes
7596-LDUXP,Female,0,No,No,12,Yes,Fiber optic,Yes,No,No,No,979.05,No
3740-RLMVT,Male,1,Yes,No,67,Yes,DSL,Yes,Yes,No,Yes,4119.4,No
4489-SNOJF,Female,0,Yes,Yes,35,Yes,DSL,Yes,No,Yes,Yes,2568.55,Yes
2192-OZITF,Female,0,No,No,45,Yes,DSL,Yes,No,No,Yes,3349.1,No
5651-CPDND,Male,0,No,No,10,Yes,DSL,No,No,No,No,492.1,No
2186-QZEYA,Female,1,No,No,29,Yes,DSL,Yes,Yes,No,No,1718.95,No
1131-ALZWV,Female,0,No,No,24,Yes,No,No internet service,No internet service,No internet service,No internet service,605.25,No
7729-XBTWX,Male,0,Yes,Yes,66,Yes,No,No internet service,No internet service,No internet service,No internet service,1344.5,No
9134-WYRVP,Male,0,No,No,51,Yes,Fiber optic,Yes,No,No,No,4267.15,No
3284-SVCRO,Female,0,Yes,No,45,Yes,No,No internet service,No internet service,No internet service,No internet service,1121.05,No
9732-OUYRN,Female,0,Yes,No,49,Yes,No,No internet service,No internet service,No internet service,No internet service,918.7,No
0559-CKHUS,Female,0,Yes,No,29,Yes,No,No internet service,No internet service,No internet service,No internet service,521.8,No
2931-SVLTV,Male,0,Yes,Yes,40,Yes,Fiber optic,Yes,Yes,No,Yes,4469.1,No
6899-PPEEA,Female,1,No,No,37,Yes,Fiber optic,No,No,No,No,3580.3,Yes
7504-UWHNB,Male,0,No,No,25,Yes,Fiber optic,No,No,No,No,1729.35,No
2582-FFFZR,Female,0,No,No,22,No,DSL,No,No,Yes,No,1073.3,No
8908-NMQTX,Male,0,No,No,72,No,DSL,Yes,Yes,Yes,Yes,4566.5,No
2187-LZGPL,Female,0,No,No,7,No,DSL,No,Yes,No,No,293.3,Yes
1431-AIDJQ,Male,0,Yes,Yes,33,Yes,DSL,No,Yes,Yes,Yes,2603.1,No
6288-LBEAR,Female,0,No,No,23,Yes,Fiber optic,No,Yes,No,Yes,1783.75,No
4597-NUCQV,Male,1,No,No,24,Yes,Fiber optic,No,Yes,No,No,2440.15,Yes
9019-QVLZD,Female,0,No,No,1,Yes,Fiber optic,No,No,No,No,79.55,Yes
8413-YNHNV,Male,0,No,No,69,Yes,DSL,Yes,Yes,Yes,Yes,6322.1,No
5808-TOTXO,Female,0,No,Yes,3,Yes,No,No internet service,No internet service,No internet service,No internet service,57.4,No
4369-NYSCF,Male,0,No,No,56,Yes,DSL,No,Yes,No,Yes,4284.65,No
6333-YDVLT,Male,0,No,No,65,Yes,Fiber optic,Yes,No,Yes,Yes,7138.65,No
5324-KTGCG,Male,0,Yes,No,71,Yes,No,No internet service,No internet service,No internet service,No internet service,1539.75,No
5599-HVLTW,Female,1,No,No,14,Yes,Fiber optic,No,No,Yes,No,1058.1,No
7394-LWLYN,Female,0,No,No,2,Yes,Fiber optic,No,No,No,No,123.8,No
3707-LRWZD,Female,0,No,No,32,Yes,Fiber optic,No,No,No,No,2781.85,Yes
6873-UDNLD,Male,0,No,No,40,Yes,DSL,Yes,No,Yes,No,2731,No
2700-LUEVA,Male,0,No,No,1,Yes,No,No internet service,No internet service,No internet service,No internet service,20.75,No
1455-ESIQH,Male,0,No,No,1,Yes,Fiber optic,No,No,No,No,89.1,Yes
0958-YHXGP,Female,0,No,No,7,Yes,Fiber optic,No,No,No,No,497.3,No
1101-SSWAG,Female,0,Yes,No,15,Yes,DSL,No,No,No,No,711.15,No
2979-SXESE,Female,0,Yes,Yes,17,Yes,Fiber optic,Yes,No,Yes,No,1607.2,Yes
4013-TLDHQ,Male,0,No,No,19,Yes,Fiber optic,No,Yes,Yes,No,1490.95,Yes
5743-KHMNA,Male,0,No,No,71,Yes,No,No internet service,No internet service,No internet service,No internet service,1898.1,No
4194-FJARJ,Female,0,Yes,Yes,54,Yes,DSL,Yes,No,No,Yes,3273.95,No
5325-UWTWJ,Male,0,Yes,No,31,Yes,Fiber optic,Yes,Yes,No,Yes,2929.75,No
3969-GYXEL,Female,0,No,No,11,Yes,Fiber optic,Yes,No,No,No,838.7,No
9208-OLGAQ,Female,1,No,No,18,Yes,Fiber optic,No,No,Yes,No,1443.65,No
3244-CQPHU,Female,1,No,No,72,Yes,Fiber optic,Yes,Yes,No,Yes,7746.7,No
2674-MLXMN,Female,1,No,No,71,Yes,Fiber optic,No,Yes,No,No,6951.15,No
9708-HPXWZ,Male,1,No,No,5,No,DSL,No,No,Yes,Yes,214.75,No
6992-TKNYO,Male,0,Yes,No,38,Yes,DSL,No,No,Yes,Yes,2669.45,No
4468-YDOVK,Male,0,No,Yes,5,Yes,DSL,No,No,No,Yes,235.2,No
3754-DXMRT,Male,1,No,No,2,Yes,DSL,No,No,No,No,92.65,Yes
5792-JALQC,Female,1,No,No,52,Yes,DSL,Yes,No,Yes,No,3103.25,No
7130-VTEWQ,Female,1,No,No,8,Yes,Fiber optic,No,No,No,No,606.25,Yes
2200-DSAAL,Female,0,No,No,68,Yes,DSL,No,Yes,Yes,No,5330.2,No
4302-ZYFEL,Male,0,Yes,Yes,69,Yes,No,No internet service,No internet service,No internet service,No internet service,1403.1,No
9351-LZYGF,Female,0,Yes,No,42,Yes,DSL,Yes,Yes,No,Yes,2727.8,No
4366-CTOUZ,Female,0,No,No,50,Yes,Fiber optic,No,Yes,No,Yes,5038.45,No
6121-VZNQB,Female,0,No,No,1,Yes,No,No internet service,No internet service,No internet service,No internet service,19.1,Yes
7903-CMPEY,Male,1,Yes,No,1,Yes,Fiber optic,Yes,No,No,No,80.3,Yes
1518-OMDIK,Male,0,Yes,No,33,Yes,DSL,No,No,No,No,1462.6,No
6671-NGWON,Female,0,No,No,7,Yes,No,No internet service,No internet service,No internet service,No internet service,150.6,No
0595-ITUDF,Male,0,Yes,Yes,64,Yes,Fiber optic,Yes,Yes,Yes,No,5960.5,No
6996-KNSML,Female,0,No,No,1,Yes,Fiber optic,No,No,Yes,No,74.9,Yes
1955-IBMMB,Male,0,No,No,59,Yes,No,No internet service,No internet service,No internet service,No internet service,1192.3,No
0096-BXERS,Female,0,Yes,No,6,Yes,DSL,No,No,No,No,314.55,No
3806-YAZOV,Female,0,No,No,3,Yes,No,No internet service,No internet service,No internet service,No internet service,56,No
7998-ZLXWN,Female,0,Yes,No,15,Yes,No,No internet service,No internet service,No internet service,No internet service,330.8,No
6253-WRFHY,Male,0,Yes,Yes,13,Yes,DSL,No,No,No,No,877.35,No
9133-AYJZG,Female,0,No,No,23,Yes,Fiber optic,No,Yes,No,No,2249.1,No
2675-OTVVJ,Male,1,Yes,No,31,Yes,Fiber optic,Yes,No,No,No,2807.65,No
8680-CGLTP,Male,0,No,No,29,Yes,DSL,Yes,Yes,No,Yes,1696.2,No
8430-TWCBX,Female,0,Yes,No,49,Yes,No,No internet service,No internet service,No internet service,No internet service,1032.05,No
5018-GWURO,Female,0,Yes,No,56,Yes,Fiber optic,No,No,No,No,4902.8,No
6741-QRLUP,Female,0,No,No,63,Yes,DSL,Yes,Yes,Yes,Yes,4995.35,No
4737-HOBAX,Male,0,Yes,No,63,Yes,DSL,No,No,Yes,Yes,5034.05,No
0537-QYZZN,Male,1,Yes,Yes,24,Yes,Fiber optic,Yes,No,No,No,1857.75,No
3340-QBBFM,Male,1,Yes,No,36,Yes,DSL,No,No,Yes,Yes,1992.85,No
1704-NRWYE,Female,1,No,No,9,Yes,Fiber optic,No,No,No,No,751.65,Yes
2592-SEIFQ,Male,0,No,No,3,No,DSL,No,No,No,No,66.95,Yes
8200-KLNYW,Female,0,Yes,No,21,Yes,DSL,Yes,No,Yes,Yes,1714.95,No
3372-CDXFJ,Male,0,Yes,Yes,13,Yes,No,No internet service,No internet service,No internet service,No internet service,343.6,No
4781-ZXYGU,Male,0,Yes,Yes,1,Yes,No,No internet service,No internet service,No internet service,No internet service,20.15,No
7632-YUTXB,Female,0,Yes,Yes,25,Yes,No,No internet service,No internet service,No internet service,No internet service,520.1,No
2718-YSKCS,Male,0,Yes,Yes,71,Yes,No,No internet service,No internet service,No internet service,No internet service,1387.45,No
9896-UYMIE,Male,0,No,No,66,Yes,Fiber optic,Yes,Yes,Yes,Yes,7383.7,No
0853-NWIFK,Female,0,No,No,45,Yes,Fiber optic,Yes,Yes,No,No,4483.95,No
8212-CRQXP,Female,0,Yes,No,22,Yes,Fiber optic,No,No,No,No,1706.45,No
6980-CDGFC,Female,0,Yes,No,67,Yes,No,No internet service,No internet service,No internet service,No internet service,1327.4,No
7691-XVTZH,Female,0,Yes,No,68,Yes,Fiber optic,No,No,Yes,No,5974.3,No
2520-SGTTA,Female,0,Yes,Yes,0,Yes,No,No internet service,No internet service,No internet service,No internet service, ,No
7481-ATQQS,Female,1,No,No,49,Yes,Fiber optic,No,No,Yes,No,4515.85,Yes
2277-VWCNI,Female,1,No,No,4,Yes,DSL,No,No,No,No,179.85,No
1088-CNNKB,Male,0,Yes,No,63,Yes,DSL,Yes,Yes,Yes,Yes,5040.2,No
8642-GVWRF,Female,0,Yes,No,2,Yes,Fiber optic,No,Yes,Yes,No,165,Yes
1930-BZLHI,Male,0,No,No,21,Yes,No,No internet service,No internet service,No internet service,No internet service,422.7,No
3400-ESFUW,Male,0,Yes,Yes,55,Yes,DSL,Yes,Yes,No,Yes,3046.4,Yes
5868-YTYKS,Male,0,No,Yes,1,Yes,No,No internet service,No internet service,No internet service,No internet service,20.25,No
3525-DVKFN,Female,0,No,No,17,Yes,No,No internet service,No internet service,No internet service,No internet service,358.05,No
1482-OXZSY,Male,0,No,No,30,Yes,Fiber optic,Yes,No,No,No,2936.25,No
0377-JBKKT,Male,0,Yes,Yes,22,Yes,DSL,Yes,Yes,No,Yes,1271.8,No
5778-BVOFB,Female,0,No,No,9,Yes,DSL,No,No,No,Yes,530.05,No
3373-YZZYM,Male,0,Yes,Yes,1,Yes,No,No internet service,No internet service,No internet service,No internet service,19.2,No
2057-ZBLPD,Female,0,Yes,No,21,Yes,Fiber optic,No,No,No,No,1808.7,Yes
0228-MAUWC,Male,0,No,No,19,Yes,DSL,No,No,Yes,Yes,1144.6,No
5502-RLUYV,Female,0,Yes,Yes,69,Yes,Fiber optic,No,Yes,Yes,No,7446.9,Yes
0023-HGHWL,Male,1,No,No,1,No,DSL,No,No,No,No,25.1,Yes
7663-YJHSN,Female,0,Yes,No,72,Yes,Fiber optic,Yes,Yes,Yes,Yes,7556.9,No
4915-BFSXL,Male,0,Yes,Yes,70,Yes,DSL,Yes,No,Yes,No,4858.7,No
3086-RUCRN,Female,0,No,No,66,Yes,Fiber optic,Yes,Yes,Yes,Yes,6595,No
5215-LNLDJ,Female,0,Yes,Yes,7,No,DSL,No,No,No,No,149.05,No
7576-JMYWV,Female,1,Yes,Yes,46,Yes,Fiber optic,Yes,Yes,No,Yes,4972.1,No
9039-RBEEE,Male,0,No,No,39,No,DSL,Yes,Yes,No,Yes,1880.85,Yes
0257-KXZGU,Female,0,Yes,Yes,32,Yes,DSL,No,Yes,Yes,No,2045.55,No
1307-ATKGB,Male,0,No,No,24,Yes,Fiber optic,No,Yes,Yes,No,2187.15,No
8417-FMLZI,Male,0,Yes,Yes,6,Yes,Fiber optic,No,Yes,No,No,477.55,Yes
3714-XPXBW,Female,0,No,No,37,Yes,DSL,Yes,Yes,Yes,Yes,2976.95,No
1850-AKQEP,Male,0,No,Yes,8,Yes,No,No internet service,No internet service,No internet service,No internet service,178.7,No
2824-DXNKN,Female,0,Yes,Yes,72,Yes,DSL,Yes,No,Yes,No,5025.85,No
5227-JSCFE,Male,1,Yes,No,71,No,DSL,Yes,Yes,Yes,Yes,3353.4,No
0848-ZGQIJ,Female,0,Yes,No,16,Yes,Fiber optic,No,Yes,No,No,1461.15,No
3621-CHYVB,Female,0,Yes,No,57,No,DSL,Yes,No,Yes,Yes,2782.4,No
8042-RNLKO,Male,0,No,No,66,Yes,No,No internet service,No internet service,No internet service,No internet service,1699.15,No
1792-UXAFY,Female,1,No,No,17,Yes,Fiber optic,No,Yes,Yes,No,1496.9,Yes
5372-FBKBN,Female,0,No,Yes,21,Yes,No,No internet service,No internet service,No internet service,No internet service,452.2,No
0420-TXVSG,Male,0,Yes,No,66,Yes,DSL,Yes,Yes,Yes,No,4428.45,No
6217-TOWGS,Female,0,Yes,No,17,Yes,DSL,No,Yes,No,No,1322.55,No
0515-YPMCW,Male,0,No,Yes,1,Yes,Fiber optic,No,No,No,No,70.45,Yes
0378-XSZPU,Male,0,Yes,No,58,Yes,DSL,Yes,Yes,Yes,No,3563.8,Yes
1045-LTCYT,Female,0,Yes,Yes,8,Yes,No,No internet service,No internet service,No internet service,No internet service,139.75,No
1544-JJMYL,Male,0,No,No,27,Yes,DSL,Yes,No,Yes,Yes,1927.3,No
4636-JGAAI,Male,0,Yes,No,34,Yes,Fiber optic,No,Yes,No,No,3000.25,No
6874-SGLHU,Male,0,No,No,30,Yes,Fiber optic,No,Yes,No,No,3021.3,No
5951-AOFIH,Male,0,No,No,33,Yes,DSL,No,Yes,Yes,No,2245.4,No
4729-XKASR,Male,0,No,Yes,1,No,DSL,No,No,No,No,24.75,Yes
3059-NGMXB,Male,0,Yes,Yes,14,Yes,DSL,Yes,Yes,No,No,944.65,No
8652-YHIYU,Female,0,No,Yes,16,Yes,Fiber optic,No,No,No,Yes,1264.2,No
5278-PNYOX,Female,0,No,No,49,Yes,Fiber optic,No,No,Yes,Yes,4917.75,No
5449-FIBXJ,Male,0,Yes,Yes,19,Yes,Fiber optic,No,No,Yes,Yes,2012.7,Yes
3486-HOOGQ,Female,0,Yes,Yes,70,Yes,DSL,Yes,Yes,Yes,Yes,5743.3,No
5061-PBXFW,Female,0,Yes,Yes,32,Yes,DSL,Yes,Yes,No,Yes,1864.65,No
8630-FJLIB,Female,0,No,No,18,Yes,Fiber optic,No,No,No,No,1221.65,No
3891-NLXJB,Male,0,No,No,37,No,DSL,Yes,Yes,No,Yes,1390.85,No
4749-OJKQU,Female,0,No,No,4,Yes,Fiber optic,No,No,No,No,302.35,No
0577-WHMEV,Female,0,Yes,No,16,Yes,Fiber optic,Yes,Yes,Yes,No,1374.9,No
5453-AXEPF,Male,0,Yes,No,17,Yes,Fiber optic,No,Yes,No,No,1336.9,No
3639-XJHKQ,Female,0,No,Yes,19,Yes,DSL,Yes,Yes,Yes,No,1297.8,No
3716-LRGXK,Male,0,Yes,No,60,Yes,Fiber optic,No,No,Yes,No,6067.4,No
2263-SFSQZ,Male,0,Yes,Yes,51,Yes,No,No internet service,No internet service,No internet service,No internet service,1222.25,No
9950-MTGYX,Male,0,Yes,Yes,28,Yes,No,No internet service,No internet service,No internet service,No internet service,487.95,No
3397-AVTKU,Male,0,No,No,43,Yes,DSL,No,Yes,No,No,2548.55,No
4825-FUREZ,Male,0,Yes,No,42,Yes,No,No internet service,No internet service,No internet service,No internet service,835.5,No
9837-BMCLM,Male,0,No,No,3,Yes,Fiber optic,No,No,No,No,242.05,Yes
2672-OJQZP,Female,0,No,No,1,Yes,DSL,No,No,No,No,44.75,No
0137-UDEUO,Female,0,No,No,3,Yes,No,No internet service,No internet service,No internet service,No internet service,63.75,Yes
3134-DSHVC,Female,0,No,No,63,Yes,Fiber optic,Yes,Yes,Yes,No,6218.45,No
6161-UUUTA,Male,1,No,No,3,Yes,Fiber optic,No,No,No,No,260.9,Yes
7821-DPRQE,Male,0,Yes,No,68,Yes,Fiber optic,Yes,Yes,No,Yes,7320.9,No
6543-XRMYR,Female,1,No,No,30,Yes,Fiber optic,No,Yes,No,No,2967.35,Yes
2001-EWBQU,Female,0,No,No,60,Yes,Fiber optic,No,Yes,Yes,No,6333.8,No
4925-LMHOK,Male,0,No,No,15,Yes,DSL,No,Yes,No,Yes,939.7,Yes
1608-GMEWB,Male,1,No,No,45,Yes,Fiber optic,No,No,No,No,4200.25,No
6695-AMZUF,Female,0,Yes,No,70,Yes,DSL,Yes,Yes,Yes,Yes,5950.2,No
1455-UGQVH,Male,0,Yes,No,10,Yes,Fiber optic,No,No,Yes,No,1037.75,Yes
8410-BGQXN,Male,0,No,No,4,Yes,No,No internet service,No internet service,No internet service,No internet service,93.4,No
8280-MQRQN,Female,0,No,No,1,Yes,DSL,No,No,Yes,No,50.45,Yes
1619-YWUBB,Female,0,Yes,No,68,Yes,No,No internet service,No internet service,No internet service,No internet service,1614.9,No
7611-YKYTC,Male,0,Yes,Yes,22,Yes,Fiber optic,Yes,No,No,No,1573.95,No
2037-SGXHH,Male,0,Yes,Yes,38,Yes,Fiber optic,No,Yes,Yes,No,3624.3,Yes
3178-FESZO,Female,0,No,No,1,Yes,Fiber optic,No,Yes,No,No,100.25,Yes
0365-GXEZS,Male,0,Yes,No,18,Yes,Fiber optic,No,No,Yes,Yes,1468.75,No
0082-OQIQY,Male,0,No,No,29,Yes,Fiber optic,No,No,No,Yes,2607.6,No
6087-MVHJH,Female,0,No,No,16,Yes,Fiber optic,No,No,Yes,No,1422.1,Yes
4603-JANFB,Male,0,No,No,1,Yes,Fiber optic,No,No,No,No,69.85,Yes
3018-TFTSU,Male,0,No,No,12,Yes,Fiber optic,Yes,No,Yes,No,858.6,Yes
3606-SBKRY,Male,0,No,No,31,No,DSL,No,No,Yes,No,1523.4,No
4806-KEXQR,Male,0,No,No,4,Yes,Fiber optic,No,No,No,No,324.3,Yes
0667-NSRGI,Female,0,Yes,No,48,Yes,DSL,No,No,Yes,Yes,3435.6,No
7083-YNSKY,Female,0,No,No,15,Yes,No,No internet service,No internet service,No internet service,No internet service,399.6,Yes
6893-ODYYE,Male,0,No,No,50,Yes,Fiber optic,Yes,Yes,Yes,Yes,4549.45,No
8242-JSVBO,Male,0,No,No,7,Yes,DSL,No,No,No,No,322.5,No
2479-BRAMR,Male,1,Yes,No,41,Yes,Fiber optic,Yes,No,Yes,No,3273.55,Yes
9541-ZPSEA,Male,0,Yes,Yes,68,Yes,Fiber optic,Yes,No,Yes,No,5375.15,No
2665-NPTGL,Female,1,Yes,No,26,Yes,Fiber optic,No,No,Yes,No,2510.7,No
1139-WUOAH,Male,0,No,No,57,No,DSL,No,No,Yes,Yes,3090.05,No
4693-VWVBO,Female,0,No,No,3,Yes,No,No internet service,No internet service,No internet service,No internet service,61.05,No
7434-SHXLS,Female,0,No,No,1,Yes,No,No internet service,No internet service,No internet service,No internet service,20.9,Yes
6937-GCDGQ,Male,0,Yes,Yes,19,Yes,DSL,Yes,No,No,No,955.6,No
0988-JRWWP,Female,0,No,No,3,Yes,DSL,No,No,No,No,140.4,No
5075-JSDKI,Female,0,No,No,59,Yes,No,No internet service,No internet service,No internet service,No internet service,1493.1,No
7908-QCBCA,Female,0,Yes,No,1,Yes,Fiber optic,No,No,No,No,69.4,Yes
8644-XYTSV,Male,0,Yes,No,42,No,DSL,Yes,No,No,No,1626.05,No
6711-FLDFB,Female,0,No,No,7,Yes,Fiber optic,No,No,No,No,541.15,Yes
3873-WOSBC,Male,0,Yes,No,67,Yes,No,No internet service,No internet service,No internet service,No internet service,1784.9,No
7465-ZZRVX,Male,0,No,No,1,Yes,Fiber optic,No,No,No,No,70.35,No
7975-JMZNT,Male,0,Yes,No,66,Yes,DSL,Yes,Yes,Yes,Yes,6075.9,No
7251-XFOIL,Female,0,No,No,61,Yes,Fiber optic,No,No,Yes,No,5500.6,No
4116-IQRFR,Male,0,Yes,Yes,4,Yes,No,No internet service,No internet service,No internet service,No internet service,73.1,No
3714-JTVOV,Female,1,Yes,No,42,Yes,Fiber optic,Yes,No,No,No,3229.4,Yes
8259-DZLIZ,Female,0,Yes,Yes,64,Yes,DSL,No,Yes,No,No,3399.85,No
0442-ZXKVS,Female,1,Yes,No,54,Yes,Fiber optic,Yes,Yes,Yes,Yes,6431.05,No
7853-WNZSY,Male,0,No,No,1,Yes,No,No internet service,No internet service,No internet service,No internet service,19.75,No
3120-FAZKD,Male,0,Yes,Yes,54,Yes,No,No internet service,No internet service,No internet service,No internet service,1230.9,No
8606-OEGQZ,Female,0,No,Yes,18,Yes,No,No internet service,No internet service,No internet service,No internet service,454.65,No
0225-ZORZP,Male,0,No,No,3,Yes,Fiber optic,No,Yes,No,No,235.05,No
4702-IOQDC,Female,0,No,No,1,Yes,Fiber optic,No,No,No,No,70.1,Yes
9489-JMTTN,Female,0,Yes,Yes,72,Yes,DSL,Yes,Yes,Yes,Yes,6595.9,No
0575-CUQOV,Male,1,Yes,No,60,Yes,Fiber optic,No,Yes,Yes,No,5867,No
0967-BMLBD,Female,0,Yes,Yes,11,Yes,No,No internet service,No internet service,No internet service,No internet service,196.35,No
6178-KFNHS,Female,0,No,Yes,12,Yes,Fiber optic,Yes,No,No,No,909.25,Yes
2830-LEWOA,Male,0,Yes,Yes,61,Yes,Fiber optic,No,Yes,Yes,Yes,6449.15,No
5006-MXVRN,Female,0,No,No,39,Yes,No,No internet service,No internet service,No internet service,No internet service,762.45,No
1264-BYWMS,Male,0,No,No,55,Yes,Fiber optic,No,No,No,No,5283.95,Yes
9658-WYUFB,Female,0,No,No,17,Yes,Fiber optic,Yes,Yes,No,No,1617.5,Yes
8327-WKMIE,Male,0,No,No,37,Yes,No,No internet service,No internet service,No internet service,No internet service,785.75,No
6917-FIJHC,Female,0,Yes,No,72,Yes,No,No internet service,No internet service,No internet service,No internet service,1776,No
5329-KRDTM,Male,1,Yes,No,72,Yes,DSL,No,Yes,Yes,Yes,5396.25,No
7797-EJMDP,Female,0,No,No,8,Yes,DSL,Yes,No,No,Yes,574.5,No
3530-VWVGU,Female,0,Yes,Yes,22,Yes,No,No internet service,No internet service,No internet service,No internet service,400.3,No
2013-SGDXK,Female,0,No,No,1,Yes,Fiber optic,No,Yes,No,No,84.3,Yes
6368-NWMCE,Female,0,No,No,38,Yes,DSL,No,Yes,No,Yes,2656.3,No
3633-CDBUW,Male,0,No,Yes,17,Yes,DSL,No,Yes,Yes,Yes,1445.95,No
0707-HOVVN,Female,1,No,No,70,Yes,DSL,No,Yes,Yes,Yes,5212.65,No
8580-QVLOC,Female,1,Yes,Yes,72,Yes,DSL,Yes,Yes,Yes,Yes,6440.25,Yes
3956-MGXOG,Female,0,No,No,28,Yes,Fiber optic,No,No,No,No,2244.95,No
9274-UARKJ,Female,0,No,No,15,Yes,Fiber optic,No,Yes,No,No,1130,No
4077-HWUYD,Male,0,Yes,Yes,72,Yes,DSL,Yes,Yes,Yes,Yes,6463.15,No
2012-NWRPA,Female,1,Yes,No,11,Yes,Fiber optic,No,No,Yes,No,1131.2,Yes
8808-ELEHO,Male,1,No,No,8,Yes,Fiber optic,No,No,Yes,No,585.95,Yes
0103-CSITQ,Female,0,Yes,No,57,Yes,Fiber optic,No,Yes,Yes,Yes,6252.7,No
3506-LCJDC,Male,0,Yes,Yes,1,Yes,No,No internet service,No internet service,No internet service,No internet service,19.95,Yes
8671-KKKOS,Female,0,Yes,No,46,No,DSL,Yes,Yes,No,No,2062.15,No
7305-ZWMAJ,Male,0,Yes,No,30,Yes,No,No internet service,No internet service,No internet service,No internet service,587.1,No
9518-XXBXE,Male,1,Yes,No,10,Yes,Fiber optic,Yes,No,No,No,720.45,No
3934-HXCFZ,Male,0,Yes,No,23,Yes,Fiber optic,Yes,Yes,Yes,No,2186.4,Yes
6578-KRMAW,Male,0,No,No,32,Yes,Fiber optic,Yes,Yes,Yes,No,2979.3,No
4860-IJUDE,Male,0,No,No,13,Yes,Fiber optic,Yes,No,No,No,956.65,No
7666-WKRON,Female,0,No,No,39,Yes,Fiber optic,No,No,Yes,Yes,3201.55,Yes
9688-YGXVR,Female,0,No,No,44,Yes,Fiber optic,No,Yes,Yes,No,3973.2,No
0423-UDIJQ,Male,1,No,No,9,Yes,DSL,No,No,No,Yes,447.9,No
1945-XISKS,Female,0,Yes,No,67,Yes,No,No internet service,No internet service,No internet service,No internet service,1335.2,No
4910-AQFFX,Male,0,Yes,Yes,9,Yes,Fiber optic,No,No,Yes,No,661.25,Yes
2154-KVJFF,Female,0,No,No,15,Yes,Fiber optic,No,Yes,No,No,1111.85,Yes
5360-LJCNJ,Female,0,Yes,No,71,Yes,Fiber optic,No,Yes,Yes,No,7555,No
2607-FBDFF,Male,0,No,No,1,Yes,DSL,No,No,No,Yes,49,No
9647-ERGBE,Female,0,Yes,Yes,30,Yes,Fiber optic,No,No,Yes,No,3046.15,Yes
3428-XZMAZ,Male,0,No,No,1,Yes,Fiber optic,No,No,No,No,69.35,Yes
1100-DDVRV,Male,0,Yes,No,17,No,DSL,No,Yes,No,No,836.35,No
0378-TOVMS,Female,0,No,No,3,Yes,Fiber optic,No,No,No,Yes,272.2,Yes
4355-HBJHH,Male,0,Yes,Yes,67,Yes,DSL,Yes,No,Yes,No,5293.4,Yes
6728-WYQBC,Male,0,No,No,1,Yes,No,No internet service,No internet service,No internet service,No internet service,20.95,No
9058-CBREO,Female,1,No,No,1,Yes,DSL,No,No,No,No,50.55,Yes
9029-FEGVJ,Female,1,Yes,No,32,Yes,Fiber optic,No,No,Yes,No,2570,No
7216-KAOID,Male,0,Yes,Yes,41,Yes,No,No internet service,No internet service,No internet service,No internet service,798.2,No
0318-QUUOB,Male,0,Yes,No,1,Yes,Fiber optic,No,No,No,No,80.55,Yes
6145-NNPNO,Female,0,No,No,1,Yes,DSL,No,No,No,No,44.15,No
5520-FVEWJ,Female,0,Yes,Yes,12,Yes,Fiber optic,No,Yes,Yes,No,916.9,Yes
5339-TJFEK,Male,0,Yes,Yes,62,Yes,Fiber optic,Yes,Yes,No,No,6487.2,No
5572-ZDXHY,Female,0,No,No,22,Yes,Fiber optic,No,Yes,No,No,1855.65,Yes
2074-GUHPQ,Female,0,No,Yes,17,Yes,Fiber optic,No,Yes,Yes,Yes,1556.85,No
4625-XMOYM,Female,0,Yes,Yes,72,Yes,No,No internet service,No internet service,No internet service,No internet service,1988.05,No
5827-MWCZK,Male,0,Yes,Yes,56,Yes,Fiber optic,No,Yes,No,Yes,5432.2,No
1385-TQOZW,Female,0,No,No,9,Yes,No,No internet service,No internet service,No internet service,No internet service,147.55,No
5914-XRFQB,Male,0,Yes,No,72,Yes,Fiber optic,Yes,Yes,Yes,Yes,8424.9,No
4329-YPDDQ,Male,0,No,No,20,Yes,Fiber optic,Yes,Yes,Yes,Yes,2203.7,No
4804-NCPET,Male,0,Yes,Yes,19,Yes,No,No internet service,No internet service,No internet service,No internet service,387.4,No
3750-CKVKH,Male,0,No,No,2,Yes,Fiber optic,No,No,No,No,116.65,Yes
5944-UGLLK,Male,0,No,No,53,No,DSL,No,No,Yes,Yes,3045.75,No
8063-GBATB,Female,1,No,No,27,Yes,Fiber optic,No,No,No,No,2287.25,Yes
7787-BNTZM,Male,0,No,No,6,Yes,No,No internet service,No internet service,No internet service,No internet service,130.5,No
2252-ISRNH,Male,0,Yes,Yes,9,Yes,Fiber optic,No,No,Yes,No,767.9,No
9415-TPKRV,Female,0,Yes,Yes,8,Yes,DSL,No,Yes,No,No,446.8,No
5322-TEUJK,Female,0,Yes,Yes,71,Yes,Fiber optic,Yes,Yes,Yes,Yes,8100.25,No
4547-KQRTM,Female,0,No,No,10,Yes,Fiber optic,No,Yes,No,No,830.7,Yes
4877-EVATK,Male,0,No,No,1,Yes,No,No internet service,No internet service,No internet service,No internet service,20,Yes
1866-DIOQZ,Female,0,Yes,No,71,No,DSL,Yes,Yes,Yes,Yes,4689.15,No
8375-KVTHK,Male,0,Yes,No,68,Yes,Fiber optic,No,Yes,No,Yes,6754.35,No
2697-NQBPF,Male,0,No,No,34,Yes,Fiber optic,No,Yes,No,Yes,3540.65,No
3709-OIJEA,Male,0,No,No,26,Yes,Fiber optic,No,Yes,Yes,Yes,2184.6,No
7639-SUPCW,Female,0,No,No,22,Yes,DSL,Yes,No,No,No,1054.6,Yes
1386-ZIKUV,Male,0,No,No,7,Yes,No,No internet service,No internet service,No internet service,No internet service,130.55,No
0599-XNYDO,Female,0,Yes,No,20,Yes,Fiber optic,No,No,No,No,1540.35,No
6377-WHAOX,Female,0,Yes,No,60,Yes,Fiber optic,No,Yes,Yes,No,6411.25,No
6855-VLGOS,Male,0,Yes,Yes,72,Yes,No,No internet service,No internet service,No internet service,No internet service,1432.55,No
8999-XXGNS,Female,1,Yes,No,72,Yes,Fiber optic,No,Yes,Yes,No,7629.85,No
8746-OQQRW,Male,0,No,No,4,Yes,No,No internet service,No internet service,No internet service,No internet service,101.9,No
3181-MIZBN,Male,0,Yes,Yes,16,Yes,No,No internet service,No internet service,No internet service,No internet service,313.4,No
0471-ARVMX,Female,1,Yes,No,62,Yes,Fiber optic,Yes,No,Yes,No,6312.9,No
7766-CLTIC,Female,0,No,No,10,Yes,DSL,No,No,No,Yes,629.55,No
5650-YLIBA,Male,0,No,No,31,Yes,Fiber optic,No,Yes,No,No,2640.55,No
0825-CPPQH,Female,0,Yes,No,71,Yes,No,No internet service,No internet service,No internet service,No internet service,1372.45,No
9084-OAYKL,Male,0,No,No,58,Yes,No,No internet service,No internet service,No internet service,No internet service,1212.25,No
6122-LJADA,Male,0,Yes,Yes,70,Yes,DSL,Yes,Yes,Yes,Yes,6237.05,No
2400-XIWIO,Female,0,Yes,No,71,Yes,DSL,Yes,Yes,Yes,Yes,6310.9,No
7524-VRLPL,Male,1,No,No,69,Yes,DSL,Yes,No,Yes,Yes,5031,No
1069-XAIEM,Female,1,No,No,1,Yes,Fiber optic,No,No,No,No,85.05,Yes
7569-NMZYQ,Female,0,Yes,Yes,72,Yes,Fiber optic,Yes,Yes,Yes,Yes,8672.45,No
5201-USSQZ,Female,0,Yes,No,26,Yes,Fiber optic,No,No,No,Yes,2196.45,No
2105-PHWON,Female,0,Yes,No,33,Yes,Fiber optic,No,No,Yes,Yes,3008.15,No
1494-EJZDW,Female,0,Yes,Yes,10,Yes,No,No internet service,No internet service,No internet service,No internet service,220.8,No
4884-TVUQF,Female,1,No,No,57,Yes,Fiber optic,Yes,No,Yes,Yes,5779.6,No
8003-EWNDZ,Female,0,No,No,10,Yes,No,No internet service,No internet service,No internet service,No internet service,222.65,No
1897-RCFUM,Female,0,Yes,Yes,39,Yes,No,No internet service,No internet service,No internet service,No internet service,914.6,No
9256-JTBNZ,Female,0,No,No,11,Yes,No,No internet service,No internet service,No internet service,No internet service,246.3,No
4658-HCOHW,Female,0,Yes,Yes,21,Yes,Fiber optic,No,Yes,Yes,Yes,2110.15,Yes
2211-RMNHO,Female,0,Yes,Yes,68,Yes,DSL,No,Yes,Yes,Yes,5560,No
2432-TFSMK,Male,0,No,No,18,Yes,Fiber optic,No,No,Yes,No,1633,No
3440-JPSCL,Female,0,No,No,6,Yes,Fiber optic,No,No,Yes,Yes,547.65,Yes
4929-ROART,Male,0,No,No,18,Yes,DSL,Yes,No,No,No,969.85,No
1834-ABKHQ,Female,0,Yes,Yes,52,Yes,DSL,No,No,Yes,No,2610.65,No
1741-WTPON,Male,0,Yes,Yes,56,Yes,Fiber optic,Yes,Yes,Yes,Yes,6567.9,No
3932-IJWDZ,Male,0,No,No,45,Yes,Fiber optic,No,No,Yes,Yes,4747.85,No
1240-HCBOH,Female,0,No,No,67,Yes,No,No internet service,No internet service,No internet service,No internet service,1759.55,No
3594-KADLU,Male,0,Yes,No,3,No,DSL,Yes,No,No,Yes,101.1,No
8065-BVEPF,Male,1,No,No,65,Yes,Fiber optic,No,Yes,Yes,No,6496.15,No
3796-ENZGF,Male,0,Yes,No,63,Yes,DSL,No,Yes,No,Yes,4234.15,No
1734-ZMNTZ,Female,0,Yes,Yes,11,Yes,No,No internet service,No internet service,No internet service,No internet service,300.7,No
2853-CWQFQ,Male,0,No,Yes,1,Yes,DSL,No,No,No,Yes,59.55,No
0813-TAXXS,Male,0,No,No,55,Yes,DSL,No,No,Yes,No,4323.35,No
2519-TWKFS,Male,0,Yes,Yes,25,Yes,DSL,No,No,No,Yes,1466.1,No
2889-FPWRM,Male,0,Yes,No,72,Yes,Fiber optic,Yes,Yes,Yes,Yes,8684.8,Yes
0626-QXNGV,Female,0,Yes,No,72,Yes,No,No internet service,No internet service,No internet service,No internet service,1776.45,No
6723-CEGQI,Female,0,No,Yes,65,No,DSL,No,Yes,No,Yes,2933.95,No
6987-XQSJT,Female,1,No,No,54,Yes,Fiber optic,No,Yes,No,No,4370.25,Yes
4732-RRJZC,Male,0,Yes,Yes,7,Yes,No,No internet service,No internet service,No internet service,No internet service,144.35,No
9499-XPZXM,Female,0,Yes,No,72,Yes,DSL,Yes,Yes,No,Yes,4804.75,No
4338-EYCER,Male,0,Yes,No,21,Yes,DSL,No,No,No,No,1125.2,No
3007-FDPEA,Female,0,No,No,2,Yes,No,No internet service,No internet service,No internet service,No internet service,39.85,No
6350-XFYGW,Male,1,No,No,4,Yes,Fiber optic,No,No,Yes,No,422.4,No
4290-BSXUX,Male,0,Yes,No,3,Yes,Fiber optic,No,No,No,Yes,251.75,Yes
8513-OLYGY,Male,0,Yes,No,72,Yes,Fiber optic,Yes,Yes,Yes,Yes,8332.15,No
0311-QYWSS,Female,0,No,No,6,Yes,DSL,Yes,No,No,No,314.6,No
8705-DWKTI,Male,0,No,No,52,Yes,Fiber optic,No,No,Yes,No,4331.4,No
8755-IWJHN,Male,1,Yes,No,69,Yes,Fiber optic,No,Yes,Yes,No,6382,No
0325-XBFAC,Male,0,No,No,8,Yes,Fiber optic,No,No,Yes,No,740.3,Yes
4480-QQRHC,Female,1,No,No,8,Yes,Fiber optic,No,No,Yes,No,600.15,No
0929-PECLO,Female,1,No,No,63,Yes,Fiber optic,No,No,Yes,No,5538.8,No
3680-CTHUH,Male,0,No,No,60,Yes,Fiber optic,Yes,Yes,Yes,Yes,7049.5,No
1202-KKGFU,Female,0,Yes,No,12,Yes,DSL,Yes,No,No,Yes,690.5,No
6112-KTHFQ,Female,0,No,No,13,Yes,No,No internet service,No internet service,No internet service,No internet service,279.3,No
1852-XEMDW,Male,0,No,No,22,Yes,DSL,Yes,Yes,Yes,No,1427.55,No
2462-XIIJB,Male,0,No,No,5,Yes,Fiber optic,No,No,Yes,No,452.7,Yes
4760-XOHVN,Female,0,Yes,Yes,1,Yes,No,No internet service,No internet service,No internet service,No internet service,19.45,Yes
1820-DJFPH,Female,0,Yes,Yes,72,Yes,No,No internet service,No internet service,No internet service,No internet service,1709.15,No
9426-SXNHE,Female,0,No,No,2,Yes,No,No internet service,No internet service,No internet service,No internet service,53.15,No
9068-FHQHD,Female,0,Yes,Yes,40,Yes,No,No internet service,No internet service,No internet service,No internet service,777.35,No
1269-FOYWN,Male,0,Yes,Yes,44,Yes,No,No internet service,No internet service,No internet service,No internet service,860.85,No
9470-YFUYI,Male,1,Yes,No,71,Yes,DSL,Yes,Yes,No,Yes,5012.1,No
7817-BOQPW,Female,0,No,No,2,Yes,Fiber optic,No,No,No,No,166.3,Yes
7402-EYFXX,Male,1,No,No,26,Yes,Fiber optic,No,No,No,No,2404.1,No
1853-UDXBW,Male,0,Yes,Yes,1,Yes,Fiber optic,No,No,No,No,70,Yes
9895-VFOXH,Female,0,No,No,1,No,DSL,No,No,No,No,24.4,No
5458-CQJTA,Male,0,Yes,Yes,65,Yes,DSL,Yes,No,No,Yes,4820.15,Yes
1230-QAJDW,Male,0,No,No,3,Yes,DSL,No,No,No,Yes,209.9,No
5701-ZIKJE,Male,0,No,No,13,Yes,DSL,No,No,No,Yes,610.75,No
5219-YIPTK,Female,0,Yes,No,33,Yes,Fiber optic,No,Yes,Yes,No,3409.6,Yes
5032-MIYKT,Female,0,No,No,1,Yes,Fiber optic,No,No,No,No,70.7,No
7396-VJUZB,Male,0,Yes,Yes,4,Yes,DSL,No,No,No,No,155.35,No
9717-QEBGU,Male,0,No,No,2,Yes,Fiber optic,No,No,No,No,144,No
5172-RKOCB,Male,0,Yes,No,72,Yes,Fiber optic,Yes,Yes,No,Yes,7875,No
6509-TSGWN,Female,0,Yes,Yes,37,Yes,No,No internet service,No internet service,No internet service,No internet service,911.6,No
3540-RZJYU,Female,0,No,No,15,Yes,Fiber optic,Yes,No,No,No,1270.2,Yes
3178-CIFOT,Female,0,No,No,23,Yes,No,No internet service,No internet service,No internet service,No internet service,478.1,No
2091-MJTFX,Female,0,Yes,Yes,30,No,DSL,No,No,No,Yes,1561.5,Yes
4530-NDRKU,Female,0,Yes,Yes,42,Yes,No,No internet service,No internet service,No internet service,No internet service,761.85,No
5985-TBABQ,Female,0,No,No,32,Yes,DSL,Yes,No,No,No,2282.95,No
9800-ONTFE,Female,0,Yes,Yes,22,Yes,Fiber optic,No,No,No,No,1615.1,No
6743-HHQPF,Male,0,Yes,No,42,No,DSL,No,No,No,No,1097.15,No
8455-HIRAQ,Female,0,No,No,8,Yes,DSL,No,No,No,No,369.3,No
6616-AALSR,Female,0,Yes,Yes,65,Yes,Fiber optic,Yes,No,Yes,No,6725.3,No
0883-EIBTI,Female,0,No,No,2,Yes,No,No internet service,No internet service,No internet service,No internet service,31.55,Yes
9415-ZNBSX,Female,0,Yes,Yes,70,Yes,DSL,Yes,Yes,Yes,Yes,6293.2,No
4018-KJYUY,Male,0,No,Yes,22,Yes,No,No internet service,No internet service,No internet service,No internet service,432.5,No
0722-TROQR,Female,1,No,No,4,Yes,Fiber optic,No,No,No,No,321.75,Yes
7571-YXDAD,Female,0,No,No,2,Yes,Fiber optic,No,No,No,No,147.15,Yes
3884-UEBXB,Female,0,Yes,Yes,67,No,DSL,Yes,Yes,No,No,2434.45,No
8780-RSYYU,Female,0,No,No,25,Yes,No,No internet service,No internet service,No internet service,No internet service,532.1,No
5537-UXXVS,Female,0,Yes,No,20,Yes,No,No internet service,No internet service,No internet service,No internet service,375.25,No
1791-PQHBB,Female,0,No,Yes,2,Yes,DSL,Yes,No,No,No,125.95,No
8701-DGLVH,Male,0,No,No,51,Yes,No,No internet service,No internet service,No internet service,No internet service,1042.65,No
8741-LQOBK,Female,0,Yes,Yes,46,No,DSL,Yes,Yes,No,No,1620.25,No
3393-FMZPV,Female,0,No,No,25,Yes,Fiber optic,No,Yes,No,No,2387.75,Yes
8082-GHXOP,Male,0,No,Yes,13,Yes,DSL,No,No,No,No,659.35,No
6402-ZFPPI,Female,1,No,No,25,Yes,Fiber optic,Yes,Yes,No,No,2660.2,Yes
0980-FEXWF,Male,0,Yes,Yes,26,Yes,DSL,No,No,Yes,No,1285.8,No
7486-KSRVI,Male,0,No,No,43,Yes,Fiber optic,No,No,No,Yes,4211.55,Yes
3011-WQKSZ,Male,0,No,Yes,19,Yes,No,No internet service,No internet service,No internet service,No internet service,377.55,No
8443-WVPSS,Male,0,Yes,No,10,Yes,Fiber optic,No,Yes,No,Yes,990.9,Yes
3006-XIMLN,Female,0,No,Yes,2,Yes,Fiber optic,No,No,No,No,193.8,Yes
8218-FFJDS,Female,0,Yes,No,72,Yes,DSL,Yes,Yes,No,Yes,6058.95,No
1986-PHGZF,Male,1,No,No,18,Yes,DSL,Yes,Yes,No,No,964.9,No
9965-YOKZB,Male,1,No,No,9,Yes,Fiber optic,No,No,No,No,790.15,Yes
0504-HHAPI,Female,1,No,No,27,Yes,Fiber optic,No,No,Yes,No,2467.75,Yes
9360-OMDZZ,Male,0,No,No,24,Yes,Fiber optic,No,No,No,No,2322.85,No
6305-YLBMM,Male,0,No,No,69,Yes,Fiber optic,No,Yes,Yes,Yes,7262,Yes
0345-XMMUG,Female,0,Yes,No,46,Yes,Fiber optic,No,Yes,Yes,Yes,4854.3,No
8024-XNAFQ,Female,1,No,No,72,Yes,Fiber optic,Yes,Yes,Yes,Yes,7748.75,No
3647-GMGDH,Male,0,Yes,No,22,Yes,Fiber optic,No,No,Yes,No,1914.9,Yes
2988-GBIVW,Female,1,Yes,No,70,Yes,Fiber optic,Yes,No,No,No,6470.1,No
2832-SCUCO,Female,0,No,No,2,Yes,No,No internet service,No internet service,No internet service,No internet service,57.4,No
7036-ZZKBD,Male,0,Yes,No,31,Yes,DSL,No,No,Yes,Yes,2019.8,No
3791-LGQCY,Female,1,Yes,No,56,Yes,Fiber optic,No,No,Yes,No,5688.05,Yes
0265-PSUAE,Female,0,Yes,Yes,16,Yes,Fiber optic,Yes,No,Yes,No,1522.7,No
0463-TXOAK,Male,0,No,Yes,52,Yes,No,No internet service,No internet service,No internet service,No internet service,1334.5,No
0594-UFTUL,Male,0,Yes,Yes,13,Yes,No,No internet service,No internet service,No internet service,No internet service,252,No
9509-MPYOD,Female,0,No,No,35,Yes,No,No internet service,No internet service,No internet service,No internet service,700.45,No
9128-CPXKI,Female,0,No,No,59,Yes,Fiber optic,No,No,Yes,No,5655.45,No
0129-KPTWJ,Male,0,Yes,No,72,Yes,Fiber optic,No,No,Yes,No,6747.35,No
8166-ZZTFS,Female,1,Yes,No,66,Yes,DSL,No,Yes,Yes,No,5265.1,Yes
5855-EIBDE,Female,0,Yes,No,49,Yes,Fiber optic,Yes,Yes,Yes,Yes,5174.35,No
5365-LLFYV,Female,0,No,No,2,Yes,DSL,No,No,No,No,105.6,No
5956-YHHRX,Male,1,No,No,21,Yes,Fiber optic,No,Yes,Yes,No,2271.85,No
6008-NAIXK,Male,1,No,No,54,No,DSL,No,Yes,Yes,No,2966.95,No
2956-GGUCQ,Male,1,Yes,No,24,Yes,Fiber optic,Yes,No,No,No,1772.25,Yes
1928-BXYIV,Male,0,No,No,1,Yes,DSL,Yes,Yes,No,No,61.15,No
5760-FXFVO,Male,0,No,No,6,Yes,Fiber optic,Yes,Yes,No,No,494.95,No
6595-COKXZ,Female,0,No,No,1,Yes,DSL,No,No,No,No,44.45,Yes
0961-ZWLVI,Male,0,No,Yes,49,Yes,Fiber optic,Yes,Yes,Yes,No,5290.45,No
5181-OABFK,Female,0,Yes,Yes,56,Yes,DSL,Yes,Yes,Yes,No,3346.8,No
4007-NHVHI,Female,1,No,No,56,Yes,Fiber optic,Yes,Yes,No,No,5219.65,No
7816-VGHTO,Female,0,Yes,Yes,6,No,DSL,No,Yes,Yes,Yes,217.5,No
5871-DGTXZ,Male,0,No,No,32,Yes,No,No internet service,No internet service,No internet service,No internet service,607.7,No
7550-WIQVA,Male,0,Yes,Yes,50,Yes,Fiber optic,Yes,Yes,Yes,No,5431.4,No
7544-ZVIKX,Male,0,Yes,Yes,58,Yes,Fiber optic,No,No,Yes,Yes,6004.85,No
0016-QLJIS,Female,0,Yes,Yes,65,Yes,DSL,Yes,Yes,Yes,Yes,5957.9,No
7508-DQAKK,Female,0,No,No,64,Yes,DSL,Yes,Yes,Yes,Yes,5442.05,No
5176-OLSKT,Female,0,Yes,No,66,Yes,DSL,Yes,Yes,Yes,No,4370.25,No
9356-AXGMP,Male,0,Yes,No,38,Yes,Fiber optic,Yes,No,Yes,Yes,4428.6,No
3556-BVQGL,Female,0,Yes,No,20,Yes,No,No internet service,No internet service,No internet service,No internet service,416.45,No
0362-ZBZWJ,Male,0,No,No,36,Yes,Fiber optic,No,No,No,No,3067.2,Yes
8979-CAMGB,Male,1,No,No,64,Yes,Fiber optic,No,No,Yes,Yes,6688.1,No
4211-MMAZN,Male,0,No,No,1,Yes,No,No internet service,No internet service,No internet service,No internet service,20.25,Yes
7581-EBBOU,Female,0,No,No,60,Yes,DSL,No,Yes,Yes,Yes,4224.7,No
4274-OWWYO,Male,0,No,No,1,Yes,Fiber optic,No,Yes,No,No,74.35,Yes
5073-RZGBK,Female,0,Yes,Yes,50,Yes,DSL,Yes,Yes,Yes,Yes,4042.2,No
1541-ETJZO,Male,0,No,No,1,Yes,DSL,No,No,Yes,Yes,62.05,Yes
2192-CKRLV,Female,0,Yes,No,72,No,DSL,Yes,Yes,Yes,No,3580.95,No
3154-HMWUU,Male,0,Yes,No,60,Yes,No,No internet service,No internet service,No internet service,No internet service,1198.8,No
6119-SPUDB,Male,0,No,No,46,No,DSL,Yes,No,Yes,Yes,1755.35,No
6522-OIQSX,Female,0,Yes,Yes,69,No,DSL,No,Yes,Yes,No,3772.5,No
7813-ZGGAW,Male,1,No,No,31,Yes,Fiber optic,No,No,Yes,Yes,2877.95,No
8748-HFWBO,Male,0,Yes,Yes,19,Yes,No,No internet service,No internet service,No internet service,No internet service,357.7,No
1052-QJIBV,Female,0,Yes,Yes,71,Yes,No,No internet service,No internet service,No internet service,No internet service,1397.3,No
1319-YLZJG,Male,0,Yes,No,12,Yes,Fiber optic,Yes,Yes,Yes,No,959.9,No
4106-HADHQ,Male,0,Yes,Yes,39,Yes,DSL,Yes,No,Yes,Yes,3182.95,Yes
0723-FDLAY,Male,0,No,No,44,Yes,DSL,No,Yes,Yes,Yes,3704.15,No
3050-RLLXC,Female,0,Yes,Yes,56,Yes,DSL,Yes,Yes,Yes,Yes,4620.4,No
9298-WGMRW,Female,0,Yes,No,72,Yes,Fiber optic,Yes,Yes,Yes,Yes,8312.75,No
2369-UAPKZ,Male,0,No,No,5,Yes,Fiber optic,No,Yes,Yes,No,541.9,Yes
3088-LHEFH,Female,0,No,No,11,Yes,Fiber optic,Yes,No,No,No,929.3,No
2778-OCLGR,Male,1,Yes,No,24,No,DSL,Yes,No,No,No,971.3,Yes
6583-KQJLK,Female,1,Yes,No,15,Yes,Fiber optic,No,Yes,No,No,1285.05,No
8544-JNBOX,Male,0,No,No,72,Yes,No,No internet service,No internet service,No internet service,No internet service,1521.2,No
6681-ZSEXG,Male,0,Yes,No,56,Yes,DSL,No,Yes,Yes,No,3389.25,No
6139-ZZRBQ,Male,1,No,No,64,Yes,No,No internet service,No internet service,No internet service,No internet service,1198.05,No
6116-RFVHN,Female,0,Yes,No,34,Yes,Fiber optic,No,No,Yes,No,3414.65,No
0637-KVDLV,Male,0,No,No,2,Yes,Fiber optic,No,No,No,No,162.45,Yes
8884-FEEWR,Male,0,No,No,35,Yes,No,No internet service,No internet service,No internet service,No internet service,754,No
3125-RAHBV,Male,0,No,No,22,Yes,No,No internet service,No internet service,No internet service,No internet service,467.15,No
6633-MPWBS,Male,0,No,No,5,Yes,DSL,No,No,No,Yes,216.9,Yes
0373-AIVNJ,Male,0,No,No,9,No,DSL,Yes,Yes,Yes,No,373,No
8785-EPNCG,Male,0,No,No,11,Yes,No,No internet service,No internet service,No internet service,No internet service,245.2,Yes
1682-VCOIO,Male,0,No,No,23,Yes,No,No internet service,No internet service,No internet service,No internet service,481.1,No
5729-KLZAR,Female,0,Yes,Yes,4,Yes,Fiber optic,No,No,No,No,302.75,Yes
2072-ZVJJX,Male,0,Yes,No,68,Yes,No,No internet service,No internet service,No internet service,No internet service,1728.2,No
8849-AYPTR,Male,0,Yes,No,33,Yes,Fiber optic,No,No,No,No,2964.05,No
9518-IMLHK,Male,0,No,No,31,Yes,DSL,Yes,Yes,Yes,Yes,2156.25,No
1582-RAFML,Male,0,No,No,1,Yes,DSL,No,Yes,No,Yes,60.1,Yes
3646-ITDGM,Female,0,No,No,56,Yes,No,No internet service,No internet service,No internet service,No internet service,1051.9,No
8740-CRYFY,Male,0,No,No,1,Yes,Fiber optic,No,No,No,No,78.95,Yes
3569-VLDHH,Male,0,Yes,Yes,66,Yes,DSL,Yes,Yes,Yes,Yes,5013,No
8224-KDLKN,Male,0,Yes,Yes,72,Yes,No,No internet service,No internet service,No internet service,No internet service,1738.9,No
7594-LZNWR,Male,1,No,No,34,Yes,Fiber optic,No,No,No,No,2275.1,No
4001-TSBTV,Female,0,Yes,Yes,58,Yes,Fiber optic,No,Yes,Yes,No,5511.65,No
2962-XPMCQ,Male,0,No,No,2,Yes,DSL,No,No,No,No,98.5,Yes
8727-XDPUD,Male,0,No,No,37,No,DSL,No,No,No,No,1316.9,No
1043-UXOVO,Female,0,No,No,71,Yes,Fiber optic,Yes,Yes,Yes,Yes,7993.3,No
1064-FBXNK,Male,0,Yes,Yes,1,Yes,No,No internet service,No internet service,No internet service,No internet service,19.85,No
3996-ZNWYK,Male,1,Yes,Yes,71,Yes,No,No internet service,No internet service,No internet service,No internet service,1388.45,No
2878-DHMIN,Male,0,Yes,Yes,35,Yes,No,No internet service,No internet service,No internet service,No internet service,666,No
7762-ONLJY,Female,0,Yes,Yes,6,Yes,No,No internet service,No internet service,No internet service,No internet service,94.45,No
1678-FYZOW,Female,0,No,No,3,Yes,Fiber optic,No,No,No,No,244.65,Yes
5795-BKOYE,Female,0,Yes,Yes,69,Yes,DSL,No,Yes,Yes,Yes,4134.7,No
8627-EHGIP,Male,0,No,No,44,No,DSL,No,Yes,Yes,No,2375.4,Yes
7402-PWYJJ,Female,0,Yes,No,53,Yes,Fiber optic,No,No,No,Yes,4862.5,No
5480-TBGPH,Female,0,Yes,No,24,Yes,Fiber optic,No,Yes,Yes,No,2431.35,Yes
0018-NYROU,Female,0,Yes,No,5,Yes,Fiber optic,No,No,No,No,351.5,No
7501-VTYLJ,Female,0,No,Yes,2,Yes,DSL,No,Yes,No,No,106.2,No
7608-RGIRO,Male,0,No,Yes,62,Yes,No,No internet service,No internet service,No internet service,No internet service,1413,No
0480-BIXDE,Female,0,Yes,No,19,Yes,Fiber optic,No,No,Yes,No,1743.05,No
5895-QSXOD,Male,0,No,No,9,Yes,Fiber optic,No,No,No,No,657.5,No
9814-AOUDH,Male,0,No,No,53,Yes,No,No internet service,No internet service,No internet service,No internet service,1050.5,No
6175-IRFIT,Male,0,No,No,5,Yes,Fiber optic,No,No,No,No,426.35,No
8760-ZRHKE,Female,1,Yes,Yes,71,Yes,DSL,Yes,Yes,No,No,4982.5,No
1622-HSHSF,Female,0,No,No,1,Yes,No,No internet service,No internet service,No internet service,No internet service,19.55,No
8854-CCVSQ,Male,0,No,No,18,Yes,Fiber optic,No,Yes,No,No,1451.9,Yes
6749-UTDVX,Male,0,No,No,72,Yes,Fiber optic,No,Yes,Yes,No,7634.8,No
5542-DHSXL,Female,0,Yes,No,4,Yes,DSL,Yes,Yes,No,No,235.05,No
9102-OXKFY,Male,0,No,No,59,Yes,DSL,No,No,Yes,No,3116.15,No
0511-JTEOY,Female,0,No,No,1,Yes,Fiber optic,No,No,No,No,71.1,Yes
5216-WASFJ,Female,1,Yes,No,31,Yes,Fiber optic,No,No,No,No,2633.4,No
7808-DVWEP,Male,0,Yes,No,3,Yes,No,No internet service,No internet service,No internet service,No internet service,49.65,No
7067-KSAZT,Female,1,Yes,No,65,Yes,Fiber optic,No,Yes,Yes,No,6979.8,Yes
2284-VFLKH,Male,0,Yes,No,49,Yes,Fiber optic,No,No,Yes,Yes,4920.8,No
0366-NQSHS,Male,0,No,No,2,Yes,No,No internet service,No internet service,No internet service,No internet service,46.35,No
6532-YLWSI,Female,0,Yes,No,53,Yes,No,No internet service,No internet service,No internet service,No internet service,1021.8,Yes
3807-BPOMJ,Female,0,Yes,No,55,Yes,Fiber optic,Yes,No,No,No,5276.1,No
3892-NXAZG,Male,0,Yes,Yes,72,Yes,Fiber optic,Yes,Yes,Yes,Yes,8289.2,No
4948-WBBKL,Female,1,No,No,36,Yes,Fiber optic,No,No,No,No,2659.45,No
4182-BGSIQ,Female,0,Yes,Yes,10,Yes,No,No internet service,No internet service,No internet service,No internet service,196.75,No
9300-AGZNL,Male,1,No,No,1,Yes,Fiber optic,No,No,No,No,94,Yes
0988-AADSA,Female,0,Yes,Yes,72,Yes,DSL,Yes,Yes,Yes,Yes,5824.75,No
9972-NKTFD,Female,0,No,No,28,Yes,DSL,No,Yes,No,Yes,1517.5,No
3717-LNXKW,Male,0,Yes,No,38,Yes,Fiber optic,Yes,No,No,No,3479.05,No
5734-EJKXG,Female,0,No,No,61,Yes,Fiber optic,Yes,Yes,Yes,Yes,7365.7,No
2207-RYYRL,Male,0,Yes,Yes,52,Yes,No,No internet service,No internet service,No internet service,No internet service,1331.05,No
6729-FZWSY,Male,0,No,No,67,Yes,No,No internet service,No internet service,No internet service,No internet service,1195.95,No
9695-IDRZR,Female,0,No,Yes,34,Yes,Fiber optic,Yes,Yes,Yes,Yes,3946.9,No
8144-DGHXP,Female,0,No,No,54,Yes,DSL,Yes,No,Yes,Yes,4299.95,No
7814-LEEVE,Female,0,Yes,No,1,Yes,No,No internet service,No internet service,No internet service,No internet service,20.3,No
1112-CUNAO,Female,1,No,No,15,Yes,Fiber optic,No,Yes,No,No,1424.95,Yes
5175-AOBHI,Female,0,No,No,4,Yes,DSL,No,No,No,No,193.6,Yes
5174-RNGBH,Female,0,No,No,9,Yes,DSL,No,Yes,No,Yes,620.55,Yes
8631-WUXGY,Female,0,No,Yes,46,Yes,Fiber optic,No,Yes,Yes,No,4391.25,No
7270-BDIOA,Female,0,No,No,22,Yes,Fiber optic,No,No,No,Yes,1993.8,Yes
9565-JSNFM,Male,0,No,No,38,Yes,Fiber optic,No,No,No,No,2597.6,Yes
5906-DVAPM,Female,0,Yes,Yes,55,Yes,DSL,Yes,Yes,No,Yes,4213.9,No
6654-QGBZZ,Female,0,No,No,1,Yes,No,No internet service,No internet service,No internet service,No internet service,19.9,No
8348-JLBUG,Male,1,Yes,No,64,Yes,Fiber optic,Yes,No,Yes,No,5017.7,No
0607-DAAHE,Male,0,No,Yes,53,Yes,No,No internet service,No internet service,No internet service,No internet service,1052.35,Yes
5641-DMBFJ,Female,0,Yes,No,58,Yes,DSL,Yes,No,Yes,Yes,4916.4,No
9200-NLNPD,Male,0,Yes,No,56,No,DSL,No,No,Yes,Yes,2959.8,No
2664-XJZNO,Male,0,Yes,Yes,72,Yes,Fiber optic,Yes,No,Yes,Yes,7559.55,No
9732-KPKBW,Male,0,No,No,1,Yes,DSL,Yes,No,No,Yes,53.95,Yes
3339-EAQNV,Male,1,Yes,No,72,Yes,Fiber optic,No,Yes,No,No,7133.1,No
0921-OHLVP,Male,0,No,No,22,Yes,Fiber optic,No,No,No,No,1799.3,No
3389-YGYAI,Female,1,No,No,8,Yes,Fiber optic,No,Yes,Yes,No,829.55,Yes
9560-ARGQJ,Female,0,No,Yes,16,Yes,Fiber optic,No,No,No,No,1312.15,Yes
8350-NYMVI,Female,0,No,No,39,No,DSL,No,Yes,Yes,Yes,1597.05,No
1600-DILPE,Female,0,No,No,12,Yes,DSL,No,No,No,No,524.35,No
0536-ESJEP,Male,0,Yes,No,54,Yes,DSL,Yes,Yes,No,No,4191.45,No
4654-GGUII,Female,0,No,No,18,No,DSL,Yes,Yes,No,Yes,711.95,No
6478-HRRCZ,Male,0,Yes,No,32,Yes,DSL,Yes,Yes,No,Yes,2201.75,No
8510-BBWMU,Female,0,No,No,41,Yes,No,No internet service,No internet service,No internet service,No internet service,806.95,No
6857-TKDJV,Male,0,Yes,Yes,67,Yes,No,No internet service,No internet service,No internet service,No internet service,1620.45,No
2360-RDGRO,Male,0,Yes,No,65,Yes,Fiber optic,Yes,No,Yes,No,6812.95,No
0584-BJQGZ,Female,0,No,No,25,Yes,DSL,Yes,Yes,Yes,Yes,1837.9,No
5134-IKDAY,Female,0,Yes,Yes,1,Yes,Fiber optic,No,No,No,No,69.8,Yes
1360-XFJMR,Female,0,Yes,No,67,Yes,Fiber optic,No,Yes,Yes,Yes,7344.45,No
3070-DVEYC,Male,1,No,No,7,Yes,Fiber optic,No,No,No,No,545.15,Yes
5730-RIITO,Female,1,No,No,43,No,DSL,Yes,Yes,No,No,1500.25,No
9058-MJLZC,Female,0,No,No,24,Yes,Fiber optic,Yes,No,No,No,2283.15,No
5707-ORNDZ,Male,1,No,No,9,Yes,DSL,Yes,No,No,No,494.05,Yes
0902-XKXPN,Male,0,Yes,Yes,69,Yes,No,No internet service,No internet service,No internet service,No internet service,1376.5,No
5177-RVZNU,Female,0,No,Yes,37,Yes,No,No internet service,No internet service,No internet service,No internet service,755.4,No
0056-EPFBG,Male,0,Yes,Yes,20,No,DSL,Yes,No,Yes,Yes,825.4,No
8993-IZEUX,Male,0,No,No,7,Yes,Fiber optic,No,No,No,No,488.65,No
8696-JKZNU,Female,1,No,No,37,Yes,Fiber optic,No,No,No,No,2841.55,Yes
5380-AFSSK,Female,0,No,No,5,Yes,Fiber optic,No,No,No,No,486.85,Yes
8190-ZTQFB,Male,0,No,No,41,No,DSL,No,No,Yes,No,2075.1,No
0931-MHTEM,Female,0,No,No,54,Yes,Fiber optic,Yes,Yes,No,No,5299.65,No
2055-PDADH,Female,1,No,No,3,Yes,Fiber optic,No,No,No,No,204.7,Yes
7515-LODFU,Male,1,No,No,69,Yes,No,No internet service,No internet service,No internet service,No internet service,1356.3,No
0440-UEDAI,Female,0,No,No,53,Yes,Fiber optic,No,Yes,Yes,Yes,5042.75,No
1337-BOZWO,Male,0,Yes,Yes,18,No,DSL,No,Yes,Yes,No,812.4,No
0868-VJRDR,Male,0,Yes,No,64,Yes,Fiber optic,Yes,Yes,No,Yes,6605.55,No
8714-EUHJO,Female,0,Yes,Yes,31,Yes,Fiber optic,No,Yes,No,No,2995.45,Yes
6344-SFJVH,Female,0,No,No,20,No,DSL,No,No,No,No,505.95,No
3950-VPYJB,Male,0,Yes,Yes,57,Yes,DSL,Yes,Yes,No,Yes,3509.4,No
8041-TMEID,Male,1,Yes,No,63,Yes,Fiber optic,Yes,Yes,Yes,No,6991.9,No
7321-ZNSLA,Male,0,Yes,Yes,13,No,DSL,Yes,Yes,No,Yes,590.35,No
6941-KXRRV,Female,1,Yes,No,48,Yes,DSL,No,Yes,No,No,2789.7,No
3721-CNEYS,Female,0,No,No,2,Yes,Fiber optic,No,No,No,No,137.95,Yes
8727-JQFHV,Male,0,Yes,Yes,57,Yes,No,No internet service,No internet service,No internet service,No internet service,1123.15,No
9475-NNDGC,Male,0,Yes,No,71,Yes,Fiber optic,No,Yes,Yes,Yes,7953.25,No
1355-KUSBG,Female,0,Yes,Yes,7,Yes,DSL,No,No,No,No,349.8,No
3688-FTHLT,Female,0,No,No,16,Yes,DSL,No,No,No,No,1067.05,No
0899-LIIBW,Male,0,Yes,No,34,Yes,Fiber optic,No,No,Yes,No,3527.3,No
2568-OIADY,Female,0,Yes,No,37,Yes,Fiber optic,No,No,Yes,No,3762,Yes
1384-RCUXW,Male,0,No,No,16,Yes,Fiber optic,No,Yes,No,No,1248.9,No
5825-XJOCM,Male,0,No,Yes,48,Yes,DSL,Yes,Yes,Yes,No,3035.35,No
6848-YLDFR,Male,0,Yes,Yes,58,Yes,DSL,No,Yes,No,Yes,4300.8,No
8125-QPFJD,Female,0,Yes,No,72,Yes,DSL,Yes,No,Yes,Yes,6065.3,No
2320-YKQBO,Female,0,No,No,7,Yes,No,No internet service,No internet service,No internet service,No internet service,144.95,No
1193-RTSLK,Female,0,No,No,38,Yes,Fiber optic,Yes,Yes,Yes,No,3233.6,Yes
2302-ANTDP,Female,1,Yes,No,48,Yes,Fiber optic,Yes,Yes,Yes,Yes,5438.9,Yes
5923-GXUOC,Male,0,No,No,10,Yes,Fiber optic,Yes,Yes,Yes,No,1081.45,Yes
4973-RLZVI,Female,0,No,No,30,Yes,DSL,Yes,Yes,Yes,Yes,2308.6,No
7869-ZYDST,Male,0,Yes,No,31,Yes,DSL,No,No,No,No,1882.8,No
4501-UYKBC,Female,1,No,No,46,Yes,DSL,No,No,Yes,Yes,3255.35,No
1215-EXRMO,Male,0,Yes,No,50,Yes,No,No internet service,No internet service,No internet service,No internet service,1067.65,No
2305-MRGLV,Male,0,Yes,No,28,Yes,Fiber optic,No,No,No,Yes,2065.4,No
8404-VIOMB,Female,0,No,No,66,No,DSL,Yes,Yes,Yes,Yes,4136.4,No
5233-GEEAX,Male,1,No,No,8,No,DSL,No,No,Yes,No,221.9,Yes
2359-KLTEK,Female,0,Yes,Yes,41,Yes,Fiber optic,No,No,Yes,No,3848,No
5304-EFJLP,Male,1,Yes,No,72,Yes,Fiber optic,No,Yes,Yes,Yes,8022.85,No
2673-ZALNP,Female,0,No,No,7,Yes,No,No internet service,No internet service,No internet service,No internet service,173.15,No
9184-GALIL,Female,0,Yes,Yes,38,Yes,No,No internet service,No internet service,No internet service,No internet service,781.25,No
4393-RYCRE,Male,0,No,No,44,Yes,Fiber optic,Yes,Yes,Yes,No,4510.8,No
9746-MDMBK,Male,0,Yes,Yes,47,Yes,Fiber optic,Yes,Yes,Yes,Yes,5317.8,No
3162-ZJZFU,Male,0,Yes,Yes,53,Yes,Fiber optic,No,Yes,No,Yes,4779.45,No
8404-GFGCZ,Male,0,Yes,No,4,Yes,DSL,No,No,Yes,No,250.1,No
8875-AKBYH,Male,1,No,No,20,Yes,Fiber optic,No,No,No,No,1745.2,No
4432-ADRLB,Male,0,No,No,2,Yes,DSL,No,No,No,No,74.9,Yes
0533-UCAAU,Male,1,Yes,No,57,Yes,DSL,No,Yes,Yes,No,4140.1,No
1394-SUIUH,Female,1,Yes,No,44,Yes,Fiber optic,Yes,Yes,No,Yes,3670.5,No
3521-MNKLV,Male,0,No,No,24,Yes,DSL,No,No,Yes,No,1167.8,No
2533-TIBIX,Male,0,Yes,Yes,15,No,DSL,Yes,No,No,No,469.65,No
8993-PHFWD,Female,0,No,No,3,No,DSL,No,No,No,No,58.9,Yes
1565-RHDJD,Female,0,No,Yes,4,Yes,Fiber optic,No,Yes,Yes,No,333.55,Yes
7137-RYLPP,Male,1,Yes,No,37,Yes,Fiber optic,No,No,No,No,3171.15,Yes
3765-JXVKY,Female,0,No,No,1,Yes,Fiber optic,No,Yes,No,No,74.7,Yes
5092-STPKP,Female,0,No,No,24,Yes,DSL,Yes,No,No,Yes,1381.2,No
7330-WZLNC,Female,0,No,No,5,Yes,Fiber optic,No,Yes,No,No,455.5,Yes
0114-PEGZZ,Female,0,No,No,33,Yes,Fiber optic,No,Yes,Yes,No,3645.5,No
3359-DSRKA,Female,0,Yes,Yes,58,Yes,No,No internet service,No internet service,No internet service,No internet service,1158.85,No
8639-NHQEI,Female,0,Yes,Yes,72,Yes,Fiber optic,Yes,Yes,No,No,6954.15,No
7161-DFHUF,Female,0,Yes,No,71,Yes,No,No internet service,No internet service,No internet service,No internet service,1672.1,No
3957-LXOLK,Female,1,No,No,28,Yes,Fiber optic,No,Yes,Yes,No,3152.5,Yes
3720-DBRWL,Male,0,Yes,No,51,Yes,DSL,Yes,Yes,Yes,Yes,4307.1,No
6635-MYYYZ,Female,0,No,No,30,Yes,DSL,Yes,Yes,Yes,Yes,2530.4,Yes
8565-WUXZU,Male,1,Yes,No,72,Yes,Fiber optic,Yes,Yes,No,Yes,6141.65,No
5281-BUZGT,Male,1,No,No,36,Yes,Fiber optic,Yes,No,No,No,3186.7,Yes
4994-OBRSZ,Male,0,No,Yes,14,Yes,DSL,Yes,Yes,Yes,Yes,1054.8,No
0562-FGDCR,Female,0,Yes,Yes,72,Yes,DSL,Yes,Yes,No,Yes,5430.65,No
2436-QBZFP,Female,0,Yes,Yes,22,No,DSL,No,Yes,No,No,849.9,No
3420-YJLQT,Female,0,No,No,2,Yes,Fiber optic,No,Yes,No,No,151.75,No
6040-CGACY,Female,0,No,No,15,Yes,No,No internet service,No internet service,No internet service,No internet service,299.4,No
6582-PLFUU,Male,0,Yes,Yes,51,Yes,No,No internet service,No internet service,No internet service,No internet service,1086.75,No
8242-PDSGJ,Male,0,Yes,No,70,No,DSL,Yes,No,Yes,Yes,2692.75,No
0264-CNITK,Female,0,Yes,Yes,71,Yes,No,No internet service,No internet service,No internet service,No internet service,1389.6,No
0089-IIQKO,Female,0,Yes,Yes,39,Yes,Fiber optic,No,No,No,Yes,3767.4,No
7839-NUIAA,Female,0,Yes,Yes,61,Yes,DSL,Yes,Yes,No,No,3641.5,No
6075-QMNRR,Female,0,No,No,52,Yes,DSL,Yes,No,No,No,2535.55,No
5378-IKEEG,Female,0,No,No,1,No,DSL,No,No,No,No,35.75,Yes
5966-EMAZU,Male,0,Yes,No,64,Yes,Fiber optic,Yes,No,Yes,Yes,6880.85,No
0440-EKDCF,Male,0,Yes,No,62,Yes,DSL,No,Yes,Yes,Yes,3753.2,No
4774-HHGGS,Male,0,Yes,No,30,Yes,No,No internet service,No internet service,No internet service,No internet service,637.55,No
2718-GAXQD,Female,1,Yes,Yes,4,Yes,DSL,No,No,No,No,181.6,Yes
2055-BFOCC,Male,1,Yes,No,63,Yes,DSL,Yes,Yes,Yes,Yes,5329.55,No
8180-AKMJV,Female,0,No,No,1,Yes,DSL,No,No,No,No,44.55,No
4298-OYIFC,Male,0,Yes,No,15,Yes,Fiber optic,No,No,Yes,Yes,1539.8,No
5566-SOEZD,Male,0,Yes,Yes,27,Yes,Fiber optic,Yes,Yes,No,No,2209.75,No
9842-EFSYY,Female,0,No,Yes,4,No,DSL,Yes,Yes,Yes,No,223.75,No
2272-WUSPA,Female,0,Yes,No,72,Yes,Fiber optic,Yes,Yes,Yes,No,7751.7,No
4584-LBNMK,Male,1,Yes,No,45,Yes,No,No internet service,No internet service,No internet service,No internet service,1174.35,No
3898-GUYTS,Female,1,No,No,45,Yes,Fiber optic,Yes,Yes,No,Yes,4385.05,No
0930-EHUZA,Female,0,No,No,36,Yes,DSL,Yes,Yes,Yes,Yes,2606.35,No
6413-XKKPU,Male,0,Yes,Yes,17,Yes,Fiber optic,Yes,No,Yes,No,1539.45,Yes
9975-SKRNR,Male,0,No,No,1,Yes,No,No internet service,No internet service,No internet service,No internet service,18.9,No
3703-KBKZP,Male,1,No,No,16,Yes,Fiber optic,No,No,No,No,1261.35,No
1449-XQEMT,Male,0,No,No,3,Yes,No,No internet service,No internet service,No internet service,No internet service,58.15,Yes
2626-URJFX,Male,0,Yes,Yes,4,Yes,DSL,No,No,No,No,225.6,Yes
4973-MGTON,Female,0,Yes,No,71,Yes,DSL,Yes,Yes,Yes,Yes,5969.3,No
3682-YEUWS,Male,0,Yes,Yes,10,Yes,No,No internet service,No internet service,No internet service,No internet service,253.9,No
1223-UNPKS,Male,0,Yes,Yes,20,Yes,No,No internet service,No internet service,No internet service,No internet service,400,No
2612-RRIDN,Male,0,No,No,4,Yes,Fiber optic,No,No,No,No,340.85,Yes
4735-ASGMA,Male,0,No,No,26,Yes,Fiber optic,No,No,Yes,No,2515.3,Yes
3446-QDSZF,Female,0,No,No,4,Yes,DSL,No,No,No,No,227.35,No
3669-LVWZB,Male,0,No,No,5,No,DSL,No,Yes,No,No,305.95,Yes
6892-EZDTG,Female,0,Yes,No,4,Yes,Fiber optic,No,Yes,No,No,365.4,Yes
5117-IFGPS,Male,1,Yes,No,29,Yes,Fiber optic,No,No,No,No,2357.75,No
7379-FNIUJ,Male,0,No,No,2,Yes,Fiber optic,Yes,Yes,No,No,198.5,No
1627-AFWVJ,Female,0,No,No,29,Yes,No,No internet service,No internet service,No internet service,No internet service,554.25,No
9725-SCPZG,Male,0,No,Yes,1,Yes,Fiber optic,No,No,No,No,90.85,Yes
5884-GCYMI,Male,0,No,No,1,Yes,Fiber optic,No,No,No,No,69.4,Yes
3217-FZDMN,Female,1,No,No,8,Yes,Fiber optic,No,No,Yes,No,742.95,Yes
4486-EFAEB,Male,0,No,No,13,Yes,No,No internet service,No internet service,No internet service,No internet service,251.65,No
0060-FUALY,Female,0,Yes,No,59,Yes,Fiber optic,Yes,Yes,No,No,5597.65,No
7853-GVUDZ,Female,0,Yes,Yes,1,Yes,No,No internet service,No internet service,No internet service,No internet service,20.15,Yes
7480-QNVZJ,Male,1,No,No,50,Yes,Fiber optic,No,No,No,No,4816.7,Yes
6954-OOYZZ,Male,0,Yes,No,18,Yes,DSL,No,No,No,No,768.05,No
7088-FBAWU,Female,0,Yes,Yes,17,Yes,DSL,Yes,Yes,No,No,1215.8,No
8313-AFGBW,Male,0,Yes,No,47,Yes,DSL,No,Yes,Yes,No,3522.65,No
3943-KDREE,Female,0,No,No,26,Yes,Fiber optic,No,No,No,No,1834.95,Yes
9239-ZBZZV,Female,0,No,No,6,No,DSL,No,No,Yes,No,305.1,Yes
3097-IDVPU,Male,0,Yes,Yes,19,Yes,DSL,No,No,No,No,910.45,No
4398-HSCJH,Female,0,No,No,3,Yes,DSL,No,No,No,Yes,155.65,Yes
2197-OMWGI,Female,1,Yes,Yes,68,No,DSL,No,Yes,Yes,No,3656.25,No
2303-PJYHN,Female,0,Yes,No,2,Yes,No,No internet service,No internet service,No internet service,No internet service,52,No
9795-VOWON,Male,0,No,No,7,No,DSL,No,No,No,No,150.85,No
1237-WIYYZ,Female,0,No,No,18,Yes,No,No internet service,No internet service,No internet service,No internet service,389.25,No
1987-AUELQ,Female,0,Yes,No,71,Yes,No,No internet service,No internet service,No internet service,No internet service,1873.7,No
7852-LECYP,Male,1,Yes,No,13,Yes,Fiber optic,Yes,Yes,No,No,1261,No
4430-UZIPO,Male,0,No,No,3,No,DSL,No,Yes,No,Yes,108.7,Yes
4822-LPTYJ,Male,0,Yes,No,72,Yes,Fiber optic,No,Yes,Yes,No,7346.2,No
8165-CBKXO,Male,0,Yes,Yes,66,No,DSL,No,Yes,Yes,No,3708.4,No
6527-PZFPV,Male,0,Yes,Yes,24,Yes,No,No internet service,No internet service,No internet service,No internet service,469.65,No
4855-SNKMY,Female,0,No,No,1,Yes,DSL,No,No,No,No,44.1,Yes
9593-CVZKR,Female,0,Yes,Yes,56,Yes,No,No internet service,No internet service,No internet service,No internet service,1385.85,No
8595-SIZNC,Female,1,Yes,No,22,Yes,No,No internet service,No internet service,No internet service,No internet service,548.8,No
8008-HAWED,Male,0,No,No,14,No,DSL,No,No,Yes,No,712.75,Yes
7124-UGSUR,Female,1,Yes,No,61,Yes,Fiber optic,No,Yes,Yes,No,6405,Yes
1862-SKORY,Female,1,Yes,No,40,No,DSL,No,Yes,No,No,1637.4,Yes
5236-XMZJY,Female,0,No,No,42,Yes,DSL,Yes,Yes,Yes,No,2536.55,No
4827-DPADN,Female,0,Yes,Yes,72,Yes,DSL,Yes,No,Yes,Yes,6042.7,No
2694-CIUMO,Female,0,No,No,12,Yes,Fiber optic,No,No,No,Yes,958.25,No
5846-ABOBJ,Male,0,Yes,No,71,Yes,No,No internet service,No internet service,No internet service,No internet service,1730.65,No
1439-LCGVL,Female,0,Yes,No,26,Yes,No,No internet service,No internet service,No internet service,No internet service,459.6,No
0909-SDHNU,Female,0,No,Yes,7,No,DSL,Yes,No,No,No,201.95,No
4647-XXZAM,Female,0,Yes,Yes,6,Yes,DSL,No,No,No,No,285.2,No
1502-XFCVR,Female,0,No,No,58,Yes,Fiber optic,Yes,Yes,Yes,No,6145.85,Yes
7740-KKCXF,Male,0,Yes,No,51,No,DSL,No,Yes,No,No,1529.45,No
5360-XGYAZ,Male,0,Yes,Yes,72,No,DSL,Yes,Yes,Yes,Yes,4664.5,No
9692-TUSXH,Female,0,No,No,18,Yes,Fiber optic,Yes,No,No,No,1740.7,Yes
7912-SYRQT,Female,0,No,No,7,Yes,Fiber optic,No,No,No,No,552.95,Yes
3557-HTYWR,Female,0,No,No,47,Yes,DSL,Yes,Yes,No,Yes,3496.3,No
4816-JBHOV,Male,1,No,No,2,Yes,DSL,No,No,No,No,93.7,Yes
8920-NAVAY,Male,1,No,No,62,Yes,Fiber optic,No,Yes,Yes,Yes,7053.35,No
1699-TLDLZ,Female,0,Yes,Yes,16,Yes,No,No internet service,No internet service,No internet service,No internet service,301.55,No
5600-PDUJF,Male,0,No,No,6,Yes,DSL,No,No,No,Yes,312.7,No
8292-TYSPY,Male,0,No,No,19,Yes,DSL,No,No,Yes,Yes,1046.5,Yes
0567-XRHCU,Female,0,Yes,Yes,69,No,DSL,Yes,No,Yes,No,2960.1,No
1867-BDVFH,Male,0,Yes,Yes,11,Yes,Fiber optic,No,No,No,No,834.2,Yes
2067-QYTCF,Female,0,Yes,No,64,Yes,Fiber optic,No,Yes,Yes,Yes,6953.4,No
2359-QWQUL,Female,0,Yes,No,39,Yes,Fiber optic,Yes,No,Yes,Yes,4134.85,Yes
9103-TCIHJ,Female,0,No,No,15,Yes,DSL,Yes,No,No,No,899.8,Yes
7407-SUJIZ,Male,0,No,No,25,Yes,No,No internet service,No internet service,No internet service,No internet service,541.5,No
9150-KPBJQ,Female,0,No,No,6,Yes,No,No internet service,No internet service,No internet service,No internet service,116.85,No
0052-DCKON,Male,0,Yes,No,66,Yes,Fiber optic,Yes,Yes,Yes,Yes,7942.15,No
3654-ARMGP,Female,0,No,No,61,Yes,DSL,No,Yes,Yes,Yes,5321.25,No
9699-UBQFS,Female,1,Yes,No,43,Yes,Fiber optic,Yes,Yes,No,No,4156.8,No
9367-TCUYN,Female,0,No,No,12,Yes,No,No internet service,No internet service,No internet service,No internet service,223.6,No
1261-FWTTE,Male,1,No,No,23,No,DSL,No,No,No,No,768.45,No
3528-HFRIQ,Male,1,Yes,No,71,No,DSL,No,Yes,Yes,No,3765.05,No
0708-SJDIS,Female,0,No,No,34,Yes,DSL,No,No,No,Yes,2157.5,No
4140-WJAWW,Female,0,No,No,5,Yes,No,No internet service,No internet service,No internet service,No internet service,108.05,Yes
2073-QBVBI,Female,0,Yes,No,41,No,DSL,No,Yes,No,Yes,1391.65,No
6928-ONTRW,Female,0,Yes,Yes,72,Yes,No,No internet service,No internet service,No internet service,No internet service,1379.8,No
3320-VEOYC,Male,1,No,No,14,Yes,Fiber optic,No,No,No,No,1273.3,No
5231-FIQPA,Female,0,No,No,41,Yes,No,No internet service,No internet service,No internet service,No internet service,810.45,No
6617-WLBQC,Female,0,Yes,Yes,23,Yes,Fiber optic,Yes,No,No,No,1810.85,No
2599-CIPQE,Male,0,Yes,Yes,71,Yes,Fiber optic,Yes,Yes,Yes,Yes,7782.85,No
6653-CBBOM,Female,0,No,No,1,Yes,Fiber optic,No,No,No,No,70.3,Yes
8774-GSBUN,Male,0,Yes,No,72,Yes,No,No internet service,No internet service,No internet service,No internet service,1797.1,No
7326-RIGQZ,Male,0,Yes,Yes,6,Yes,Fiber optic,No,No,No,No,377.85,No
1401-FTHFQ,Male,0,Yes,Yes,23,Yes,No,No internet service,No internet service,No internet service,No internet service,445.3,No
3247-ZVOUO,Male,1,Yes,No,10,Yes,Fiber optic,No,No,No,No,851.75,Yes
0254-FNMCI,Female,0,No,No,72,Yes,Fiber optic,Yes,Yes,Yes,Yes,7624.2,No
1848-LBZHY,Female,0,Yes,No,7,Yes,DSL,Yes,No,No,No,355.1,No
6101-IMRMM,Male,0,No,Yes,6,Yes,Fiber optic,No,No,Yes,No,575.45,Yes
8118-TJAFG,Male,0,Yes,Yes,9,Yes,Fiber optic,No,Yes,No,Yes,906.85,No
5429-LWCMV,Female,0,No,No,12,Yes,Fiber optic,No,Yes,No,No,1057.55,No
7298-IZWLY,Female,0,No,No,1,Yes,No,No internet service,No internet service,No internet service,No internet service,19.4,No
9758-MFWGD,Female,1,Yes,Yes,48,No,DSL,No,Yes,No,No,1388.75,No
3955-JBZZM,Male,0,No,No,20,Yes,Fiber optic,No,No,No,No,1641.3,No
1268-ASBGA,Female,1,Yes,No,16,Yes,Fiber optic,No,No,No,No,1375.15,Yes
8943-URTMR,Female,0,No,No,2,Yes,Fiber optic,No,No,No,No,152.7,Yes
4815-TUMEQ,Female,0,No,No,10,Yes,No,No internet service,No internet service,No internet service,No internet service,185.2,No
4713-LZDRV,Female,1,No,No,2,Yes,Fiber optic,No,No,No,No,195.05,Yes
9909-IDLEK,Male,0,Yes,Yes,20,Yes,Fiber optic,No,Yes,No,Yes,1826.7,No
4092-OFQZS,Male,0,Yes,No,20,Yes,No,No internet service,No internet service,No internet service,No internet service,417.5,No
1561-BWHIN,Male,0,Yes,Yes,19,Yes,No,No internet service,No internet service,No internet service,No internet service,344.5,No
4325-NFSKC,Male,1,No,No,19,Yes,Fiber optic,Yes,No,No,No,1660,Yes
9927-DSWDF,Male,0,Yes,No,22,Yes,Fiber optic,Yes,Yes,No,Yes,2180.55,No
9500-LTVBP,Female,0,No,No,35,Yes,Fiber optic,No,No,No,Yes,2835.9,No
7252-NTGSS,Female,0,No,No,1,Yes,DSL,No,No,No,No,45.15,No
8149-AIQCG,Male,0,No,No,39,Yes,Fiber optic,No,No,No,No,2730.85,No
1360-JYXKQ,Female,1,Yes,No,54,Yes,Fiber optic,No,No,Yes,Yes,5437.1,No
2955-PSXOE,Female,0,No,No,1,Yes,No,No internet service,No internet service,No internet service,No internet service,20.2,Yes
7762-URZQH,Male,0,Yes,No,66,Yes,Fiber optic,Yes,No,Yes,No,6981.35,Yes
0899-WZRSD,Male,0,No,No,56,Yes,Fiber optic,Yes,No,No,Yes,5794.45,No
3255-GRXMG,Male,0,No,Yes,18,Yes,DSL,No,No,No,No,747.2,No
4828-FAZPK,Female,0,Yes,Yes,16,Yes,Fiber optic,No,Yes,No,No,1267.95,No
6094-ZIVKX,Female,0,No,No,68,Yes,DSL,Yes,No,Yes,No,3674.95,No
6925-BAYGL,Female,1,Yes,No,53,Yes,No,No internet service,No internet service,No internet service,No internet service,1275.6,No
3262-EIDHV,Female,0,Yes,Yes,72,Yes,DSL,Yes,No,Yes,Yes,5893.9,No
7354-OIJLX,Male,0,No,No,9,Yes,Fiber optic,No,No,No,No,724.65,No
1376-HHBDV,Female,0,No,No,30,Yes,DSL,Yes,No,No,No,1536.75,No
6907-NZZIJ,Female,0,No,No,36,Yes,Fiber optic,No,Yes,No,No,3615.6,Yes
6133-OZILE,Female,0,No,No,18,No,DSL,No,No,Yes,Yes,607.3,No
4135-FRWKJ,Female,1,Yes,Yes,55,Yes,DSL,Yes,No,Yes,Yes,4154.55,No
2911-UREFD,Female,0,Yes,No,39,No,DSL,Yes,No,Yes,No,2184.35,Yes
3744-ZRRDZ,Male,0,No,No,21,Yes,Fiber optic,No,Yes,No,No,1852.85,Yes
5673-TIYIB,Male,0,No,No,2,No,DSL,No,Yes,Yes,Yes,77.15,Yes
6551-ZCOTS,Male,1,No,No,33,Yes,No,No internet service,No internet service,No internet service,No internet service,847.8,No
7191-ADRGF,Male,0,Yes,No,44,No,DSL,No,Yes,Yes,No,2390.45,No
5018-LXQQG,Female,0,Yes,Yes,30,Yes,DSL,Yes,No,No,Yes,1923.5,No
6892-BOGQE,Female,0,Yes,No,71,Yes,No,No internet service,No internet service,No internet service,No internet service,1493.2,No
1602-IJQQE,Female,0,No,No,4,Yes,Fiber optic,No,No,No,No,338.1,Yes
4628-WQCQQ,Male,0,No,Yes,35,Yes,Fiber optic,No,No,Yes,No,3030.6,Yes
1746-TGTWV,Male,0,Yes,No,1,Yes,Fiber optic,No,No,Yes,No,75.35,No
5995-SNNEW,Male,1,Yes,No,23,Yes,Fiber optic,No,Yes,Yes,No,2184.85,No
8050-WYBND,Female,0,No,Yes,22,No,DSL,No,No,Yes,No,1031.4,No
2821-WARNZ,Female,0,No,Yes,49,Yes,No,No internet service,No internet service,No internet service,No internet service,921.3,No
4879-GZLFH,Female,0,Yes,Yes,42,Yes,Fiber optic,No,No,Yes,No,3875.4,No
1644-IRKSF,Female,0,Yes,Yes,33,Yes,Fiber optic,No,No,Yes,No,3124.5,Yes
8314-HTWVE,Female,0,Yes,Yes,7,Yes,No,No internet service,No internet service,No internet service,No internet service,144.15,No
9402-ROUMJ,Female,0,Yes,Yes,67,Yes,Fiber optic,Yes,No,Yes,Yes,6689,No
2507-QZPQS,Male,0,No,No,15,Yes,Fiber optic,No,Yes,No,Yes,1451.1,No
7159-NOKYQ,Male,0,Yes,No,67,Yes,Fiber optic,No,Yes,Yes,No,6368.2,No
5707-ZMDJP,Male,0,Yes,Yes,53,Yes,DSL,Yes,Yes,No,Yes,3729.6,No
8779-YIQQA,Male,0,Yes,Yes,21,Yes,No,No internet service,No internet service,No internet service,No internet service,350.1,No
7136-IHZJA,Female,0,Yes,Yes,40,Yes,DSL,Yes,Yes,No,Yes,2847.2,No
8966-OIQHG,Female,0,Yes,Yes,22,Yes,No,No internet service,No internet service,No internet service,No internet service,452.35,No
7074-STDCN,Male,0,No,No,39,No,DSL,No,No,No,Yes,1494.5,No
3705-PSNGL,Male,0,No,No,45,Yes,No,No internet service,No internet service,No internet service,No internet service,930.45,Yes
8739-QOTTN,Female,0,Yes,No,2,Yes,No,No internet service,No internet service,No internet service,No internet service,41.85,No
1399-OUPJN,Female,0,Yes,Yes,57,Yes,No,No internet service,No internet service,No internet service,No internet service,1272.05,No
0277-BKSQP,Male,0,Yes,Yes,8,Yes,DSL,No,No,No,No,475.1,No
6502-HCJTI,Male,1,Yes,No,7,Yes,Fiber optic,Yes,Yes,No,No,673.1,Yes
2606-RMDHZ,Male,0,No,No,6,No,DSL,No,Yes,No,No,208.7,Yes
5774-XZTQC,Female,0,Yes,Yes,7,Yes,No,No internet service,No internet service,No internet service,No internet service,150.75,No
2676-SSLTO,Male,0,No,No,49,Yes,DSL,No,No,No,Yes,3199,No
6266-QHOJZ,Female,0,No,No,65,Yes,Fiber optic,Yes,Yes,No,Yes,5844.65,No
7269-JISCY,Female,0,No,No,55,Yes,DSL,No,No,No,No,2462.6,No
0363-SVHYR,Male,0,Yes,Yes,71,Yes,DSL,Yes,Yes,Yes,Yes,6263.8,No
8547-NSBBO,Male,0,No,No,35,Yes,Fiber optic,Yes,Yes,Yes,Yes,3403.4,No
8258-GSTJK,Male,1,No,No,3,Yes,Fiber optic,No,No,No,No,237.75,Yes
6861-OKBCE,Female,0,No,Yes,11,Yes,No,No internet service,No internet service,No internet service,No internet service,221.35,Yes
9940-RHLFB,Female,0,No,No,1,Yes,Fiber optic,No,No,Yes,No,75.3,Yes
6591-QGOYB,Male,0,No,No,17,Yes,Fiber optic,Yes,Yes,Yes,Yes,1672.1,No
9070-BCKQP,Female,0,Yes,No,72,Yes,Fiber optic,Yes,No,Yes,Yes,7881.2,No
6421-SZVEM,Female,0,Yes,Yes,28,Yes,Fiber optic,Yes,No,No,No,2320.8,No
1328-EUZHC,Female,0,Yes,No,18,Yes,No,No internet service,No internet service,No internet service,No internet service,370.5,No
2995-UPRYS,Female,1,Yes,No,40,Yes,Fiber optic,No,Yes,No,Yes,4062.2,Yes
8878-RYUKI,Female,0,No,No,52,Yes,DSL,No,No,Yes,No,3043.7,No
9633-DENPU,Female,0,Yes,No,47,Yes,DSL,No,Yes,No,No,2723.4,No
7811-JIVPF,Female,0,No,No,23,Yes,DSL,No,No,Yes,No,1081.25,No
7113-HIPFI,Male,0,Yes,Yes,66,Yes,DSL,Yes,Yes,Yes,Yes,4097.05,No
8541-QVFKM,Female,0,No,No,8,Yes,Fiber optic,No,No,No,No,632.2,No
6686-YPGHK,Male,1,No,No,47,Yes,Fiber optic,Yes,No,No,No,4042.3,Yes
1383-EZRWL,Female,0,No,No,7,Yes,No,No internet service,No internet service,No internet service,No internet service,164.85,Yes
9258-CNWAC,Female,0,Yes,Yes,71,Yes,Fiber optic,Yes,Yes,Yes,Yes,8166.8,No
5371-VYLSX,Female,1,No,No,50,Yes,Fiber optic,Yes,Yes,No,No,4113.7,No
6374-AFWOX,Male,0,Yes,No,46,Yes,DSL,Yes,Yes,Yes,Yes,3047.15,No
4759-TRPLW,Male,0,No,No,1,Yes,Fiber optic,No,No,No,No,70.4,Yes
5317-FLPJF,Female,0,No,No,66,No,DSL,Yes,No,Yes,Yes,4193.4,No
7621-VPNET,Female,0,Yes,No,42,Yes,Fiber optic,No,No,Yes,Yes,3729.75,No
6034-YMTOB,Female,0,No,No,5,Yes,Fiber optic,No,No,No,Yes,399.45,No
8563-IIOXK,Male,0,Yes,Yes,7,Yes,DSL,Yes,No,No,No,331.3,Yes
4903-CNOZC,Male,0,No,No,29,Yes,DSL,No,Yes,Yes,No,1964.6,No
4353-HYOJD,Female,0,Yes,Yes,27,Yes,DSL,No,Yes,No,No,1336.15,No
8020-BWHYL,Female,1,No,No,15,Yes,Fiber optic,No,Yes,No,No,1147.45,Yes
7267-FRMJW,Female,0,Yes,Yes,25,Yes,No,No internet service,No internet service,No internet service,No internet service,486.05,No
2982-VPSGI,Female,0,Yes,No,11,Yes,Fiber optic,No,No,No,No,1078.9,Yes
4188-FRABG,Male,0,Yes,No,57,Yes,Fiber optic,Yes,Yes,Yes,Yes,5925.75,No
8199-ZLLSA,Male,0,No,No,67,Yes,Fiber optic,Yes,Yes,Yes,Yes,7804.15,Yes
4128-ETESU,Female,1,Yes,No,47,Yes,Fiber optic,No,No,Yes,No,4747.2,No
0620-DLSLK,Female,0,No,No,13,Yes,Fiber optic,No,No,No,No,1028.9,No
4625-EWPTF,Male,0,No,No,8,No,DSL,Yes,No,No,No,226.45,Yes
5980-NOPLP,Female,0,Yes,No,44,Yes,Fiber optic,No,No,No,No,4364.1,Yes
3850-OKINF,Male,0,Yes,Yes,71,Yes,DSL,Yes,No,No,No,4692.55,No
6892-XPFPU,Male,1,Yes,No,24,Yes,Fiber optic,No,Yes,Yes,No,2433.9,Yes
8010-EZLOU,Male,1,No,No,15,Yes,Fiber optic,No,Yes,No,No,1217.25,Yes
1156-ZFYDO,Female,0,No,No,1,Yes,No,No internet service,No internet service,No internet service,No internet service,19.75,No
3295-YVUSR,Male,1,No,No,2,Yes,Fiber optic,No,No,No,No,154.3,No
8016-NCFVO,Male,1,No,No,55,Yes,Fiber optic,Yes,Yes,Yes,Yes,6382.55,No
4119-ZYPZY,Male,1,No,No,71,Yes,Fiber optic,No,Yes,No,Yes,7623.2,No
5549-ZGHFB,Male,0,Yes,Yes,50,Yes,No,No internet service,No internet service,No internet service,No internet service,1261.45,No
7577-SWIFR,Male,0,No,No,1,Yes,Fiber optic,No,No,No,No,89.25,No
0303-WMMRN,Male,0,No,No,5,Yes,No,No internet service,No internet service,No internet service,No internet service,86.05,No
6408-OTUBZ,Female,0,No,No,66,Yes,Fiber optic,Yes,Yes,Yes,Yes,6779.05,No
5204-HMGYF,Female,0,Yes,Yes,49,Yes,DSL,Yes,Yes,Yes,Yes,4345,No
1078-TDCRN,Female,1,Yes,No,3,No,DSL,No,Yes,No,No,82.85,No
3727-OVPRY,Male,0,Yes,Yes,66,Yes,No,No internet service,No internet service,No internet service,No internet service,1714.55,No
3797-FKOGQ,Male,0,No,Yes,11,Yes,Fiber optic,No,No,No,No,893.2,No
7622-NXQZR,Male,0,No,No,28,No,DSL,No,No,No,Yes,810.85,No
6196-HBOBZ,Male,0,Yes,No,65,Yes,Fiber optic,Yes,Yes,Yes,No,6347.55,No
3970-XGJDU,Female,0,No,No,62,Yes,No,No internet service,No internet service,No internet service,No internet service,1123.65,No
7017-VFULY,Female,0,Yes,No,2,Yes,No,No internet service,No internet service,No internet service,No internet service,43.15,No
5562-YJQGT,Female,0,No,No,2,Yes,No,No internet service,No internet service,No internet service,No internet service,35.1,No
8807-OPMBM,Female,0,Yes,Yes,55,Yes,No,No internet service,No internet service,No internet service,No internet service,1388,No
5439-WIKXB,Male,1,Yes,No,41,Yes,Fiber optic,No,Yes,No,No,3851.45,No
9874-QLCLH,Female,0,Yes,Yes,17,Yes,Fiber optic,Yes,No,Yes,No,1743.5,Yes
8294-UIMBA,Female,0,No,No,30,Yes,Fiber optic,No,No,No,Yes,2638.1,No
8109-YUOHE,Male,0,No,No,17,Yes,DSL,Yes,Yes,No,No,946.95,No
5840-NVDCG,Female,0,Yes,Yes,16,Yes,DSL,Yes,Yes,No,Yes,1114.85,No
8092-NLTGF,Male,0,No,No,72,Yes,No,No internet service,No internet service,No internet service,No internet service,1777.6,No
5928-QLDHB,Male,0,No,No,9,Yes,Fiber optic,No,No,No,No,684.85,No
9840-EFJQB,Female,0,No,No,1,Yes,Fiber optic,No,Yes,No,No,74.35,No
0696-UKTOX,Male,0,No,Yes,23,Yes,DSL,No,Yes,No,Yes,1312.45,No
4801-KFYKL,Male,0,No,Yes,8,Yes,No,No internet service,No internet service,No internet service,No internet service,159.2,No
3472-OAOOR,Male,0,Yes,Yes,19,No,DSL,Yes,Yes,No,No,610.2,No
6135-OZQVA,Female,0,No,No,7,Yes,DSL,Yes,No,No,No,404.35,No
8062-YBDOE,Male,1,No,No,1,Yes,Fiber optic,No,No,No,No,69.65,Yes
2252-JHJGE,Male,0,No,No,61,Yes,Fiber optic,Yes,No,Yes,No,6363.45,No
4188-PCPIG,Female,0,Yes,No,57,Yes,DSL,Yes,Yes,No,Yes,4124.65,No
6000-APYLU,Male,0,No,No,9,Yes,Fiber optic,No,No,No,No,713.1,Yes
7105-BENQF,Male,0,No,Yes,15,Yes,DSL,Yes,No,Yes,No,950.75,No
7721-DVEKZ,Female,0,No,No,1,Yes,No,No internet service,No internet service,No internet service,No internet service,19.65,No
3566-VVORZ,Female,0,Yes,No,12,Yes,DSL,No,No,No,No,505.95,No
9507-HSMMZ,Male,0,No,No,54,Yes,No,No internet service,No internet service,No internet service,No internet service,1149.65,No
2480-SQIOB,Male,0,Yes,Yes,4,Yes,DSL,No,No,No,No,169.65,No
0947-IDHRQ,Female,0,No,No,7,Yes,Fiber optic,No,No,No,No,526.7,Yes
7813-TKCVO,Female,0,Yes,No,20,Yes,No,No internet service,No internet service,No internet service,No internet service,393.15,No
0128-MKWSG,Female,0,No,Yes,26,No,DSL,Yes,No,No,Yes,1147,No
3672-YITQD,Male,1,Yes,No,36,Yes,Fiber optic,No,No,No,No,3021.6,Yes
4350-ZTLPI,Female,0,Yes,No,53,Yes,Fiber optic,No,Yes,Yes,Yes,5718.2,No
9048-JVYVF,Male,0,No,No,3,Yes,DSL,No,No,No,Yes,191.35,Yes
0361-HJRDX,Female,0,No,No,68,No,DSL,Yes,Yes,Yes,Yes,4539.6,No
5727-MYATE,Male,0,Yes,Yes,72,Yes,DSL,Yes,Yes,Yes,Yes,6397.6,No
3823-KYNQY,Male,0,No,No,12,Yes,No,No internet service,No internet service,No internet service,No internet service,280.4,No
8988-ECPJR,Female,1,Yes,Yes,34,Yes,Fiber optic,No,Yes,No,No,2718.3,Yes
7570-WELNY,Female,0,Yes,No,68,Yes,Fiber optic,Yes,Yes,No,No,5711.05,No
3021-VLNRJ,Female,0,No,Yes,50,Yes,DSL,Yes,No,Yes,Yes,3478.15,No
3776-EKTKM,Female,1,No,No,1,No,DSL,No,No,No,No,36.45,Yes
2080-CAZNM,Female,1,No,No,41,Yes,Fiber optic,No,Yes,Yes,No,4133.95,No
1028-FFNJK,Male,1,Yes,No,30,Yes,Fiber optic,No,No,No,Yes,2917.65,No
6907-FLBER,Male,0,No,No,1,Yes,DSL,No,Yes,No,No,54.3,No
3001-UNBTL,Male,1,Yes,Yes,29,Yes,Fiber optic,No,No,Yes,No,2964.8,No
5982-PSMKW,Female,0,Yes,Yes,23,Yes,DSL,Yes,Yes,Yes,Yes,2198.3,No
3507-GASNP,Male,0,No,Yes,60,Yes,No,No internet service,No internet service,No internet service,No internet service,1189.9,No
7096-ZNBZI,Female,0,Yes,No,72,Yes,No,No internet service,No internet service,No internet service,No internet service,1914.5,No
1902-XBTFB,Male,0,No,Yes,22,Yes,Fiber optic,No,Yes,Yes,No,2001.5,Yes
1676-MQAOA,Male,0,No,No,72,Yes,DSL,Yes,Yes,Yes,Yes,5336.35,No
0786-IVLAW,Female,1,No,No,66,Yes,Fiber optic,No,Yes,Yes,No,7238.6,No
7566-DSRLQ,Female,0,Yes,No,72,Yes,Fiber optic,No,Yes,Yes,Yes,7998.8,No
0643-OKLRP,Female,1,Yes,No,47,Yes,Fiber optic,Yes,No,No,No,3825.85,Yes
7245-JMTTQ,Female,0,No,No,51,Yes,Fiber optic,No,Yes,Yes,Yes,5703.25,No
6050-IJRHS,Female,0,Yes,Yes,70,Yes,Fiber optic,No,Yes,Yes,No,7397,No
6202-JVYEU,Male,0,No,No,9,Yes,No,No internet service,No internet service,No internet service,No internet service,164.6,No
8591-TKMZH,Male,0,Yes,Yes,59,Yes,Fiber optic,Yes,Yes,No,Yes,6555.2,No
0734-OXWBT,Male,0,No,Yes,3,Yes,DSL,No,No,No,Yes,225.65,No
4282-ACRXS,Male,1,Yes,No,38,No,DSL,No,No,No,No,955.75,No
0365-TRTPY,Female,0,No,No,37,Yes,Fiber optic,Yes,Yes,Yes,No,3382.3,No
7349-ALMUX,Male,0,No,No,37,Yes,DSL,Yes,Yes,Yes,Yes,2313.8,No
9381-NDKME,Female,1,Yes,No,24,No,DSL,No,No,Yes,No,933.3,Yes
6502-KUGLL,Female,0,Yes,Yes,14,Yes,DSL,Yes,Yes,No,Yes,780.85,No
1841-YSJGV,Male,0,Yes,No,72,Yes,Fiber optic,Yes,Yes,No,Yes,7852.4,No
2794-XIMMO,Male,0,Yes,No,53,No,DSL,No,Yes,Yes,Yes,3184.25,Yes
8382-SHQEH,Female,0,Yes,No,8,Yes,Fiber optic,No,No,No,No,764.95,Yes
3511-BFTJW,Male,0,Yes,Yes,72,No,DSL,Yes,Yes,Yes,No,2763,No
7668-XCFYV,Female,1,Yes,No,17,Yes,Fiber optic,No,No,No,No,1614.7,No
2983-ZANRP,Female,0,Yes,Yes,2,Yes,Fiber optic,No,Yes,No,No,145.4,Yes
7845-URHJN,Female,0,Yes,No,8,Yes,No,No internet service,No internet service,No internet service,No internet service,156.25,Yes
3034-ZBEQN,Female,0,Yes,No,48,No,DSL,No,Yes,Yes,No,1604.5,Yes
5018-HEKFO,Female,0,No,No,10,Yes,No,No internet service,No internet service,No internet service,No internet service,270.15,No
2923-ARZLG,Male,0,Yes,Yes,0,Yes,No,No internet service,No internet service,No internet service,No internet service, ,No
3976-NLDEZ,Male,0,No,No,1,Yes,No,No internet service,No internet service,No internet service,No internet service,20.6,No
2282-YGNOR,Female,0,No,No,29,Yes,DSL,Yes,No,Yes,Yes,1734.5,No
5336-UFNZP,Female,1,Yes,Yes,65,Yes,Fiber optic,No,Yes,Yes,No,7047.5,No
6854-EXGSF,Female,0,No,No,8,Yes,DSL,Yes,Yes,Yes,No,573.15,No
1241-EZFMJ,Male,0,Yes,No,61,Yes,No,No internet service,No internet service,No internet service,No internet service,1538.6,No
9233-PSYHO,Female,1,No,No,45,Yes,Fiber optic,No,No,Yes,No,4459.8,No
5376-PCKNB,Male,0,Yes,Yes,72,Yes,Fiber optic,No,Yes,Yes,No,7459,No
8044-BGWPI,Male,0,Yes,Yes,12,Yes,No,No internet service,No internet service,No internet service,No internet service,306.05,No
4060-LDNLU,Male,0,No,No,7,Yes,Fiber optic,No,No,No,No,639.7,No
3589-PPVKW,Male,0,No,No,9,Yes,DSL,No,No,No,No,348.15,No
8327-LZKAS,Female,1,Yes,No,43,Yes,Fiber optic,No,No,Yes,Yes,4533.9,Yes
5887-IKKYO,Male,0,Yes,Yes,58,Yes,Fiber optic,No,No,Yes,Yes,5563.65,No
1075-BGWOH,Male,1,Yes,No,16,Yes,Fiber optic,No,No,Yes,No,1587.55,Yes
1755-RMCXH,Male,0,Yes,Yes,2,Yes,No,No internet service,No internet service,No internet service,No internet service,40.25,No
0302-JOIVN,Female,0,Yes,No,8,Yes,Fiber optic,No,Yes,Yes,No,842.9,Yes
3858-XHYJO,Female,0,Yes,No,40,Yes,Fiber optic,Yes,No,Yes,No,4228.55,No
4299-SIMNS,Male,0,No,No,9,Yes,Fiber optic,Yes,No,No,No,784.45,No
7025-IWFHT,Male,0,No,No,41,Yes,Fiber optic,No,Yes,No,Yes,3729.75,No
6261-LHRTG,Female,0,No,No,26,Yes,DSL,No,Yes,Yes,No,1406.9,No
7841-FCRQD,Female,0,Yes,No,33,Yes,DSL,No,Yes,No,Yes,1857.3,No
2056-EVGZL,Male,0,Yes,Yes,68,Yes,Fiber optic,No,Yes,Yes,Yes,7322.5,No
8777-MBMTS,Female,1,Yes,No,65,Yes,Fiber optic,No,Yes,Yes,Yes,6725.5,No
7753-USQYQ,Male,0,No,No,55,Yes,DSL,No,Yes,No,Yes,3627.3,No
5366-IJEQJ,Male,0,No,No,20,Yes,Fiber optic,No,No,Yes,No,1761.45,Yes
7661-CPURM,Male,0,No,No,19,Yes,Fiber optic,No,No,No,Yes,1725.95,No
6233-HXJMX,Female,0,No,No,45,Yes,Fiber optic,No,No,Yes,No,4192.15,No
5902-WBLSE,Female,0,Yes,Yes,70,Yes,No,No internet service,No internet service,No internet service,No internet service,1411.2,No
1981-INRFU,Female,0,No,No,2,Yes,Fiber optic,No,No,No,No,164.5,Yes
4971-PUYQO,Female,0,No,No,27,Yes,Fiber optic,No,No,No,No,2724.6,Yes
3239-TPHPZ,Female,0,Yes,No,12,Yes,No,No internet service,No internet service,No internet service,No internet service,264.55,No
5115-GZDEL,Male,0,No,Yes,72,No,DSL,Yes,Yes,Yes,Yes,4671.7,No
3338-CVVEH,Male,0,No,No,12,Yes,Fiber optic,No,No,No,No,1173.55,No
8485-GJCDN,Female,1,No,No,5,Yes,Fiber optic,No,No,No,No,318.5,Yes
2615-YVMYX,Male,1,Yes,No,71,Yes,Fiber optic,Yes,Yes,Yes,No,7713.55,No
2851-STERV,Male,1,No,No,35,Yes,DSL,No,No,Yes,Yes,2471.25,No
4393-GEADV,Male,0,Yes,Yes,70,Yes,Fiber optic,Yes,Yes,Yes,Yes,7842.3,No
8486-AYEQH,Female,0,No,No,31,Yes,Fiber optic,No,No,No,No,2227.8,No
1527-SXDPN,Male,0,Yes,Yes,52,Yes,Fiber optic,No,No,Yes,Yes,4990.25,Yes
6029-WTIPC,Male,1,No,No,37,Yes,Fiber optic,No,No,Yes,No,3744.05,Yes
8634-CILSZ,Male,0,No,No,69,Yes,Fiber optic,No,Yes,No,Yes,7220.35,Yes
5419-JKZNQ,Male,1,Yes,No,30,Yes,Fiber optic,No,No,No,No,2351.45,No
2495-KZNFB,Female,0,No,No,33,Yes,Fiber optic,Yes,No,No,No,2989.6,No
1409-PHXTF,Male,1,Yes,No,54,Yes,Fiber optic,No,Yes,Yes,Yes,6077.75,No
4560-WQAQW,Female,0,No,No,59,Yes,DSL,Yes,No,No,Yes,4070.95,No
9591-YVTEB,Male,1,No,No,55,No,DSL,Yes,Yes,No,No,2479.05,No
9309-BZGNT,Male,1,Yes,No,69,No,DSL,No,No,Yes,No,2134.3,No
4274-DRSQT,Female,0,No,No,66,Yes,Fiber optic,No,Yes,No,No,6000.1,No
2027-DNKIV,Male,0,Yes,Yes,37,Yes,DSL,Yes,No,Yes,Yes,2203.1,No
8075-GXIUB,Male,1,Yes,No,9,Yes,No,No internet service,No internet service,No internet service,No internet service,183.15,No
2885-HIJDH,Male,0,Yes,Yes,69,Yes,DSL,Yes,No,Yes,Yes,6194.1,No
5424-RLQLC,Male,0,No,No,10,Yes,DSL,No,Yes,No,No,638.95,No
6682-QJDGB,Male,0,No,Yes,40,Yes,DSL,Yes,Yes,No,No,2139.2,Yes
6507-DTJZV,Male,0,No,Yes,13,Yes,DSL,No,No,No,No,831.75,No
8780-IXSTS,Female,0,No,No,6,Yes,Fiber optic,No,Yes,No,No,521.3,Yes
7673-BQGKU,Female,0,Yes,Yes,69,Yes,No,No internet service,No internet service,No internet service,No internet service,1337.5,No
6723-WSNTY,Female,1,Yes,No,66,Yes,Fiber optic,No,Yes,Yes,Yes,7181.95,No
9530-EHPOH,Male,0,No,No,11,Yes,DSL,No,No,Yes,No,608,Yes
2725-IWWBA,Male,0,Yes,Yes,46,Yes,DSL,Yes,No,Yes,Yes,2560.1,No
0345-HKJVM,Female,0,No,No,6,Yes,Fiber optic,No,No,No,No,577.6,Yes
1061-PNTHC,Female,0,Yes,Yes,56,Yes,Fiber optic,Yes,No,Yes,Yes,5953,No
0394-YONDK,Male,0,Yes,Yes,70,Yes,No,No internet service,No internet service,No internet service,No internet service,1790.15,No
6574-MCOEH,Female,0,Yes,Yes,33,Yes,DSL,No,No,Yes,Yes,2531.4,No
7399-QHBJS,Female,0,Yes,Yes,72,Yes,DSL,Yes,Yes,No,Yes,4760.3,No
3049-SOLAY,Female,0,Yes,No,3,Yes,Fiber optic,No,No,No,No,292.85,Yes
0997-YTLNY,Female,0,No,Yes,19,Yes,DSL,No,No,No,Yes,953.65,No
3317-HRTNN,Female,1,No,No,5,No,DSL,No,No,No,No,198,Yes
9479-HYNYL,Female,0,Yes,No,71,Yes,DSL,No,Yes,Yes,Yes,5705.05,No
3235-ETOOB,Male,0,Yes,No,8,Yes,Fiber optic,Yes,No,No,No,609.9,Yes
9708-KFDBY,Male,0,No,No,1,Yes,No,No internet service,No internet service,No internet service,No internet service,20.55,No
8058-INTPH,Female,0,No,No,1,Yes,Fiber optic,No,No,No,No,79.65,Yes
3642-GKTCT,Female,0,No,No,61,Yes,Fiber optic,Yes,Yes,Yes,Yes,6993.65,No
0774-RMNUW,Female,0,Yes,Yes,71,No,DSL,Yes,Yes,No,Yes,4122.65,No
1334-PDUKM,Female,0,Yes,No,68,Yes,Fiber optic,No,Yes,Yes,No,5762.95,No
0756-MPZRL,Male,0,No,No,46,No,DSL,No,No,Yes,Yes,1537.85,No
2242-MFOTG,Male,0,No,No,33,Yes,Fiber optic,Yes,No,No,No,2603.3,No
2927-CVULT,Female,0,Yes,Yes,53,Yes,Fiber optic,Yes,Yes,Yes,Yes,5566.4,No
2144-BFDSO,Female,1,Yes,No,50,Yes,Fiber optic,Yes,Yes,Yes,No,5431.9,No
8745-PVESG,Female,0,No,No,57,No,DSL,Yes,No,Yes,Yes,2258.25,No
7647-GYYKX,Female,0,Yes,Yes,54,Yes,No,No internet service,No internet service,No internet service,No internet service,1092.35,No
5647-FXOTP,Female,1,Yes,No,60,Yes,Fiber optic,No,Yes,Yes,No,6401.25,No
5569-OUICF,Female,1,Yes,No,28,Yes,Fiber optic,No,No,No,Yes,2812.2,Yes
8821-XNHVZ,Female,0,Yes,Yes,1,Yes,Fiber optic,No,No,No,No,80.05,Yes
2082-OJVTK,Male,0,Yes,Yes,29,Yes,Fiber optic,No,No,Yes,No,2698.35,Yes
9700-ISPUP,Female,0,Yes,Yes,10,Yes,DSL,No,Yes,No,Yes,616.9,No
9839-ETQOE,Male,0,No,Yes,43,No,DSL,Yes,Yes,Yes,No,1912.85,No
6078-VESFR,Male,1,Yes,No,13,Yes,Fiber optic,No,No,No,No,849.1,No
9027-TMATR,Female,0,Yes,No,43,Yes,DSL,Yes,No,Yes,Yes,3460.3,No
5940-NFXKV,Male,0,Yes,Yes,19,Yes,Fiber optic,No,No,No,No,1465.75,Yes
1941-HOSAM,Male,0,Yes,Yes,1,Yes,Fiber optic,No,No,No,No,90.1,No
9110-HSGTV,Female,0,No,No,69,Yes,DSL,Yes,No,Yes,Yes,5555.3,No
0704-VCUMB,Female,0,Yes,No,61,Yes,No,No internet service,No internet service,No internet service,No internet service,1278.8,No
6171-ZTVYB,Male,0,Yes,No,43,Yes,DSL,Yes,Yes,No,Yes,2907.35,No
8053-WWDRO,Female,0,Yes,No,6,Yes,No,No internet service,No internet service,No internet service,No internet service,146.3,Yes
9564-KCLHR,Male,0,No,No,1,Yes,DSL,No,No,No,Yes,51.25,Yes
1935-IMVBB,Male,0,Yes,No,56,Yes,Fiber optic,No,No,No,No,4952.95,No
2535-PBCGC,Female,0,Yes,No,70,No,DSL,Yes,Yes,Yes,Yes,4504.9,No
2082-CEFLT,Male,0,No,No,1,Yes,DSL,No,No,No,No,45.6,Yes
1470-PSXNM,Male,0,Yes,Yes,49,Yes,Fiber optic,No,Yes,Yes,No,4520.15,No
1213-NGCUN,Female,0,No,No,6,Yes,DSL,No,No,No,Yes,267.35,Yes
2498-XLDZR,Female,0,Yes,Yes,32,Yes,DSL,Yes,Yes,Yes,Yes,2316.85,No
9866-OCCKE,Female,1,Yes,No,72,Yes,Fiber optic,Yes,No,Yes,Yes,8075.35,No
5338-YHWYT,Male,0,No,Yes,37,Yes,DSL,Yes,Yes,No,Yes,2302.35,No
7718-UPSKJ,Female,0,Yes,No,69,Yes,Fiber optic,Yes,Yes,No,Yes,7251.9,No
8731-WBBMB,Female,0,Yes,No,26,Yes,DSL,No,Yes,Yes,Yes,2078.55,No
1448-CYWKC,Female,0,Yes,Yes,58,Yes,Fiber optic,No,Yes,Yes,No,6225.4,No
7901-IIDQV,Male,0,No,No,24,Yes,DSL,No,No,No,Yes,1242.25,No
2690-DVRVK,Male,0,Yes,Yes,5,Yes,No,No internet service,No internet service,No internet service,No internet service,99.45,No
5688-KZTSN,Male,0,Yes,Yes,15,Yes,No,No internet service,No internet service,No internet service,No internet service,288.05,Yes
1270-XKUCC,Female,0,Yes,Yes,30,Yes,No,No internet service,No internet service,No internet service,No internet service,599.25,No
0334-ZFJSR,Female,0,Yes,No,55,Yes,DSL,Yes,Yes,No,Yes,3462.1,No
2894-QOJRX,Female,0,Yes,No,25,No,DSL,No,No,No,No,853,Yes
5747-PMBSQ,Male,1,Yes,No,10,Yes,Fiber optic,No,Yes,Yes,Yes,934.1,Yes
5583-EJXRD,Male,0,Yes,Yes,44,No,DSL,Yes,Yes,Yes,Yes,2375.2,No
4565-EVZMJ,Female,0,No,No,47,Yes,DSL,Yes,Yes,No,Yes,2813.05,No
3143-JQEGI,Female,0,Yes,Yes,13,Yes,Fiber optic,No,No,No,No,1222.8,Yes
6386-SZZKH,Female,0,Yes,Yes,49,Yes,Fiber optic,No,Yes,Yes,Yes,5293.2,Yes
3327-YBAKM,Female,0,Yes,No,64,Yes,Fiber optic,Yes,No,No,Yes,6314.35,No
9441-QHEVC,Male,0,No,No,1,Yes,No,No internet service,No internet service,No internet service,No internet service,19.1,No
6705-LNMDD,Male,0,No,No,20,Yes,DSL,No,No,No,Yes,1003.05,No
2580-ASVVY,Female,0,Yes,No,37,No,DSL,Yes,No,No,Yes,1593.1,No
3370-GQEAL,Male,0,Yes,Yes,30,Yes,Fiber optic,No,No,No,No,2509.95,No
5032-USPKF,Female,0,No,No,38,Yes,DSL,Yes,Yes,Yes,No,3187.65,No
2982-IHMFT,Female,1,No,No,1,Yes,Fiber optic,No,No,No,No,74.45,Yes
3521-SYVOR,Female,0,No,No,37,Yes,DSL,No,No,No,No,2345.2,Yes
4254-QPEDE,Female,0,Yes,No,52,No,DSL,Yes,Yes,Yes,Yes,3330.1,No
6283-GITPX,Male,0,No,Yes,71,Yes,DSL,Yes,Yes,Yes,Yes,5522.7,No
9526-JAWYF,Male,0,No,No,26,Yes,Fiber optic,No,Yes,Yes,No,2335.3,Yes
0771-CHWSK,Male,0,No,No,66,Yes,DSL,Yes,Yes,Yes,No,4798.4,No
9788-HNGUT,Male,0,Yes,No,72,Yes,Fiber optic,Yes,Yes,Yes,Yes,8594.4,No
9495-REDIY,Male,0,No,Yes,25,No,DSL,Yes,No,No,No,970.55,No
5375-XLDOF,Male,0,Yes,Yes,69,Yes,Fiber optic,Yes,Yes,Yes,Yes,7665.8,No
1172-VIYBP,Male,0,Yes,Yes,53,Yes,DSL,Yes,Yes,No,No,3686.05,No
5649-VUKMC,Female,0,No,No,12,Yes,Fiber optic,No,No,Yes,No,1115.15,Yes
6559-PDZLR,Male,0,No,No,26,Yes,Fiber optic,No,No,Yes,Yes,2537,No
8992-OBVDG,Male,0,No,No,21,Yes,DSL,No,No,Yes,No,1393.6,No
4273-MBHYA,Female,0,No,Yes,1,Yes,Fiber optic,No,No,No,No,89.35,No
4724-WXVWF,Male,0,No,No,48,Yes,Fiber optic,Yes,No,No,Yes,4445.3,No
5701-GUXDC,Female,0,Yes,No,26,No,DSL,Yes,No,Yes,No,978.6,No
1460-UZPRJ,Male,0,Yes,No,60,Yes,No,No internet service,No internet service,No internet service,No internet service,1258.15,No
6082-GLJIX,Male,0,No,No,18,Yes,No,No internet service,No internet service,No internet service,No internet service,331.35,No
5143-EGQFK,Female,1,No,No,10,No,DSL,No,No,No,Yes,291.4,Yes
4919-IKATY,Male,0,Yes,Yes,5,Yes,Fiber optic,Yes,No,Yes,No,453.75,Yes
2495-TTHBQ,Female,0,No,Yes,4,Yes,No,No internet service,No internet service,No internet service,No internet service,84.75,No
0485-ZBSLN,Male,0,Yes,Yes,65,Yes,No,No internet service,No internet service,No internet service,No internet service,1715.1,No
3810-PJUHR,Male,0,Yes,Yes,70,Yes,No,No internet service,No internet service,No internet service,No internet service,1715.15,No
9050-QLROH,Male,0,No,No,18,Yes,Fiber optic,No,No,Yes,No,1597.25,Yes
0847-HGRML,Male,0,No,Yes,62,Yes,No,No internet service,No internet service,No internet service,No internet service,1250.1,No
8232-CTLKO,Female,0,Yes,Yes,66,Yes,DSL,Yes,No,No,No,3996.8,No
9227-YBAXE,Female,0,Yes,Yes,65,Yes,DSL,Yes,Yes,No,Yes,5215.1,No
6168-WFVVF,Female,1,No,No,3,Yes,Fiber optic,No,No,No,No,235.5,Yes
9860-LISIZ,Female,0,No,No,34,Yes,No,No internet service,No internet service,No internet service,No internet service,673.2,No
0112-QAWRZ,Male,0,Yes,Yes,16,Yes,Fiber optic,No,No,Yes,No,1442.2,No
0877-SDMBN,Female,0,No,No,54,Yes,Fiber optic,Yes,No,Yes,No,5639.05,Yes
2786-GCDPI,Female,1,No,No,50,Yes,Fiber optic,No,No,Yes,Yes,5222.35,No
4043-MKDTV,Male,0,Yes,No,71,Yes,Fiber optic,No,Yes,Yes,Yes,7291.75,No
8065-YKXKD,Female,0,No,No,10,Yes,Fiber optic,No,No,No,No,799.65,Yes
9637-EIHEQ,Female,0,No,No,1,Yes,DSL,No,No,No,Yes,50.8,Yes
9229-RQABD,Male,0,No,No,18,Yes,No,No internet service,No internet service,No internet service,No internet service,424.5,No
8313-KTIHG,Male,0,No,No,4,Yes,DSL,No,No,No,Yes,249.4,No
5320-BRKGK,Female,0,Yes,Yes,58,Yes,DSL,Yes,No,Yes,Yes,4415.75,No
6284-KMNUF,Female,0,Yes,No,56,Yes,Fiber optic,Yes,No,No,No,5270.6,No
9689-PTNPG,Male,0,No,No,2,Yes,Fiber optic,No,No,No,No,144.55,Yes
9465-RWMXL,Male,0,Yes,No,32,Yes,Fiber optic,No,No,Yes,No,2447.95,Yes
6229-UOLQL,Male,0,Yes,Yes,56,No,DSL,Yes,Yes,No,Yes,2884.9,No
2362-IBOOY,Male,0,No,No,36,Yes,Fiber optic,No,No,No,No,3050.15,Yes
3137-LUPIX,Female,0,No,No,4,Yes,DSL,No,No,No,Yes,253,No
0843-WTBXE,Male,0,No,No,53,Yes,Fiber optic,No,No,No,No,4517.25,Yes
6143-JQKEA,Male,0,No,No,10,Yes,DSL,No,No,No,No,436.2,No
8676-OOQEJ,Male,0,No,No,4,No,DSL,No,No,No,Yes,118.4,No
5515-IDEJJ,Male,0,Yes,Yes,1,Yes,No,No internet service,No internet service,No internet service,No internet service,19.9,Yes
9701-CDXHR,Female,0,Yes,No,51,Yes,Fiber optic,No,No,No,No,3649.6,No
7450-NWRTR,Male,1,No,No,12,Yes,Fiber optic,No,No,Yes,No,1200.15,Yes
8124-NZVGJ,Female,0,No,No,6,No,DSL,No,No,No,Yes,255.6,No
2162-FRZAA,Male,0,Yes,Yes,63,No,DSL,No,Yes,Yes,Yes,2395.05,No
5376-DEQCP,Female,0,No,No,1,Yes,Fiber optic,No,No,No,No,70.6,Yes
5118-MUEYH,Female,0,Yes,No,48,Yes,Fiber optic,No,Yes,No,Yes,5083.55,No
9095-HFAFX,Female,0,No,No,5,Yes,Fiber optic,No,No,No,No,389.6,Yes
5627-TVBPP,Female,0,No,Yes,35,Yes,No,No internet service,No internet service,No internet service,No internet service,644.5,No
2379-ENZGV,Male,0,No,No,6,Yes,Fiber optic,No,Yes,No,No,523.5,Yes
3936-QQFLL,Male,0,No,No,2,Yes,No,No internet service,No internet service,No internet service,No internet service,39.3,No
2589-AYCRP,Female,0,No,No,50,Yes,No,No internet service,No internet service,No internet service,No internet service,989.05,No
4067-HLYQI,Female,0,No,No,33,Yes,Fiber optic,No,No,No,No,2406.1,No
5124-EOGYE,Male,0,No,No,31,Yes,No,No internet service,No internet service,No internet service,No internet service,638.55,No
5057-RKGLH,Female,0,Yes,Yes,9,Yes,No,No internet service,No internet service,No internet service,No internet service,191.1,No
0292-WEGCH,Female,0,Yes,Yes,54,Yes,DSL,No,Yes,Yes,Yes,4524.05,No
8910-ICHIU,Female,0,No,No,46,Yes,Fiber optic,Yes,Yes,Yes,No,4664.2,No
4097-YODCF,Male,0,No,Yes,34,Yes,Fiber optic,Yes,Yes,No,No,3470.8,No
9715-WZCLW,Male,0,Yes,Yes,71,Yes,Fiber optic,Yes,No,No,No,6910.3,No
9786-YWNHU,Female,0,Yes,Yes,63,Yes,DSL,Yes,Yes,Yes,Yes,4014.2,No
6407-GSJNL,Female,0,No,No,51,Yes,No,No internet service,No internet service,No internet service,No internet service,1288,No
6005-OBZPH,Female,1,No,No,26,Yes,Fiber optic,No,Yes,No,No,2277.65,Yes
4049-ZPALD,Female,0,Yes,No,64,Yes,Fiber optic,Yes,No,Yes,No,6375.8,No
7932-WPTDS,Female,1,Yes,No,1,No,DSL,No,No,No,No,24.8,Yes
3733-UOCWF,Male,1,Yes,No,61,Yes,Fiber optic,No,Yes,No,Yes,5251.75,No
6833-JMZYP,Female,0,No,No,15,Yes,Fiber optic,No,No,Yes,No,1505.45,No
2722-VOJQL,Male,0,No,No,64,Yes,Fiber optic,No,Yes,No,Yes,6903.1,Yes
1310-QRITU,Female,0,No,No,18,Yes,DSL,No,No,No,No,913.3,No
8961-QDZZJ,Female,0,Yes,Yes,57,Yes,Fiber optic,No,Yes,No,No,5535.8,No
9715-SBVSU,Male,0,Yes,Yes,14,Yes,DSL,Yes,Yes,No,No,815.55,No
8490-BXHEO,Male,1,No,No,18,Yes,Fiber optic,No,Yes,No,No,1411.65,No
7173-TETGO,Female,1,Yes,No,72,Yes,Fiber optic,Yes,No,No,No,5602.25,No
7929-SKFGK,Male,0,Yes,No,70,Yes,Fiber optic,Yes,Yes,Yes,Yes,8244.3,No
2300-RQGOI,Female,0,No,No,38,Yes,No,No internet service,No internet service,No internet service,No internet service,741.5,No
3563-SVYLG,Male,0,Yes,Yes,68,Yes,DSL,Yes,Yes,Yes,Yes,4375.8,No
5228-EXCET,Male,0,No,No,13,Yes,Fiber optic,No,No,No,No,1008.7,Yes
6435-VWCCY,Male,1,Yes,No,65,Yes,Fiber optic,Yes,Yes,No,No,5968.4,No
4998-IKFSE,Female,0,No,No,30,Yes,Fiber optic,No,No,Yes,No,3096.9,No
8630-QSGXK,Male,0,Yes,No,51,Yes,DSL,No,No,No,Yes,3901.25,No
2455-USLMV,Female,0,No,No,31,Yes,Fiber optic,Yes,No,Yes,No,2613.4,No
7394-FKDNK,Female,0,Yes,No,9,Yes,Fiber optic,No,No,No,No,853.1,Yes
9488-FVZCC,Female,0,Yes,Yes,72,Yes,DSL,Yes,Yes,Yes,Yes,5661.7,No
6331-LWDTQ,Male,0,No,No,10,Yes,DSL,No,No,No,No,794.25,Yes
5995-WWKKG,Female,0,No,No,37,Yes,No,No internet service,No internet service,No internet service,No internet service,695.05,No
1597-FZREH,Female,0,No,No,2,Yes,DSL,No,No,Yes,Yes,160.8,Yes
7879-CGSFV,Male,0,No,No,55,Yes,Fiber optic,Yes,Yes,No,No,5552.05,No
9921-EZKBY,Male,0,No,Yes,33,Yes,Fiber optic,Yes,No,Yes,No,3275.15,No
7432-FFVAR,Female,0,Yes,Yes,46,Yes,Fiber optic,No,No,Yes,Yes,4236.6,No
7246-ZGQDF,Female,0,No,Yes,1,Yes,DSL,Yes,No,No,Yes,54.5,No
7000-WCEVQ,Female,1,No,No,20,Yes,DSL,No,No,No,No,1174.35,Yes
0727-IWKVK,Male,0,Yes,No,9,Yes,Fiber optic,No,Yes,Yes,No,741.7,Yes
5959-BELXA,Male,1,No,No,32,Yes,Fiber optic,No,No,No,No,3019.25,Yes
4456-RHSNB,Female,0,Yes,Yes,19,Yes,DSL,No,No,Yes,No,962.9,No
3512-IZIKN,Female,0,Yes,No,70,Yes,DSL,Yes,No,Yes,Yes,4759.75,Yes
2481-SBOYW,Female,0,No,Yes,61,Yes,No,No internet service,No internet service,No internet service,No internet service,1498.35,No
7109-MFBYV,Male,0,No,No,26,Yes,DSL,No,No,No,No,1233.15,No
1833-TCXKK,Male,0,Yes,No,45,Yes,Fiber optic,No,Yes,Yes,No,4882.8,No
1832-PEUTS,Male,0,Yes,Yes,62,Yes,Fiber optic,No,No,Yes,No,5411.65,No
6141-OOXUQ,Male,0,No,No,1,Yes,No,No internet service,No internet service,No internet service,No internet service,19.65,Yes
8660-BUETV,Female,0,No,No,3,Yes,DSL,No,No,No,No,148.05,No
0580-PIQHM,Female,0,Yes,Yes,41,Yes,Fiber optic,Yes,Yes,Yes,No,3930.55,No
5696-CEIQJ,Male,0,Yes,Yes,67,Yes,Fiber optic,No,Yes,Yes,Yes,6895.5,No
7503-ZGUZJ,Male,0,No,No,1,Yes,Fiber optic,No,No,No,No,84.65,Yes
1696-HXOWK,Female,0,Yes,No,71,Yes,Fiber optic,Yes,Yes,No,No,6856.95,No
3026-ATZYV,Female,0,Yes,Yes,37,Yes,DSL,Yes,Yes,No,No,2658.8,No
4012-YCFAI,Male,0,Yes,No,60,Yes,DSL,Yes,Yes,No,Yes,3766.2,No
2506-TNFCO,Female,1,Yes,No,1,Yes,Fiber optic,No,No,No,No,69.55,Yes
9970-QBCDA,Female,0,No,No,6,Yes,No,No internet service,No internet service,No internet service,No internet service,129.55,No
8718-PTMEZ,Female,0,No,No,13,No,DSL,No,Yes,No,No,347.25,Yes
9496-IVVRP,Female,0,Yes,Yes,11,Yes,DSL,Yes,No,No,No,581.7,No
2207-OBZNX,Male,0,No,No,7,Yes,DSL,Yes,No,No,No,354.05,Yes
2657-VPXTA,Female,0,Yes,Yes,10,Yes,Fiber optic,No,No,No,No,929.45,No
6551-VLJMV,Male,0,Yes,No,34,Yes,No,No internet service,No internet service,No internet service,No internet service,679,No
1221-GHZEP,Female,0,No,No,62,Yes,DSL,Yes,No,No,Yes,3846.75,No
9289-LBQVU,Male,0,Yes,No,64,Yes,DSL,No,Yes,No,Yes,4480.7,No
6142-VSJQO,Female,0,Yes,Yes,1,Yes,DSL,No,No,No,No,44.35,Yes
3458-IDMFK,Male,0,No,No,25,Yes,No,No internet service,No internet service,No internet service,No internet service,499.4,No
6933-FHBZC,Female,0,No,No,26,Yes,DSL,No,Yes,Yes,No,1553.2,No
0221-NAUXK,Male,0,No,Yes,10,Yes,No,No internet service,No internet service,No internet service,No internet service,219.5,No
9770-KXGQU,Female,0,No,No,53,Yes,Fiber optic,Yes,Yes,Yes,No,5311.85,No
6437-UKHMV,Female,0,No,No,7,Yes,Fiber optic,No,No,No,No,586.05,Yes
6538-POCHL,Male,0,No,No,33,Yes,Fiber optic,No,Yes,Yes,No,2576.8,No
6726-NNFWD,Female,1,Yes,No,71,Yes,Fiber optic,No,Yes,Yes,No,6435.25,No
3002-WQZWT,Female,0,No,No,29,Yes,Fiber optic,No,No,No,No,1993.25,No
4277-UDIEF,Male,0,Yes,Yes,24,Yes,DSL,Yes,No,No,Yes,1923.85,No
1208-NBVFH,Male,0,Yes,Yes,20,Yes,DSL,No,No,Yes,No,939.8,No
4912-PIGUY,Female,0,No,No,1,Yes,Fiber optic,No,No,No,No,84.6,No
1114-CENIM,Male,0,No,Yes,54,Yes,DSL,No,Yes,No,No,3092.65,Yes
6060-DRTNL,Female,1,No,No,5,Yes,Fiber optic,No,No,Yes,No,415.55,Yes
2725-TTRIQ,Female,0,Yes,Yes,72,Yes,DSL,Yes,No,Yes,Yes,5986.55,No
3374-TTZTK,Male,0,Yes,No,52,Yes,Fiber optic,Yes,Yes,Yes,Yes,5487,No
8990-ZXLSU,Female,0,No,No,9,Yes,Fiber optic,No,No,No,No,651.5,No
2275-RBYQS,Female,0,No,No,1,Yes,DSL,No,No,No,No,45.4,No
8473-VUVJN,Male,1,No,No,1,Yes,Fiber optic,No,No,No,No,73.65,Yes
6289-CPNLD,Male,0,Yes,Yes,33,Yes,DSL,No,No,Yes,Yes,2405.05,Yes
5536-SLHPM,Female,0,Yes,No,55,Yes,Fiber optic,No,No,Yes,No,4458.15,Yes
4419-UJMUS,Male,0,Yes,Yes,69,Yes,Fiber optic,No,No,No,Yes,6856.45,No
7794-JASDG,Male,0,No,No,1,Yes,DSL,Yes,No,No,No,50.75,No
7609-YBPXG,Male,0,No,No,54,Yes,DSL,Yes,No,Yes,Yes,4735.2,No
5519-TEEUH,Male,0,No,Yes,33,Yes,No,No internet service,No internet service,No internet service,No internet service,682.15,No
7856-GANIL,Male,1,Yes,No,45,Yes,Fiber optic,No,Yes,Yes,Yes,4525.8,No
0804-XBFBV,Female,0,No,Yes,11,No,DSL,No,No,No,No,321.05,No
2676-OXPPQ,Male,0,No,No,6,Yes,DSL,Yes,Yes,No,No,335.65,No
3703-TTEPD,Male,0,No,No,21,Yes,DSL,Yes,No,Yes,No,1424.4,No
2799-TSLAG,Female,0,Yes,Yes,65,Yes,No,No internet service,No internet service,No internet service,No internet service,1748.55,No
0196-VULGZ,Female,1,Yes,No,6,Yes,Fiber optic,No,No,No,No,474.9,Yes
8837-VVWLQ,Female,0,No,No,8,Yes,Fiber optic,Yes,No,No,No,668.4,Yes
2696-NARTR,Male,0,No,No,11,Yes,Fiber optic,No,No,No,Yes,926.25,Yes
2208-NKVVH,Male,0,Yes,Yes,43,Yes,No,No internet service,No internet service,No internet service,No internet service,1077.95,No
7614-QVWQL,Male,0,Yes,Yes,49,No,DSL,No,Yes,No,No,2541.25,Yes
1976-CFOCS,Female,1,Yes,No,1,Yes,DSL,No,No,No,No,46,Yes
4631-OACRM,Male,1,No,No,15,Yes,Fiber optic,No,No,No,No,1156.1,Yes
7139-JZFVG,Male,0,Yes,Yes,60,Yes,DSL,Yes,Yes,Yes,No,3694.45,No
4987-GQWPO,Male,0,No,No,17,No,DSL,No,No,No,No,382.8,No
3755-JBMNH,Male,1,Yes,No,16,Yes,Fiber optic,No,No,No,No,1167.8,Yes
1757-TCATG,Male,0,Yes,Yes,35,Yes,No,No internet service,No internet service,No internet service,No internet service,746.75,No
6345-ULYRW,Male,1,Yes,No,44,Yes,Fiber optic,No,Yes,No,No,3912.9,Yes
4776-XSKYQ,Female,0,Yes,Yes,12,No,DSL,No,No,No,Yes,368.85,No
8048-DSDFQ,Male,0,No,No,1,Yes,No,No internet service,No internet service,No internet service,No internet service,20.2,No
5753-QQWPW,Female,0,No,No,28,Yes,DSL,Yes,Yes,No,Yes,1654.7,No
6010-DDPPW,Male,0,Yes,No,70,Yes,No,No internet service,No internet service,No internet service,No internet service,1940.85,No
1809-DMJHQ,Female,0,No,Yes,5,Yes,DSL,No,No,No,No,221.7,Yes
6693-FRIRW,Male,0,No,No,18,Yes,Fiber optic,No,Yes,Yes,No,1794.65,No
6586-MYGKD,Male,0,Yes,No,70,Yes,DSL,Yes,No,No,Yes,5289.8,No
3173-NVMPX,Female,0,Yes,Yes,9,Yes,DSL,No,Yes,No,No,501.2,No
0248-PGHBZ,Female,1,No,No,67,Yes,Fiber optic,Yes,Yes,No,Yes,6140.85,No
0623-GDISB,Female,0,No,No,1,Yes,DSL,Yes,No,No,No,48.45,No
2892-GESUL,Female,0,Yes,Yes,18,Yes,No,No internet service,No internet service,No internet service,No internet service,309.25,No
6923-EFPNL,Male,0,No,No,4,Yes,DSL,No,No,No,No,201.1,Yes
7472-EQOAV,Male,1,Yes,Yes,71,Yes,Fiber optic,Yes,Yes,Yes,No,6179.35,No
9574-RKJIF,Male,0,Yes,Yes,30,Yes,Fiber optic,Yes,Yes,No,No,2838.7,Yes
2043-WVTQJ,Male,0,Yes,No,1,Yes,DSL,Yes,No,Yes,No,55.7,No
8034-RYTVV,Female,0,No,No,55,Yes,Fiber optic,Yes,No,Yes,No,4589.85,No
3863-QSTYI,Male,0,No,No,59,Yes,DSL,No,No,Yes,Yes,3735.45,No
2619-WFQWU,Female,0,No,No,1,Yes,Fiber optic,No,No,No,No,70.15,Yes
5044-LRQAQ,Female,0,Yes,No,7,Yes,Fiber optic,No,No,No,No,477.55,No
1716-LSAMB,Male,0,Yes,Yes,45,Yes,DSL,Yes,No,No,Yes,2553.7,No
1333-PBMXB,Female,0,Yes,Yes,54,Yes,No,No internet service,No internet service,No internet service,No internet service,1342.15,No
6546-OPBBH,Male,0,Yes,Yes,51,Yes,No,No internet service,No internet service,No internet service,No internet service,1216.35,No
5985-BEHZK,Female,1,Yes,No,72,Yes,Fiber optic,No,Yes,Yes,No,7578.05,No
9127-QRZMH,Male,0,Yes,No,44,Yes,DSL,Yes,Yes,No,Yes,2603.95,No
5919-VCZYM,Male,0,No,No,2,Yes,No,No internet service,No internet service,No internet service,No internet service,42.7,No
9644-KVCNC,Female,0,No,No,66,Yes,Fiber optic,No,No,Yes,No,6056.9,No
2137-DQMEV,Male,0,Yes,Yes,68,No,DSL,Yes,Yes,No,No,2983.65,No
8174-LNWMW,Female,0,No,No,31,Yes,No,No internet service,No internet service,No internet service,No internet service,689.35,No
9279-CJEOJ,Female,1,No,No,21,Yes,Fiber optic,No,No,No,No,2025.1,No
7964-VEXDG,Male,0,No,Yes,21,Yes,Fiber optic,Yes,No,No,No,1747.2,No
2404-JIBFC,Female,0,Yes,Yes,55,Yes,DSL,Yes,No,Yes,Yes,4657.95,No
0778-NELLA,Male,0,No,No,9,No,DSL,No,No,No,No,296.1,Yes
8029-XYPWT,Male,1,Yes,No,71,Yes,Fiber optic,Yes,Yes,Yes,Yes,8016.6,No
4614-NUVZD,Female,0,No,No,1,Yes,Fiber optic,No,No,No,No,81.1,Yes
4632-PAOYU,Male,0,Yes,Yes,22,Yes,No,No internet service,No internet service,No internet service,No internet service,433.5,No
3803-KMQFW,Female,0,Yes,Yes,1,Yes,No,No internet service,No internet service,No internet service,No internet service,20.55,Yes
6804-GDMOI,Female,0,No,No,61,Yes,Fiber optic,No,No,Yes,Yes,6428.4,Yes
2990-OGYTD,Female,0,Yes,No,67,Yes,DSL,No,Yes,Yes,Yes,5883.85,No
6646-JPPHA,Female,1,No,No,14,Yes,Fiber optic,Yes,Yes,No,No,1043.8,No
9572-MTILT,Male,0,Yes,No,59,Yes,Fiber optic,Yes,Yes,Yes,Yes,6252.9,Yes
7658-UYUQS,Male,1,Yes,No,21,Yes,Fiber optic,No,No,Yes,No,1857.25,No
7880-XSOJX,Male,0,No,No,4,No,DSL,Yes,Yes,No,Yes,146.4,No
9611-CTWIH,Female,0,No,No,3,Yes,Fiber optic,No,No,No,No,240.45,Yes
4589-IUAJB,Male,0,Yes,No,70,Yes,No,No internet service,No internet service,No internet service,No internet service,1724.15,No
0329-GTIAJ,Female,0,No,No,3,Yes,Fiber optic,No,Yes,No,Yes,315.3,Yes
8746-BFOAJ,Male,1,No,No,21,Yes,No,No internet service,No internet service,No internet service,No internet service,429.55,No
8457-XIGKN,Male,0,No,No,20,Yes,No,No internet service,No internet service,No internet service,No internet service,356.15,No
6072-NUQCB,Male,0,Yes,Yes,22,Yes,No,No internet service,No internet service,No internet service,No internet service,488.25,No
6629-CZTTH,Male,0,No,No,1,Yes,DSL,No,No,No,No,55.7,Yes
8838-GPHZP,Female,0,No,No,63,Yes,No,No internet service,No internet service,No internet service,No internet service,1298.7,No
8750-QWZAJ,Female,0,Yes,Yes,70,Yes,No,No internet service,No internet service,No internet service,No internet service,1378.75,No
5364-EVNIB,Male,0,No,No,13,Yes,Fiber optic,No,Yes,Yes,No,973.45,Yes
6918-UMQCG,Female,0,No,No,5,Yes,Fiber optic,No,No,No,No,384.25,No
0675-NCDYU,Female,0,Yes,Yes,72,Yes,Fiber optic,Yes,Yes,Yes,Yes,8543.25,No
6339-DKLMK,Female,0,No,No,13,No,DSL,No,Yes,No,No,389.95,No
1346-PJWTK,Male,0,Yes,No,61,Yes,Fiber optic,No,Yes,Yes,Yes,5731.85,No
5088-QZLRL,Male,0,No,No,1,Yes,No,No internet service,No internet service,No internet service,No internet service,20.65,No
8023-QHAIO,Female,1,Yes,No,56,Yes,Fiber optic,No,No,No,Yes,4275.75,No
4397-FRLTA,Female,0,No,No,4,Yes,No,No internet service,No internet service,No internet service,No internet service,84.5,No
3057-VJJQE,Male,0,No,No,35,Yes,DSL,Yes,No,No,No,1924.1,No
5087-SUURX,Female,0,Yes,No,18,No,DSL,No,No,Yes,No,669.85,Yes
2302-OUZXB,Male,0,Yes,No,72,Yes,DSL,No,Yes,Yes,No,5784.3,No
8133-ANHHJ,Female,1,No,No,49,Yes,Fiber optic,Yes,Yes,Yes,Yes,5166.2,No
2270-CHBFN,Female,0,Yes,No,44,Yes,Fiber optic,Yes,Yes,Yes,Yes,4060.55,No
0013-EXCHZ,Female,1,Yes,No,3,Yes,Fiber optic,No,No,No,Yes,267.4,Yes
5982-FPVQN,Female,0,Yes,Yes,37,Yes,Fiber optic,No,Yes,Yes,No,3532.85,No
9107-UKCKY,Male,0,Yes,No,61,Yes,DSL,No,Yes,Yes,No,4914.8,No
4654-ULTTN,Male,0,Yes,No,70,Yes,DSL,Yes,No,Yes,Yes,5315.8,No
5550-VFRLC,Female,1,No,No,1,Yes,Fiber optic,No,No,No,No,69.85,Yes
5546-BYZSM,Female,0,No,No,41,Yes,No,No internet service,No internet service,No internet service,No internet service,775.6,No
1492-KGETH,Male,0,Yes,Yes,70,Yes,DSL,Yes,Yes,Yes,Yes,5445.95,No
4929-BSTRX,Female,0,No,No,1,Yes,DSL,No,No,No,No,53.55,Yes
4163-HFTUK,Male,0,No,No,51,Yes,No,No internet service,No internet service,No internet service,No internet service,1007.8,No
8215-NGSPE,Female,0,Yes,Yes,42,Yes,No,No internet service,No internet service,No internet service,No internet service,833.55,No
2225-ZRGSG,Female,0,Yes,Yes,70,Yes,Fiber optic,Yes,Yes,Yes,Yes,6579.05,Yes
8859-YSTWS,Male,0,No,No,48,Yes,No,No internet service,No internet service,No internet service,No internet service,1004.5,No
5271-YNWVR,Male,0,Yes,Yes,68,Yes,Fiber optic,Yes,Yes,Yes,Yes,7856,Yes
7601-DHFWZ,Female,0,No,No,48,Yes,No,No internet service,No internet service,No internet service,No internet service,1183.05,No
2657-ALMWY,Female,1,Yes,No,26,Yes,Fiber optic,No,Yes,No,No,2169.75,Yes
6330-JKLPC,Male,0,Yes,No,11,Yes,Fiber optic,No,Yes,No,No,896.9,Yes
4667-OHGKG,Male,0,No,No,1,Yes,No,No internet service,No internet service,No internet service,No internet service,19.3,Yes
1998-VHJHK,Female,0,No,No,27,Yes,No,No internet service,No internet service,No internet service,No internet service,501.35,No
1707-HABPF,Female,1,No,No,46,Yes,Fiber optic,No,Yes,Yes,No,4126.35,No
1660-HSOOQ,Male,0,No,No,1,Yes,DSL,No,No,Yes,No,49.65,Yes
7253-UVNDW,Female,0,No,No,46,Yes,DSL,No,No,Yes,Yes,2460.15,Yes
0487-VVUVK,Male,0,Yes,Yes,25,Yes,No,No internet service,No internet service,No internet service,No internet service,477.6,No
7228-OMTPN,Male,0,No,No,4,Yes,Fiber optic,No,No,No,No,370.65,Yes
5063-IUOKK,Male,0,No,No,13,Yes,No,No internet service,No internet service,No internet service,No internet service,265.75,No
4508-OEBEY,Male,0,Yes,No,31,Yes,DSL,Yes,Yes,Yes,Yes,2424.45,No
0027-KWYKW,Female,0,Yes,Yes,23,Yes,Fiber optic,No,No,No,No,1849.95,No
2308-STERM,Female,0,No,No,2,Yes,No,No internet service,No internet service,No internet service,No internet service,61.05,No
5982-XMDEX,Female,0,No,No,65,Yes,No,No internet service,No internet service,No internet service,No internet service,1698.55,No
6284-AHOOQ,Male,1,No,No,22,Yes,Fiber optic,No,No,No,Yes,1910.6,Yes
6051-PTVNS,Female,0,Yes,Yes,55,Yes,No,No internet service,No internet service,No internet service,No internet service,998.1,No
2344-JMOGN,Male,0,Yes,No,9,Yes,Fiber optic,No,Yes,Yes,Yes,890.6,Yes
3799-ISUZQ,Male,0,Yes,Yes,7,Yes,Fiber optic,No,No,No,No,529.5,Yes
2877-VDUER,Female,0,Yes,Yes,35,No,DSL,No,No,No,Yes,1383.6,No
9152-AMKAK,Male,0,No,No,6,Yes,DSL,Yes,No,Yes,Yes,493.4,No
1794-HBQTJ,Female,0,No,No,1,Yes,DSL,Yes,No,No,No,48.6,Yes
9432-VOFYX,Male,0,No,No,17,Yes,Fiber optic,No,No,No,No,1207,No
8049-WJCLQ,Male,0,Yes,Yes,10,Yes,DSL,No,No,Yes,No,563.5,No
6586-PSJOX,Male,0,No,Yes,15,Yes,DSL,No,No,Yes,Yes,864.55,No
2460-FPSYH,Female,1,No,No,40,No,DSL,Yes,Yes,No,No,2109.35,Yes
9705-ZJBCG,Female,0,Yes,Yes,13,Yes,DSL,Yes,No,No,Yes,701.05,No
4818-DRBQT,Male,0,Yes,No,29,Yes,Fiber optic,No,Yes,No,No,2265.25,Yes
1320-HTRDR,Female,0,No,No,3,Yes,Fiber optic,No,No,No,No,220.6,Yes
6847-KJLTS,Female,1,Yes,No,58,Yes,Fiber optic,No,No,No,Yes,5749.8,No
9670-BPNXF,Female,0,No,No,45,Yes,DSL,Yes,Yes,No,Yes,2796.45,No
3913-FCUUW,Female,0,Yes,Yes,72,Yes,DSL,Yes,Yes,Yes,Yes,5165.7,No
3301-VKTGC,Male,0,Yes,Yes,68,Yes,Fiber optic,Yes,Yes,No,No,5696.6,No
1493-AMTIE,Male,0,No,No,1,Yes,No,No internet service,No internet service,No internet service,No internet service,20.2,Yes
9555-SAHUZ,Female,0,Yes,Yes,38,Yes,DSL,Yes,Yes,No,No,2076.05,No
0816-TSPHQ,Male,0,No,No,2,Yes,No,No internet service,No internet service,No internet service,No internet service,44.2,No
9932-WBWIK,Male,0,No,No,11,Yes,No,No internet service,No internet service,No internet service,No internet service,215.25,No
4619-EVPHY,Female,1,Yes,No,20,Yes,Fiber optic,No,No,No,No,1859.5,No
5286-YHCVC,Male,0,Yes,No,72,Yes,Fiber optic,No,Yes,Yes,No,7470.1,No
6424-ELEYH,Female,0,Yes,No,3,Yes,Fiber optic,No,No,No,No,229.5,Yes
4391-RESHN,Male,0,No,No,23,Yes,Fiber optic,No,No,Yes,Yes,2470.1,Yes
9115-YQHGA,Male,0,No,No,40,Yes,DSL,No,No,No,Yes,2092.9,No
4462-CYWMH,Male,1,Yes,No,62,Yes,Fiber optic,No,Yes,No,No,5629.55,No
8963-MQVYN,Female,0,No,Yes,22,Yes,No,No internet service,No internet service,No internet service,No internet service,469.85,No
2458-EOMRE,Female,0,No,No,11,Yes,DSL,Yes,No,Yes,No,733.95,No
9334-GWGOW,Male,1,Yes,No,7,Yes,Fiber optic,No,No,No,No,485.25,No
6821-BUXUX,Female,0,No,No,13,Yes,Fiber optic,Yes,Yes,No,No,1244.5,Yes
5028-HTLJB,Male,1,No,No,1,Yes,No,No internet service,No internet service,No internet service,No internet service,20.05,Yes
9801-GDWGV,Female,0,No,No,39,Yes,Fiber optic,No,Yes,Yes,No,3994.45,Yes
6542-LWGXJ,Male,0,Yes,No,3,No,DSL,No,No,No,No,78.25,No
5567-GZKQY,Male,0,No,No,58,Yes,No,No internet service,No internet service,No internet service,No internet service,1131.5,No
1222-LRYKO,Male,0,No,Yes,6,Yes,No,No internet service,No internet service,No internet service,No internet service,184.05,No
2320-JRSDE,Female,0,Yes,Yes,1,Yes,No,No internet service,No internet service,No internet service,No internet service,19.9,Yes
2087-QAREY,Female,0,Yes,No,22,Yes,DSL,No,Yes,Yes,No,1178.75,No
0601-WZHJF,Male,0,Yes,No,14,No,DSL,No,No,No,No,667.7,Yes
4423-JWZJN,Male,0,Yes,Yes,64,Yes,Fiber optic,No,No,Yes,No,5629.15,No
5143-WMWOG,Male,0,No,No,1,Yes,No,No internet service,No internet service,No internet service,No internet service,19.95,Yes
6490-FGZAT,Male,0,No,No,6,Yes,No,No internet service,No internet service,No internet service,No internet service,109.3,No
5393-RXQSZ,Male,0,No,No,1,Yes,Fiber optic,No,No,No,No,79.6,Yes
7452-FOLON,Male,0,No,Yes,39,Yes,No,No internet service,No internet service,No internet service,No internet service,958.45,No
2320-TZRRH,Female,0,No,No,20,Yes,No,No internet service,No internet service,No internet service,No internet service,403.15,No
0231-LXVAP,Male,0,No,No,1,Yes,Fiber optic,No,No,No,Yes,75.9,Yes
9444-JTXHZ,Male,0,Yes,No,1,Yes,Fiber optic,No,No,Yes,No,76.2,Yes
4942-VZZOM,Male,0,Yes,No,64,Yes,DSL,Yes,No,No,No,4392.5,No
5510-BOIUJ,Male,0,No,Yes,1,Yes,No,No internet service,No internet service,No internet service,No internet service,19.25,Yes
7502-BNYGS,Female,0,Yes,No,46,Yes,DSL,No,Yes,No,No,3168,No
4291-HYEBC,Female,1,Yes,Yes,28,No,DSL,No,Yes,No,No,1096.6,No
6147-CBCRA,Female,0,Yes,No,33,Yes,No,No internet service,No internet service,No internet service,No internet service,669.45,No
6047-SUHPR,Male,0,Yes,Yes,39,Yes,DSL,Yes,Yes,Yes,No,2343.85,No
4471-KXAUH,Female,0,Yes,No,42,Yes,Fiber optic,No,No,Yes,Yes,3588.4,Yes
9752-ZNQUT,Female,0,No,No,1,Yes,DSL,No,Yes,No,No,48.6,No
7638-QVMVY,Female,0,No,No,7,Yes,Fiber optic,No,No,No,No,522.95,Yes
1576-PFZIW,Male,1,Yes,No,70,Yes,Fiber optic,Yes,Yes,Yes,No,7511.9,No
5666-MBJPT,Male,0,No,No,65,Yes,No,No internet service,No internet service,No internet service,No internet service,1725,No
7312-XSBAT,Male,0,No,No,1,Yes,DSL,Yes,No,No,No,49.75,No
3096-GKWEB,Male,0,Yes,No,18,Yes,Fiber optic,No,No,No,No,1691.9,No
2371-JQHZZ,Male,0,Yes,No,24,Yes,Fiber optic,No,No,No,No,2248.05,No
0674-GCDXG,Male,0,No,No,63,Yes,DSL,Yes,No,Yes,Yes,4479.2,No
1121-QSIVB,Female,0,No,Yes,44,Yes,DSL,No,Yes,No,No,3471.1,No
4396-KLSEH,Male,0,No,No,4,Yes,No,No internet service,No internet service,No internet service,No internet service,63,No
3244-DCJWY,Female,0,No,No,1,Yes,Fiber optic,No,No,No,No,70.25,Yes
2824-MYYBN,Female,0,Yes,Yes,37,Yes,Fiber optic,No,No,No,No,3314.15,No
0875-CABNR,Female,1,No,No,10,Yes,Fiber optic,No,No,Yes,No,865.55,Yes
6345-HOVES,Male,0,No,No,34,No,DSL,No,No,No,No,852.7,No
8318-LCNBW,Male,0,Yes,No,35,No,DSL,Yes,No,Yes,No,1930.9,No
6469-QJKZW,Female,0,Yes,No,4,Yes,No,No internet service,No internet service,No internet service,No internet service,91.4,No
0147-ESWWR,Female,1,Yes,No,39,Yes,Fiber optic,No,No,No,Yes,3949.15,No
1217-VASWC,Male,1,Yes,No,43,Yes,Fiber optic,No,Yes,Yes,No,4304,No
7812-FZHPE,Female,0,Yes,Yes,17,Yes,No,No internet service,No internet service,No internet service,No internet service,409.9,Yes
6370-ZVHDV,Female,0,Yes,No,61,Yes,No,No internet service,No internet service,No internet service,No internet service,1554.9,No
5915-DGNVC,Female,0,Yes,No,49,Yes,DSL,Yes,Yes,Yes,No,3472.05,No
6260-XLACS,Male,0,No,No,4,Yes,No,No internet service,No internet service,No internet service,No internet service,117.8,No
3566-CAAYU,Female,0,Yes,Yes,64,No,DSL,No,Yes,Yes,Yes,3210.35,No
4983-CCWMC,Male,0,No,No,3,Yes,Fiber optic,No,No,No,No,207.4,No
9103-CXVOK,Male,0,Yes,Yes,1,Yes,No,No internet service,No internet service,No internet service,No internet service,19.75,No
2896-TBNBE,Male,0,Yes,No,40,Yes,Fiber optic,No,Yes,Yes,No,3132.75,No
4797-AXPXK,Female,0,No,Yes,1,Yes,DSL,Yes,Yes,No,Yes,60,Yes
5229-PRWKT,Male,0,No,No,8,Yes,Fiber optic,No,No,No,No,649.65,Yes
6982-UQZLY,Female,1,Yes,No,1,Yes,No,No internet service,No internet service,No internet service,No internet service,20.85,Yes
2522-WLNSF,Female,1,Yes,No,34,Yes,DSL,No,No,Yes,Yes,2106.3,No
3841-CONLJ,Female,0,Yes,No,1,No,DSL,No,No,No,No,35,No
5057-LCOUI,Female,0,No,No,39,No,DSL,No,No,Yes,No,2011.4,Yes
0193-ESZXP,Female,1,Yes,No,58,Yes,Fiber optic,Yes,Yes,No,Yes,6205.5,Yes
4475-NVTLU,Male,0,Yes,Yes,45,Yes,No,No internet service,No internet service,No internet service,No internet service,903.7,No
4369-HTUIF,Male,1,No,No,6,Yes,Fiber optic,Yes,No,No,No,503.6,Yes
9386-LDCZR,Male,0,No,No,43,Yes,Fiber optic,Yes,Yes,Yes,Yes,3882.3,No
9585-KKMFD,Male,0,Yes,Yes,41,Yes,No,No internet service,No internet service,No internet service,No internet service,879.8,No
5399-ZIMKF,Male,0,No,No,5,Yes,Fiber optic,No,Yes,No,No,383.65,No
0336-KXKFK,Male,0,No,No,72,No,DSL,Yes,No,Yes,Yes,4390.25,No
5619-XZZKR,Male,0,No,No,4,Yes,No,No internet service,No internet service,No internet service,No internet service,68.2,No
3948-FVVRP,Male,0,Yes,Yes,9,Yes,DSL,No,Yes,No,Yes,452.8,No
5327-XOKKY,Male,1,Yes,No,72,Yes,DSL,No,No,Yes,No,5329,No
0983-TATYJ,Female,0,Yes,No,33,Yes,DSL,No,No,No,Yes,1758.9,No
1813-JYWTO,Female,0,Yes,No,72,Yes,Fiber optic,Yes,No,No,No,5737.6,No
0156-FVPTA,Male,0,Yes,No,22,Yes,DSL,Yes,No,No,Yes,1152.7,Yes
1984-FCOWB,Female,0,Yes,No,70,Yes,Fiber optic,No,Yes,Yes,Yes,7674.55,Yes
0654-HMSHN,Male,0,Yes,Yes,21,Yes,Fiber optic,No,Yes,Yes,No,2157.95,Yes
6719-OXYBR,Male,0,No,No,15,Yes,Fiber optic,No,No,Yes,No,1219.85,No
3312-ZWLGF,Male,1,Yes,No,29,Yes,Fiber optic,No,No,No,Yes,2414.55,No
6476-YHMGA,Female,0,Yes,Yes,15,Yes,DSL,No,Yes,Yes,Yes,1155.6,No
5287-QWLKY,Male,1,Yes,Yes,71,Yes,Fiber optic,Yes,Yes,No,No,7548.1,Yes
0795-XCCTE,Male,1,No,No,72,Yes,No,No internet service,No internet service,No internet service,No internet service,1809.35,No
0168-XZKBB,Female,0,Yes,No,19,Yes,Fiber optic,No,No,No,No,1564.4,No
3785-NRHYR,Male,0,No,No,1,Yes,No,No internet service,No internet service,No internet service,No internet service,19.65,No
5196-SGOAK,Female,0,No,No,1,Yes,Fiber optic,No,Yes,No,No,75.7,Yes
4537-DKTAL,Female,0,No,No,2,Yes,DSL,No,No,No,No,84.4,No
7072-MBHEV,Female,1,Yes,Yes,11,Yes,Fiber optic,No,No,Yes,No,864.85,No
5602-BVFMK,Female,0,No,No,12,Yes,No,No internet service,No internet service,No internet service,No internet service,228.75,No
6297-NOOPG,Female,0,Yes,No,70,Yes,Fiber optic,No,Yes,Yes,Yes,7752.05,No
1891-UAWWU,Female,1,Yes,No,20,Yes,Fiber optic,No,No,Yes,No,1951,Yes
8204-TIFGJ,Female,0,No,No,23,Yes,No,No internet service,No internet service,No internet service,No internet service,470.6,No
8050-DVOJX,Male,1,No,No,49,Yes,DSL,Yes,Yes,Yes,Yes,4060.9,No
6108-OQZDQ,Female,0,Yes,Yes,4,Yes,Fiber optic,No,Yes,No,No,384.5,Yes
0363-QJVFX,Male,0,No,No,32,Yes,Fiber optic,Yes,Yes,No,Yes,3432.9,Yes
8903-XEBGX,Male,0,No,Yes,2,Yes,DSL,No,No,No,No,108.65,No
8169-SAEJD,Male,1,Yes,No,69,No,DSL,Yes,Yes,No,No,3952.65,No
9840-DVNDC,Male,0,No,No,6,Yes,Fiber optic,No,No,No,No,463.05,Yes
1089-XZWHH,Female,0,Yes,Yes,24,Yes,No,No internet service,No internet service,No internet service,No internet service,494.05,No
2325-WINES,Female,0,No,No,32,Yes,Fiber optic,No,Yes,Yes,No,3416.85,No
6064-ZATLR,Female,0,No,No,27,Yes,DSL,Yes,Yes,No,No,1498.65,No
3096-JRDSO,Female,1,Yes,No,27,Yes,Fiber optic,Yes,No,No,Yes,2867.75,Yes
7824-PANSQ,Male,0,No,No,58,Yes,Fiber optic,No,No,No,Yes,4807.35,No
8042-JVNFH,Male,0,No,No,1,Yes,Fiber optic,No,No,No,No,71.35,Yes
9648-BCHKM,Female,0,Yes,Yes,18,Yes,No,No internet service,No internet service,No internet service,No internet service,471.35,No
2888-ADFAO,Female,0,Yes,Yes,47,Yes,No,No internet service,No internet service,No internet service,No internet service,1041.8,No
8707-HOEDG,Female,0,Yes,Yes,70,Yes,Fiber optic,No,Yes,Yes,Yes,7689.8,No
3374-LXDEV,Female,0,No,No,13,Yes,Fiber optic,No,Yes,Yes,Yes,1132.35,Yes
4072-IPYLT,Female,0,Yes,Yes,36,Yes,DSL,Yes,No,No,No,1815,No
7167-PCEYD,Male,0,No,No,67,Yes,No,No internet service,No internet service,No internet service,No internet service,1311.3,No
4936-YPJNK,Female,0,No,No,10,Yes,No,No internet service,No internet service,No internet service,No internet service,199.45,No
1580-BMCMR,Male,1,No,No,19,Yes,Fiber optic,Yes,No,No,No,1637.3,No
4817-KEQSP,Female,0,Yes,Yes,71,Yes,No,No internet service,No internet service,No internet service,No internet service,1326.35,No
6408-WHTEF,Male,0,Yes,Yes,72,Yes,DSL,Yes,Yes,Yes,Yes,6376.55,No
9251-AWQGT,Female,0,Yes,Yes,48,Yes,No,No internet service,No internet service,No internet service,No internet service,935.9,No
8749-CLJXC,Male,0,No,No,1,Yes,No,No internet service,No internet service,No internet service,No internet service,20.05,No
7989-VCQOH,Male,0,Yes,Yes,18,Yes,DSL,Yes,No,Yes,Yes,1611.15,No
5049-GLYVG,Male,0,No,No,1,Yes,No,No internet service,No internet service,No internet service,No internet service,20.6,Yes
4199-QHJNM,Male,1,Yes,No,67,Yes,Fiber optic,No,Yes,No,Yes,6989.7,No
8882-TLVRW,Male,0,Yes,Yes,69,No,DSL,Yes,No,Yes,Yes,2779.5,No
5883-GTGVD,Male,0,No,No,19,Yes,Fiber optic,No,Yes,No,No,1931.75,Yes
5135-GRQJV,Male,1,Yes,No,72,Yes,Fiber optic,Yes,Yes,Yes,Yes,8331.95,No
2384-OVPSA,Female,1,No,No,38,Yes,No,No internet service,No internet service,No internet service,No internet service,735.9,No
1371-WEPDS,Male,1,Yes,No,40,Yes,DSL,No,No,No,No,2283.3,No
3580-GICBM,Female,0,Yes,Yes,61,Yes,No,No internet service,No internet service,No internet service,No internet service,1445.2,No
4817-QRJSX,Female,0,No,No,10,Yes,Fiber optic,No,Yes,No,No,818.05,Yes
9730-DRTMJ,Male,0,Yes,No,32,Yes,DSL,Yes,No,No,Yes,2333.05,No
4686-UXDML,Female,0,No,No,21,Yes,Fiber optic,No,Yes,No,No,1992.55,No
3349-ANQNH,Female,1,No,No,59,Yes,Fiber optic,No,No,Yes,No,5890,No
2398-YPMUR,Female,1,Yes,No,13,Yes,Fiber optic,No,No,No,No,916.75,Yes
0932-YIXYU,Female,0,No,No,47,Yes,No,No internet service,No internet service,No internet service,No internet service,1029.8,No
7480-SPLEF,Male,0,Yes,Yes,69,Yes,No,No internet service,No internet service,No internet service,No internet service,1796.55,No
7636-XUHWW,Male,0,No,No,2,Yes,No,No internet service,No internet service,No internet service,No internet service,33.7,No
1431-CYWMH,Female,0,Yes,Yes,22,Yes,No,No internet service,No internet service,No internet service,No internet service,454.05,No
5937-EORGB,Male,1,Yes,No,15,Yes,Fiber optic,Yes,No,Yes,No,1392.25,No
6349-JDHQP,Female,0,No,No,53,Yes,No,No internet service,No internet service,No internet service,No internet service,1049.6,No
5539-HIVAK,Female,1,Yes,No,28,Yes,No,No internet service,No internet service,No internet service,No internet service,734.6,No
5847-MXBEO,Male,0,No,No,22,Yes,No,No internet service,No internet service,No internet service,No internet service,475.1,No
9985-MWVIX,Female,0,No,No,1,Yes,Fiber optic,No,No,No,No,70.15,Yes
4583-PARNH,Male,1,Yes,No,16,Yes,Fiber optic,No,No,Yes,Yes,1540.05,No
1116-FRYVH,Female,0,Yes,Yes,48,No,DSL,Yes,Yes,No,Yes,1978.65,No
1421-HCERK,Male,1,Yes,No,30,Yes,Fiber optic,Yes,Yes,Yes,Yes,3181.8,No
9633-XQABV,Female,0,No,No,3,Yes,Fiber optic,No,No,No,No,229.7,No
0716-BQNDX,Male,1,No,No,57,Yes,Fiber optic,Yes,No,No,Yes,5625.55,No
1265-XTECC,Female,1,Yes,No,68,Yes,Fiber optic,Yes,Yes,No,No,6581.9,Yes
1183-CANVH,Female,0,Yes,No,23,Yes,DSL,No,No,No,Yes,1347.15,No
1972-XMUWV,Female,0,Yes,No,65,Yes,DSL,No,No,No,Yes,3808.2,No
8679-LZBMD,Male,0,Yes,No,44,Yes,Fiber optic,No,No,No,No,3974.15,No
3407-JMJQQ,Female,0,Yes,Yes,71,Yes,Fiber optic,Yes,Yes,Yes,No,7661.8,No
6252-DFGTK,Female,0,Yes,No,37,Yes,DSL,Yes,No,Yes,Yes,2479.25,No
1539-LNKHM,Female,0,No,No,12,Yes,No,No internet service,No internet service,No internet service,No internet service,266.6,No
8645-KOMJQ,Male,0,Yes,Yes,69,Yes,DSL,No,Yes,Yes,Yes,5601.4,No
0289-IVARM,Female,0,No,No,35,Yes,DSL,Yes,Yes,Yes,No,1982.6,No
9761-XUJWD,Male,0,No,No,5,Yes,DSL,No,Yes,No,Yes,339.9,No
4057-FKCZK,Male,0,Yes,Yes,58,Yes,Fiber optic,No,No,No,No,4828.05,No
4291-TPNFG,Male,0,Yes,No,72,Yes,DSL,Yes,Yes,Yes,Yes,5980.55,No
6087-YPWHO,Male,0,Yes,No,72,Yes,DSL,Yes,Yes,Yes,Yes,4808.7,No
3090-QFUVD,Female,0,No,No,1,Yes,No,No internet service,No internet service,No internet service,No internet service,20.3,No
2237-ZFSMY,Female,0,No,No,39,Yes,Fiber optic,Yes,No,Yes,Yes,3692.85,Yes
1722-LDZJS,Male,0,Yes,Yes,53,Yes,No,No internet service,No internet service,No internet service,No internet service,1068.15,No
1818-ESQMW,Female,0,No,No,27,Yes,Fiber optic,No,No,Yes,Yes,2383.6,No
4871-JTKJF,Female,1,No,No,1,Yes,Fiber optic,No,No,No,No,69.65,Yes
1415-YFWLT,Female,1,No,No,1,Yes,Fiber optic,No,No,No,No,89.3,Yes
7401-RUBNK,Female,0,Yes,No,18,Yes,Fiber optic,Yes,No,No,No,1438.05,No
0506-YLVKJ,Male,0,Yes,Yes,46,Yes,No,No internet service,No internet service,No internet service,No internet service,917.45,No
8661-BOYNW,Female,0,Yes,No,72,Yes,DSL,Yes,No,Yes,Yes,6096.45,No
6711-VTNRE,Female,0,No,No,36,Yes,Fiber optic,No,No,Yes,Yes,3078.1,Yes
4815-GBTCD,Female,0,Yes,No,4,No,DSL,No,No,No,No,99.95,No
2805-AUFQN,Female,0,No,No,25,Yes,No,No internet service,No internet service,No internet service,No internet service,475.2,No
0980-PVMRC,Female,0,Yes,Yes,40,No,DSL,No,Yes,No,No,2036.55,No
7233-DRTRF,Male,0,Yes,No,63,Yes,Fiber optic,No,Yes,Yes,No,6444.05,No
3500-RMZLT,Female,1,No,No,15,Yes,Fiber optic,Yes,No,Yes,Yes,1426.75,Yes
3873-NFTGI,Male,0,No,No,14,Yes,DSL,No,Yes,No,No,767.55,No
1162-ECVII,Male,1,Yes,No,72,Yes,Fiber optic,No,Yes,Yes,Yes,7932.5,No
7048-GXDAY,Male,0,No,No,39,Yes,Fiber optic,Yes,Yes,No,No,4040.65,No
8571-ZCMCX,Female,0,Yes,Yes,47,No,DSL,Yes,Yes,Yes,No,2768.65,No
1169-WCVAK,Male,0,Yes,No,19,Yes,Fiber optic,Yes,Yes,No,Yes,1672.35,No
4548-SDBKE,Female,0,No,No,5,Yes,Fiber optic,No,No,No,No,474.8,Yes
8066-POXGX,Female,0,No,No,13,No,DSL,No,No,No,No,446.1,Yes
7129-CAKJW,Female,0,No,No,17,Yes,Fiber optic,No,No,Yes,No,1345.65,No
8695-ARGXZ,Male,1,Yes,No,34,Yes,Fiber optic,No,No,No,No,2425.4,No
3570-YUEKJ,Female,0,No,No,42,Yes,DSL,No,Yes,No,No,2077.95,No
4143-OOBWZ,Male,0,Yes,No,5,Yes,Fiber optic,No,Yes,No,No,416.3,Yes
1555-HAPSU,Female,0,Yes,Yes,71,Yes,No,No internet service,No internet service,No internet service,No internet service,1663.5,No
1697-NVVGY,Male,1,Yes,No,19,Yes,DSL,Yes,No,Yes,No,1286.05,No
7854-EKTJL,Female,0,No,Yes,2,Yes,No,No internet service,No internet service,No internet service,No internet service,35.85,Yes
8464-EETCQ,Male,0,No,No,57,Yes,No,No internet service,No internet service,No internet service,No internet service,1094.35,No
2419-FSORS,Male,0,Yes,No,72,Yes,Fiber optic,No,Yes,Yes,Yes,7719.5,No
8132-YPVBX,Female,0,No,No,6,Yes,Fiber optic,No,Yes,No,No,514.6,No
9102-IAYHT,Female,0,Yes,Yes,17,Yes,Fiber optic,No,No,No,No,1451.6,Yes
6754-LZUKA,Male,0,Yes,No,61,Yes,DSL,No,Yes,Yes,No,4932.5,No
3422-LYEPQ,Male,0,Yes,Yes,1,Yes,Fiber optic,No,No,No,No,71,Yes
8099-MZPUJ,Male,0,Yes,Yes,48,Yes,Fiber optic,Yes,Yes,Yes,Yes,5443.65,No
0787-LHDYT,Male,0,No,No,16,Yes,No,No internet service,No internet service,No internet service,No internet service,330.25,No
2642-DTVCO,Male,1,No,No,9,Yes,Fiber optic,No,No,No,No,746.5,Yes
0374-IOEGQ,Female,0,No,No,3,Yes,DSL,No,No,No,No,122.7,No
4361-JEIVL,Male,0,No,Yes,1,Yes,DSL,No,No,No,No,44.4,Yes
3197-NNYNB,Male,0,No,No,65,Yes,Fiber optic,No,Yes,Yes,No,6631.85,No
3396-DKDEL,Female,0,Yes,Yes,70,Yes,Fiber optic,Yes,Yes,Yes,Yes,8250,No
1752-OZXFY,Male,0,Yes,No,60,Yes,DSL,Yes,No,No,No,3561.15,No
9066-QRSDU,Female,0,Yes,No,69,Yes,No,No internet service,No internet service,No internet service,No internet service,1763.55,No
9112-WSNPU,Female,1,No,No,35,Yes,Fiber optic,No,No,No,No,2419,No
9867-NNXLC,Female,0,No,No,22,Yes,No,No internet service,No internet service,No internet service,No internet service,470.2,No
5321-NTRKC,Male,0,Yes,Yes,66,Yes,DSL,No,Yes,Yes,No,5234.95,No
1363-TXLSL,Male,1,Yes,No,1,Yes,Fiber optic,No,No,No,No,70.3,Yes
9507-EXLTT,Female,0,Yes,No,1,Yes,Fiber optic,No,No,No,No,79.35,Yes
3161-GETRM,Male,0,Yes,Yes,34,Yes,Fiber optic,No,No,Yes,No,3097,No
0402-OAMEN,Female,0,Yes,Yes,72,Yes,No,No internet service,No internet service,No internet service,No internet service,1709.1,No
6933-VLYFX,Male,0,Yes,Yes,31,No,DSL,Yes,No,Yes,Yes,1848.8,No
6754-WKSHP,Male,0,No,Yes,30,Yes,No,No internet service,No internet service,No internet service,No internet service,723.3,No
9846-GKXAS,Female,0,No,No,9,Yes,Fiber optic,No,No,No,No,809.75,Yes
6017-PPLPX,Male,0,Yes,Yes,20,Yes,Fiber optic,No,No,No,No,1470.95,Yes
4976-LNFVV,Male,1,Yes,No,19,No,DSL,No,Yes,Yes,No,577.15,No
5055-MGMGF,Female,0,Yes,No,65,Yes,Fiber optic,Yes,No,Yes,No,6914.95,No
4641-FROLU,Female,0,Yes,Yes,30,Yes,No,No internet service,No internet service,No internet service,No internet service,602.9,No
2862-JVEOY,Male,0,No,No,6,Yes,No,No internet service,No internet service,No internet service,No internet service,124.4,No
2969-QWUBZ,Female,0,No,No,2,No,DSL,No,Yes,No,No,96.8,No
9822-BIIGN,Male,0,Yes,Yes,53,Yes,DSL,Yes,No,No,Yes,3827.9,No
2077-MPJQO,Male,1,Yes,No,7,Yes,Fiber optic,No,No,No,No,533.05,No
1534-OULXE,Female,0,Yes,Yes,61,Yes,DSL,Yes,No,No,No,2961.4,No
7136-RVDTZ,Male,1,No,No,70,No,DSL,No,No,No,No,3264.45,Yes
2971-SGAFL,Female,0,No,No,13,Yes,DSL,Yes,No,Yes,No,995.35,No
1480-IVEVR,Male,1,Yes,No,35,Yes,Fiber optic,No,No,Yes,No,2815.25,No
2905-KFQUV,Female,0,Yes,No,2,Yes,Fiber optic,No,No,No,No,154.8,No
4581-SSPWD,Female,0,No,No,3,Yes,Fiber optic,No,No,No,No,246.3,Yes
3370-HXOPH,Female,0,No,No,3,Yes,Fiber optic,No,No,No,No,257.6,No
9391-YZEJW,Female,0,No,No,62,Yes,Fiber optic,No,No,No,No,5757.2,No
9958-MEKUC,Male,0,Yes,Yes,72,Yes,Fiber optic,Yes,Yes,Yes,Yes,7517.7,No
0281-CNTZX,Male,0,Yes,No,63,Yes,No,No internet service,No internet service,No internet service,No internet service,1234.8,No
6927-WTFIV,Male,1,No,No,20,Yes,Fiber optic,No,No,No,No,1389.2,Yes
4118-CEVPF,Female,1,No,No,35,Yes,Fiber optic,Yes,Yes,Yes,Yes,3836.3,No
3398-ZOUAA,Male,1,Yes,No,21,Yes,Fiber optic,No,No,No,No,1474.75,Yes
9114-VEPUF,Male,0,Yes,No,62,Yes,Fiber optic,Yes,Yes,No,No,6001.45,No
7876-BEUTG,Female,0,No,No,15,Yes,DSL,No,No,No,No,720.1,No
2338-BQEZT,Female,0,No,No,55,Yes,DSL,Yes,No,No,No,2832.75,No
9873-MNDKV,Female,0,No,No,11,Yes,DSL,No,No,No,No,472.25,No
0378-NHQXU,Female,0,Yes,Yes,17,Yes,Fiber optic,No,No,Yes,No,1460.65,Yes
8241-JUIQO,Female,0,No,No,61,Yes,No,No internet service,No internet service,No internet service,No internet service,1336.35,No
2194-IIQOF,Female,0,Yes,No,71,Yes,DSL,Yes,Yes,Yes,Yes,6388.65,No
4512-ZUIYL,Female,0,No,No,2,Yes,Fiber optic,No,No,No,No,153.05,Yes
9631-RXVJM,Male,0,No,No,35,Yes,No,No internet service,No internet service,No internet service,No internet service,677.9,No
9584-EXCDZ,Female,0,No,No,17,Yes,Fiber optic,No,No,No,No,1165.6,No
7969-AULMZ,Female,0,No,No,21,Yes,Fiber optic,No,No,No,No,2119.5,Yes
5093-FEGLU,Female,0,Yes,No,47,Yes,No,No internet service,No internet service,No internet service,No internet service,921.55,No
2621-UDNLU,Female,0,Yes,No,3,Yes,No,No internet service,No internet service,No internet service,No internet service,72,No
7526-IVLYU,Male,0,No,No,3,Yes,No,No internet service,No internet service,No internet service,No internet service,68.35,No
2428-HYUNX,Male,1,Yes,No,44,Yes,No,No internet service,No internet service,No internet service,No internet service,847.25,No
9214-EKVXR,Female,0,No,No,1,Yes,DSL,No,No,No,No,44,No
3410-MHHUM,Female,0,Yes,Yes,44,Yes,Fiber optic,No,Yes,Yes,No,4295.35,No
0568-ONFPC,Male,0,Yes,Yes,5,Yes,No,No internet service,No internet service,No internet service,No internet service,135,Yes
0733-VUNUW,Male,0,No,No,24,Yes,DSL,Yes,No,No,No,1400.55,Yes
4550-EVXNY,Female,0,No,Yes,1,Yes,Fiber optic,No,No,No,No,69.65,Yes
2122-YWVYA,Female,0,No,No,18,Yes,Fiber optic,Yes,No,No,No,1380.4,No
2968-SSGAA,Female,0,No,No,10,Yes,Fiber optic,No,No,Yes,No,1060.2,Yes
2296-DKZFP,Female,0,Yes,No,65,Yes,DSL,Yes,Yes,Yes,No,4386.2,No
4844-JJWUY,Female,1,No,No,1,Yes,Fiber optic,No,Yes,No,No,86,Yes
6777-TGHTM,Female,0,No,No,53,Yes,Fiber optic,Yes,No,Yes,No,5785.5,Yes
8909-BOLNL,Male,0,No,No,3,Yes,No,No internet service,No internet service,No internet service,No internet service,52.05,No
6603-YRDCJ,Male,0,Yes,No,33,Yes,DSL,Yes,Yes,No,Yes,2018.4,No
3538-WZPHD,Male,0,No,No,3,No,DSL,No,Yes,No,No,79.45,Yes
3229-USWAR,Female,0,No,No,34,Yes,DSL,Yes,No,Yes,Yes,2727.3,No
2138-VFAPZ,Female,0,Yes,Yes,14,Yes,No,No internet service,No internet service,No internet service,No internet service,263.65,No
6131-JLWZM,Female,0,No,No,13,Yes,No,No internet service,No internet service,No internet service,No internet service,275.4,No
4785-QRJHC,Male,1,Yes,No,46,No,DSL,No,Yes,Yes,Yes,2816.65,Yes
0269-XFESX,Male,0,Yes,Yes,23,Yes,No,No internet service,No internet service,No internet service,No internet service,538.5,No
1709-EJDOX,Female,0,Yes,Yes,47,Yes,No,No internet service,No internet service,No internet service,No internet service,948.9,No
4316-XCSLJ,Male,0,No,Yes,17,Yes,DSL,Yes,No,No,No,846.8,No
8610-WFCJF,Female,0,Yes,Yes,49,Yes,Fiber optic,No,No,No,No,4783.5,Yes
9693-XMUOB,Male,1,Yes,No,59,No,DSL,No,Yes,No,No,2997.45,No
0383-CLDDA,Female,0,No,No,69,Yes,DSL,Yes,No,Yes,Yes,5897.4,No
4905-JEFDW,Male,0,No,No,11,No,DSL,No,No,Yes,No,470.6,Yes
2709-UQGNP,Male,0,No,No,10,Yes,DSL,Yes,No,No,No,524.5,No
3549-ZTMNH,Male,0,Yes,Yes,12,Yes,No,No internet service,No internet service,No internet service,No internet service,269.65,No
7881-INRLC,Male,0,No,No,45,Yes,Fiber optic,No,Yes,No,No,4740,Yes
8033-ATFAS,Female,0,Yes,Yes,39,Yes,DSL,No,No,Yes,No,2341.5,No
1635-NZATJ,Male,1,Yes,No,71,Yes,No,No internet service,No internet service,No internet service,No internet service,1789.65,No
0562-HKHML,Male,0,Yes,Yes,71,Yes,No,No internet service,No internet service,No internet service,No internet service,1626.4,No
8277-RVRSV,Female,0,Yes,Yes,33,Yes,No,No internet service,No internet service,No internet service,No internet service,800.3,No
9943-VSZUV,Male,1,No,No,67,Yes,Fiber optic,No,No,No,No,5060.85,No
0117-LFRMW,Male,0,Yes,Yes,37,No,DSL,Yes,Yes,Yes,No,1448.8,Yes
6172-FECYY,Male,0,Yes,Yes,49,Yes,Fiber optic,No,No,No,No,4254.85,Yes
7054-ENNGU,Female,0,Yes,No,9,Yes,DSL,No,Yes,No,No,466.6,No
1455-HFBXA,Male,0,Yes,No,52,Yes,Fiber optic,Yes,No,Yes,Yes,4627.8,No
9402-CXWPL,Female,0,No,No,70,Yes,Fiber optic,No,Yes,No,No,6838.6,No
1628-BIZYP,Male,0,No,No,1,Yes,Fiber optic,No,Yes,No,No,85,No
1965-AKTSX,Female,1,No,No,14,Yes,Fiber optic,No,Yes,No,No,1101.85,Yes
0082-LDZUE,Male,0,No,No,1,Yes,DSL,No,No,No,No,44.3,No
4786-UKSNZ,Male,0,No,No,1,Yes,No,No internet service,No internet service,No internet service,No internet service,20.2,Yes
5343-SGUBI,Female,0,No,No,52,Yes,Fiber optic,No,Yes,No,No,4297.6,No
0856-NAOES,Male,0,No,No,6,Yes,DSL,No,No,Yes,No,414.1,No
1976-AZZPJ,Male,0,Yes,No,7,No,DSL,Yes,Yes,No,No,256.6,No
7248-VZQLC,Female,1,No,No,47,Yes,Fiber optic,No,Yes,Yes,No,3969.35,Yes
6156-UZDLF,Female,0,No,No,26,Yes,Fiber optic,Yes,No,Yes,Yes,2274.1,No
3099-OONVS,Male,0,Yes,Yes,25,Yes,DSL,Yes,No,No,Yes,1296.8,No
9500-WBGRP,Male,0,No,No,69,Yes,No,No internet service,No internet service,No internet service,No internet service,1268.85,No
5183-KLYEM,Female,0,No,No,72,Yes,Fiber optic,Yes,Yes,Yes,Yes,8192.6,No
5144-PQCDZ,Male,0,No,No,4,Yes,No,No internet service,No internet service,No internet service,No internet service,59.25,No
8514-VZHEB,Male,0,Yes,Yes,59,Yes,No,No internet service,No internet service,No internet service,No internet service,1147.85,No
6625-IUTTT,Male,0,No,No,67,Yes,DSL,Yes,No,Yes,No,4361.55,No
9355-NPPFS,Female,1,No,No,26,Yes,Fiber optic,No,No,No,No,2006.1,No
0068-FIGTF,Female,0,No,No,27,Yes,DSL,No,Yes,Yes,Yes,2078.95,No
5965-GGPRW,Male,0,Yes,Yes,72,Yes,Fiber optic,Yes,No,Yes,No,7609.75,No
8035-PWSEV,Female,0,No,No,6,Yes,Fiber optic,No,No,Yes,Yes,487.05,No
2236-HILPA,Male,0,Yes,Yes,62,Yes,No,No internet service,No internet service,No internet service,No internet service,1218.45,No
1840-BIUOG,Male,0,No,No,20,Yes,DSL,No,Yes,No,Yes,1416.2,No
1356-MKYSK,Male,0,No,No,6,Yes,DSL,Yes,No,Yes,Yes,483.3,No
6080-LNESI,Male,0,No,No,51,Yes,No,No internet service,No internet service,No internet service,No internet service,1234.6,No
1830-IPXVJ,Female,0,Yes,Yes,61,Yes,No,No internet service,No internet service,No internet service,No internet service,1311.6,No
5828-DWPIL,Male,1,Yes,No,62,Yes,Fiber optic,Yes,Yes,Yes,No,5618.3,No
8398-TBIYD,Female,0,No,No,72,Yes,Fiber optic,Yes,No,No,Yes,6185.15,No
0011-IGKFF,Male,1,Yes,No,13,Yes,Fiber optic,No,Yes,Yes,No,1237.85,Yes
4192-GORJT,Male,0,Yes,No,5,Yes,Fiber optic,No,No,Yes,No,498.1,Yes
6496-SLWHQ,Male,1,No,No,3,Yes,Fiber optic,No,Yes,Yes,No,294.45,Yes
9912-GVSEQ,Female,1,Yes,No,26,Yes,Fiber optic,No,Yes,Yes,No,2381.55,Yes
2931-FSOHN,Male,1,No,No,13,Yes,DSL,No,Yes,No,No,788.35,No
9418-RUKPH,Female,0,Yes,Yes,38,Yes,No,No internet service,No internet service,No internet service,No internet service,756.4,No
5383-MMTWC,Female,1,Yes,No,8,Yes,Fiber optic,No,No,No,No,613.4,Yes
9971-ZWPBF,Male,1,Yes,Yes,34,Yes,Fiber optic,No,Yes,Yes,Yes,3625.2,No
4712-AUQZO,Male,0,No,No,18,No,DSL,Yes,No,Yes,No,550.35,No
9711-FJTBX,Male,0,Yes,Yes,56,Yes,Fiber optic,No,Yes,Yes,Yes,4793.8,No
2908-ZTPNF,Female,0,No,No,36,No,DSL,No,Yes,No,Yes,1267.2,No
7240-ETPTR,Female,0,Yes,No,9,No,DSL,No,No,Yes,No,442.2,Yes
2202-CUYXZ,Male,0,No,No,1,Yes,Fiber optic,No,No,Yes,No,84.85,Yes
5995-OIGLP,Male,0,No,No,12,Yes,DSL,Yes,No,No,Yes,654.85,Yes
8421-WZOOW,Female,1,Yes,Yes,57,Yes,Fiber optic,No,Yes,Yes,Yes,5567.45,No
6261-RCVNS,Female,0,No,No,42,Yes,DSL,Yes,Yes,Yes,Yes,3160.55,Yes
7951-QKZPL,Female,0,Yes,Yes,33,Yes,No,No internet service,No internet service,No internet service,No internet service,740.3,Yes
1414-YADCW,Male,0,Yes,No,70,Yes,Fiber optic,Yes,Yes,No,Yes,5706.2,No
8756-RDDLT,Female,0,No,No,68,No,DSL,No,Yes,No,Yes,3085.35,No
2862-PFNIK,Male,0,No,Yes,1,No,DSL,No,No,No,No,24.7,No
5816-QVHRX,Female,0,No,No,37,Yes,Fiber optic,No,No,No,Yes,3541.4,No
4430-YHXGG,Female,0,No,Yes,4,Yes,No,No internet service,No internet service,No internet service,No internet service,84.2,No
6888-SBYAI,Male,0,No,No,1,Yes,DSL,Yes,No,No,No,50.7,No
7395-XWZOY,Male,0,No,No,20,No,DSL,Yes,Yes,Yes,Yes,1165.55,No
7169-YWAMK,Male,0,Yes,Yes,72,Yes,DSL,Yes,Yes,No,Yes,4855.35,No
3640-PHQXK,Female,0,No,No,31,Yes,Fiber optic,No,No,Yes,No,2806.9,Yes
6877-LGWXO,Male,1,Yes,No,18,Yes,Fiber optic,No,No,No,No,1422.65,Yes
6859-RKMZJ,Male,0,Yes,No,11,Yes,DSL,No,No,No,No,608.15,No
2729-VNVAP,Female,0,Yes,Yes,33,Yes,No,No internet service,No internet service,No internet service,No internet service,641.35,No
2957-JIRMN,Female,1,No,No,62,Yes,Fiber optic,No,No,No,No,4959.15,No
2049-BAFNW,Female,0,No,No,1,No,DSL,No,No,Yes,Yes,35.9,No
3842-QTGDL,Male,0,Yes,No,16,Yes,Fiber optic,Yes,Yes,No,No,1321.3,No
7163-OCEQI,Male,0,Yes,Yes,22,Yes,DSL,No,No,Yes,Yes,1663.75,No
9782-LGXMC,Female,0,Yes,Yes,49,Yes,DSL,Yes,No,Yes,Yes,3024.15,No
5975-BAICR,Male,0,Yes,Yes,36,Yes,DSL,Yes,No,Yes,No,2188.5,No
8019-ENHXU,Male,0,Yes,No,42,Yes,Fiber optic,No,Yes,Yes,Yes,4138.05,Yes
5167-GBFRE,Male,1,No,No,4,No,DSL,No,No,No,No,102.5,Yes
9033-EOXWV,Female,0,No,No,12,Yes,DSL,No,No,No,Yes,872.65,Yes
4673-KKSLS,Female,0,No,No,31,Yes,Fiber optic,Yes,No,Yes,Yes,2724.25,No
4853-OITSN,Male,0,Yes,No,5,Yes,Fiber optic,Yes,No,No,No,413.25,No
9800-OUIGR,Male,0,Yes,Yes,66,Yes,No,No internet service,No internet service,No internet service,No internet service,1374.2,No
1324-NLTJE,Female,1,No,No,15,Yes,DSL,No,No,No,Yes,757.1,Yes
2324-EFHVG,Male,0,No,No,64,Yes,Fiber optic,No,Yes,Yes,No,6692.65,No
7094-MSZAO,Male,0,Yes,Yes,10,Yes,No,No internet service,No internet service,No internet service,No internet service,218.5,No
1522-VVDMG,Male,0,Yes,Yes,7,Yes,Fiber optic,No,Yes,No,Yes,608.8,Yes
6907-CQGPN,Male,0,No,No,29,No,DSL,No,Yes,No,Yes,1004.75,No
0780-XNZFN,Male,0,No,No,57,Yes,No,No internet service,No internet service,No internet service,No internet service,1125.6,No
0239-OXEXL,Female,0,No,No,46,Yes,Fiber optic,Yes,Yes,No,No,3847.6,No
2675-IJRGJ,Male,0,No,No,53,Yes,No,No internet service,No internet service,No internet service,No internet service,978,No
7049-GKVZY,Female,0,No,No,17,Yes,DSL,Yes,Yes,No,Yes,1387.35,No
8577-QSOCG,Female,0,Yes,Yes,38,Yes,No,No internet service,No internet service,No internet service,No internet service,746.05,No
3721-CNZHX,Male,0,No,No,15,Yes,No,No internet service,No internet service,No internet service,No internet service,304.6,No
0212-ISBBF,Female,0,No,No,22,No,DSL,No,Yes,No,No,1098.85,No
9185-TQCVP,Male,0,Yes,No,14,Yes,Fiber optic,No,No,No,No,1139.2,Yes
3585-YNADK,Female,0,Yes,No,57,Yes,DSL,No,Yes,Yes,Yes,4368.95,No
5271-DBYSJ,Male,1,No,No,11,Yes,Fiber optic,No,No,No,No,827.7,No
1099-GODLO,Female,0,Yes,Yes,1,Yes,No,No internet service,No internet service,No internet service,No internet service,20.35,No
6828-HMKWP,Male,0,Yes,Yes,12,Yes,No,No internet service,No internet service,No internet service,No internet service,262.05,No
5567-WSELE,Male,1,Yes,No,3,Yes,Fiber optic,No,No,No,No,279.55,Yes
1472-TNCWL,Male,0,No,Yes,36,Yes,Fiber optic,No,Yes,No,No,3512.5,No
8063-RJYNF,Male,0,No,No,16,Yes,Fiber optic,Yes,No,No,No,1483.25,Yes
0687-ZVTHB,Male,0,Yes,Yes,65,Yes,DSL,Yes,Yes,Yes,No,4653.85,Yes
2080-GKCWQ,Male,0,No,No,2,Yes,Fiber optic,No,Yes,No,No,151.75,No
9661-ACXBS,Female,0,No,No,42,Yes,Fiber optic,Yes,No,Yes,No,4400.75,Yes
2193-SFWQW,Male,0,Yes,Yes,72,Yes,Fiber optic,Yes,Yes,Yes,Yes,8033.1,No
5656-JAMLX,Male,0,No,No,62,Yes,No,No internet service,No internet service,No internet service,No internet service,1253.65,No
3462-BJQQA,Female,0,No,No,6,Yes,Fiber optic,No,Yes,No,No,552.65,No
0442-TDYUO,Male,0,Yes,No,48,Yes,No,No internet service,No internet service,No internet service,No internet service,1036,No
6733-LRIZX,Male,0,No,No,35,Yes,Fiber optic,Yes,No,Yes,Yes,4025.5,No
9503-XJUME,Male,0,No,Yes,52,Yes,No,No internet service,No internet service,No internet service,No internet service,928.4,No
4367-NHWMM,Female,0,No,No,1,No,DSL,No,No,No,No,24.9,No
3727-RJMEO,Male,0,Yes,No,6,Yes,Fiber optic,No,No,No,No,460.25,Yes
3779-OSWCF,Female,0,Yes,No,71,Yes,DSL,Yes,Yes,Yes,Yes,6506.15,No
6736-DHUQI,Female,0,Yes,Yes,67,Yes,Fiber optic,Yes,Yes,Yes,No,5598.3,No
3915-ODIYG,Male,1,No,No,60,Yes,DSL,Yes,Yes,No,No,4374.55,No
1360-RCYRT,Male,0,Yes,Yes,23,No,DSL,No,No,No,Yes,678.75,No
2724-FJDYW,Male,0,No,Yes,39,No,DSL,No,No,Yes,Yes,2191.7,No
4451-RWASJ,Male,0,Yes,Yes,15,Yes,No,No internet service,No internet service,No internet service,No internet service,239.75,No
6646-VRFOL,Male,1,Yes,No,53,Yes,Fiber optic,No,Yes,Yes,No,5485.5,Yes
3460-TJBWI,Male,0,Yes,Yes,24,Yes,No,No internet service,No internet service,No internet service,No internet service,609.05,No
5917-HBSDW,Female,0,Yes,Yes,37,Yes,No,No internet service,No internet service,No internet service,No internet service,683.75,No
5685-IIXLY,Female,0,Yes,Yes,5,Yes,Fiber optic,No,Yes,No,No,404.2,Yes
5671-UUNXD,Female,1,Yes,No,50,Yes,Fiber optic,No,No,No,Yes,5189.75,No
0956-ACVZC,Female,0,No,No,54,Yes,Fiber optic,No,No,Yes,No,5060.9,No
2325-NBPZG,Female,0,No,No,3,Yes,Fiber optic,Yes,No,No,No,233.65,No
4250-ZBWLV,Male,0,No,No,68,Yes,Fiber optic,No,Yes,Yes,Yes,7176.55,Yes
4482-FTFFX,Male,0,No,No,5,Yes,DSL,No,No,Yes,Yes,291.45,No
8859-DZTGQ,Male,0,No,No,33,Yes,No,No internet service,No internet service,No internet service,No internet service,689.75,No
0440-MOGPM,Female,0,No,No,41,Yes,DSL,No,Yes,Yes,No,3263.9,No
0020-JDNXP,Female,0,Yes,Yes,34,No,DSL,Yes,No,Yes,Yes,1993.2,No
3752-CQSJI,Female,0,Yes,Yes,13,Yes,No,No internet service,No internet service,No internet service,No internet service,254.5,No
5025-GOOKI,Female,0,No,No,20,Yes,No,No internet service,No internet service,No internet service,No internet service,347.65,No
4698-KVLLG,Female,1,No,No,51,Yes,No,No internet service,No internet service,No internet service,No internet service,967.9,No
5095-AESKG,Female,0,Yes,No,3,Yes,Fiber optic,No,Yes,No,No,242.95,Yes
2887-JPYLU,Female,0,No,Yes,41,Yes,DSL,No,No,No,No,1841.9,No
4770-QAZXN,Female,0,No,No,13,Yes,No,No internet service,No internet service,No internet service,No internet service,232.1,No
4896-CPRPF,Male,0,Yes,Yes,35,Yes,No,No internet service,No internet service,No internet service,No internet service,809.25,No
1871-MOWRM,Male,0,Yes,No,12,Yes,Fiber optic,Yes,No,No,Yes,866.45,Yes
9714-EDSUC,Male,0,No,No,4,Yes,Fiber optic,Yes,Yes,No,Yes,360.55,No
2027-OAQQC,Female,0,No,No,43,No,DSL,No,No,Yes,No,2076.2,Yes
0282-NVSJS,Female,1,Yes,Yes,12,No,DSL,No,No,No,Yes,355.9,No
9090-SGQXL,Male,1,Yes,No,68,Yes,Fiber optic,No,Yes,Yes,No,7299.65,Yes
6595-YGXIT,Male,1,No,No,25,Yes,Fiber optic,No,Yes,No,No,2291.2,Yes
7353-YOWFP,Female,0,No,No,7,Yes,No,No internet service,No internet service,No internet service,No internet service,129.15,No
9835-ZIITK,Male,1,Yes,No,66,Yes,Fiber optic,No,Yes,Yes,Yes,7491.75,Yes
8008-ESFLK,Female,0,Yes,No,53,Yes,Fiber optic,Yes,Yes,Yes,Yes,5835.5,No
7537-CBQUZ,Male,1,No,No,63,Yes,Fiber optic,Yes,Yes,Yes,No,7031.45,No
1555-DJEQW,Female,0,Yes,Yes,70,Yes,Fiber optic,Yes,Yes,Yes,Yes,7723.9,Yes
5649-TJHOV,Male,1,Yes,No,27,No,DSL,No,No,No,No,1032,Yes
0519-XUZJU,Female,0,No,No,1,Yes,Fiber optic,No,No,No,No,70.75,Yes
3363-EWLGO,Female,0,No,No,5,Yes,No,No internet service,No internet service,No internet service,No internet service,109.6,No
4750-UKWJK,Female,1,Yes,No,37,Yes,No,No internet service,No internet service,No internet service,No internet service,727.8,No
6338-AVWCY,Male,0,No,No,3,No,DSL,No,No,Yes,No,130.75,Yes
1689-YQBYY,Female,0,No,Yes,12,Yes,Fiber optic,No,No,No,No,893,No
4487-ZYJZK,Female,0,Yes,Yes,38,Yes,No,No internet service,No internet service,No internet service,No internet service,763.1,No
2959-FENLU,Female,0,No,No,9,Yes,Fiber optic,No,No,Yes,No,781.4,No
0708-LGSMF,Male,0,Yes,No,13,Yes,DSL,Yes,No,No,No,902.25,No
9253-QXKBE,Male,1,Yes,No,29,Yes,Fiber optic,No,No,No,No,2653.65,Yes
7634-HLQJR,Female,0,Yes,Yes,47,Yes,No,No internet service,No internet service,No internet service,No internet service,1016.7,No
0487-RPVUM,Male,0,Yes,No,61,Yes,Fiber optic,Yes,No,Yes,Yes,5943.65,No
4079-ULGFR,Male,0,No,No,16,Yes,No,No internet service,No internet service,No internet service,No internet service,275.7,No
2516-XSJKX,Female,0,Yes,Yes,41,Yes,DSL,Yes,Yes,No,Yes,3126.45,No
0057-QBUQH,Female,0,No,Yes,43,Yes,No,No internet service,No internet service,No internet service,No internet service,1070.15,No
9445-SZLCH,Female,0,Yes,Yes,36,Yes,Fiber optic,No,Yes,Yes,No,3457.9,Yes
6599-SFQVE,Female,0,No,No,6,Yes,DSL,No,No,No,No,340.4,No
8331-ZXFOE,Female,0,No,No,58,Yes,DSL,Yes,Yes,Yes,Yes,4299.2,No
4003-FUSHP,Male,0,No,No,19,Yes,DSL,No,No,No,Yes,1093.2,No
0356-ERHVT,Male,0,Yes,No,11,Yes,DSL,No,No,No,No,521.9,No
7325-ENZFI,Female,0,No,No,39,No,DSL,Yes,Yes,No,Yes,1630.4,No
4884-ZTHVF,Female,1,No,No,8,Yes,Fiber optic,No,Yes,No,No,713.6,No
3920-HIHMQ,Female,0,No,Yes,26,Yes,DSL,No,No,No,No,1265.65,No
3055-OYMSE,Female,1,No,No,53,Yes,Fiber optic,No,Yes,No,No,4003.85,No
0613-WUXUM,Female,0,Yes,Yes,70,Yes,No,No internet service,No internet service,No internet service,No internet service,1401.4,No
7568-PODML,Male,0,No,No,1,No,DSL,No,No,No,No,45.3,Yes
4458-KVRBJ,Male,0,No,No,59,Yes,No,No internet service,No internet service,No internet service,No internet service,1510.5,No
5349-IECLD,Male,0,No,No,2,Yes,Fiber optic,No,No,Yes,No,178.1,Yes
1397-XKKWR,Male,0,No,No,7,No,DSL,Yes,No,Yes,No,264.8,No
3945-GFWQL,Female,0,No,Yes,12,Yes,DSL,No,No,No,No,480.6,Yes
8097-OMULG,Male,0,Yes,Yes,59,Yes,DSL,No,Yes,Yes,Yes,4541.9,No
6013-BHCAW,Male,0,Yes,Yes,61,Yes,DSL,No,No,Yes,Yes,4976.15,No
0401-WDBXM,Male,0,Yes,Yes,72,Yes,Fiber optic,Yes,No,Yes,No,7542.25,No
3387-PLKUI,Female,0,Yes,Yes,13,Yes,No,No internet service,No internet service,No internet service,No internet service,251.25,No
6096-EGVTU,Female,0,Yes,Yes,64,Yes,No,No internet service,No internet service,No internet service,No internet service,1595.5,No
3797-VTIDR,Male,0,Yes,No,1,No,DSL,No,No,No,No,23.45,Yes
5081-NWSUP,Female,0,No,No,10,Yes,DSL,No,Yes,No,Yes,685.55,No
2580-ATZSQ,Female,0,Yes,Yes,65,Yes,DSL,Yes,Yes,Yes,No,3874.1,No
8085-MSNLK,Female,0,Yes,No,62,Yes,Fiber optic,Yes,Yes,Yes,Yes,6891.4,No
9691-HKOVS,Female,0,Yes,No,55,Yes,DSL,Yes,Yes,Yes,Yes,4916.95,No
9881-VCZEP,Female,0,Yes,No,25,Yes,DSL,No,Yes,No,No,1373,No
9526-BIHHD,Male,0,No,No,1,No,DSL,Yes,No,No,No,29.7,Yes
8757-TFHHJ,Male,0,No,No,1,Yes,DSL,Yes,No,No,No,49.8,No
4523-WXCEF,Female,0,Yes,No,59,Yes,Fiber optic,No,Yes,No,No,6039.9,Yes
1468-DEFNC,Male,1,Yes,Yes,64,Yes,No,No internet service,No internet service,No internet service,No internet service,1548.65,No
5119-KEPFY,Male,0,Yes,No,36,Yes,Fiber optic,No,No,No,No,3440.25,No
8364-TRMMK,Female,0,No,No,3,Yes,DSL,No,No,No,No,151.3,Yes
0916-KNFAJ,Male,0,Yes,No,61,Yes,DSL,Yes,No,Yes,No,4226.7,No
8319-QBEHW,Male,0,No,Yes,26,No,DSL,No,Yes,No,No,1023.75,No
3063-QFSZL,Female,0,No,No,1,Yes,DSL,No,No,No,No,55.4,Yes
8775-LHDJH,Female,1,Yes,No,1,Yes,Fiber optic,No,Yes,No,No,90.6,Yes
9625-QNLUX,Male,0,Yes,Yes,68,Yes,Fiber optic,Yes,Yes,Yes,No,7074.4,No
3097-NQYSN,Male,1,Yes,No,2,Yes,Fiber optic,No,No,No,No,156.35,Yes
4024-CSNBY,Female,0,Yes,No,72,Yes,Fiber optic,Yes,Yes,Yes,Yes,6849.75,No
7110-BDTWG,Female,0,Yes,No,71,No,DSL,No,No,Yes,Yes,3263.6,No
7493-GVFIO,Male,0,No,No,57,Yes,No,No internet service,No internet service,No internet service,No internet service,1252.85,No
0690-SRQID,Male,0,No,No,4,Yes,No,No internet service,No internet service,No internet service,No internet service,67.55,No
9605-WGJVW,Female,1,No,No,1,Yes,Fiber optic,No,No,No,No,70.2,No
9114-DPSIA,Male,0,Yes,Yes,72,Yes,DSL,Yes,Yes,Yes,Yes,5750,No
4700-UBQMV,Male,0,Yes,Yes,21,Yes,DSL,Yes,No,No,No,1549.75,No
7711-GQBZC,Female,0,Yes,Yes,71,Yes,No,No internet service,No internet service,No internet service,No internet service,1810.55,No
3565-UNOCC,Female,1,Yes,No,29,Yes,Fiber optic,No,No,Yes,No,2952.85,Yes
4627-MIHJH,Female,1,No,No,69,Yes,Fiber optic,Yes,No,Yes,Yes,7467.55,No
9795-NREXC,Female,0,Yes,No,64,Yes,DSL,Yes,No,Yes,Yes,5484.4,No
8573-CGOCC,Male,0,No,No,16,Yes,No,No internet service,No internet service,No internet service,No internet service,294.9,No
7356-AYNJP,Female,0,No,No,4,Yes,No,No internet service,No internet service,No internet service,No internet service,97.5,No
9249-FXSCK,Female,0,No,No,52,Yes,Fiber optic,Yes,Yes,No,Yes,5916.45,Yes
5493-SDRDQ,Male,0,No,No,2,Yes,DSL,Yes,No,Yes,No,113.35,Yes
6286-SUUWT,Male,0,No,No,1,Yes,No,No internet service,No internet service,No internet service,No internet service,19.95,No
4819-HJPIW,Male,0,No,No,18,No,DSL,No,No,No,No,476.8,No
8654-DHAOW,Female,0,No,No,2,Yes,DSL,No,Yes,No,No,101.65,No
5438-QMDDL,Female,0,Yes,No,19,Yes,DSL,No,Yes,No,No,1130.85,No
9812-GHVRI,Female,0,No,No,40,Yes,Fiber optic,No,No,No,No,3532.25,No
5553-AOINX,Female,1,Yes,Yes,66,Yes,Fiber optic,No,Yes,Yes,No,6891.45,No
1228-ZLNBX,Male,0,No,No,21,Yes,Fiber optic,No,No,No,No,1570.7,No
4226-KKDON,Male,0,No,No,8,Yes,DSL,No,Yes,No,Yes,520.95,No
3831-YCPUO,Female,0,Yes,Yes,72,Yes,Fiber optic,Yes,Yes,Yes,Yes,7854.9,No
7445-WMRBW,Female,0,No,No,48,Yes,DSL,No,Yes,Yes,Yes,3581.4,No
3308-DGHKL,Male,0,No,No,69,Yes,No,No internet service,No internet service,No internet service,No internet service,1447.9,No
9924-JPRMC,Male,0,No,No,72,Yes,Fiber optic,Yes,Yes,Yes,Yes,8547.15,No
0080-EMYVY,Female,0,No,No,14,Yes,DSL,No,Yes,No,No,727.85,No
6218-KNUBD,Male,0,No,No,6,Yes,DSL,No,Yes,No,No,357.6,No
7337-CINUD,Female,0,Yes,Yes,8,Yes,No,No internet service,No internet service,No internet service,No internet service,159.35,No
7609-NRNCA,Female,0,No,No,17,Yes,No,No internet service,No internet service,No internet service,No internet service,280.85,No
0623-EJQEG,Male,0,No,No,65,Yes,Fiber optic,Yes,No,No,Yes,6069.25,No
7153-CHRBV,Female,0,Yes,Yes,57,Yes,DSL,Yes,No,Yes,Yes,3274.35,No
0871-URUWO,Male,0,Yes,No,13,Yes,Fiber optic,No,No,Yes,No,1359,Yes
9190-MFJLN,Male,1,No,No,19,Yes,Fiber optic,No,No,Yes,No,1777.9,Yes
6198-PNNSZ,Female,0,Yes,No,56,Yes,Fiber optic,Yes,Yes,Yes,No,6109.65,No
3317-VLGQT,Female,0,Yes,No,14,Yes,Fiber optic,No,No,No,No,1122.4,No
4132-POCZS,Male,0,Yes,No,52,No,DSL,Yes,No,No,No,2020.9,No
5614-DNZCE,Female,0,No,No,58,Yes,DSL,Yes,Yes,Yes,Yes,3795.45,No
1095-JUDTC,Female,1,No,No,47,Yes,Fiber optic,No,Yes,No,Yes,4504.55,Yes
3896-RCYYE,Female,0,No,No,67,No,DSL,No,No,Yes,Yes,3579.15,No
9638-JIQYA,Male,0,No,No,2,No,DSL,No,No,No,No,49.7,No
3258-SANFR,Male,1,No,No,6,Yes,DSL,No,No,No,No,276.5,No
3726-TBHQT,Male,0,Yes,Yes,71,Yes,Fiber optic,Yes,Yes,Yes,Yes,8175.9,No
3190-ITQXP,Female,0,Yes,Yes,46,Yes,No,No internet service,No internet service,No internet service,No internet service,890.35,No
0870-VEMYL,Female,0,No,No,5,Yes,DSL,Yes,No,No,Yes,259.8,Yes
4833-QTJNO,Male,1,Yes,No,67,Yes,Fiber optic,Yes,Yes,No,No,5588.8,No
3039-MJSLN,Male,0,No,Yes,3,Yes,No,No internet service,No internet service,No internet service,No internet service,50.6,No
0178-CIIKR,Female,0,No,No,3,Yes,No,No internet service,No internet service,No internet service,No internet service,58,No
5385-SUIRI,Male,1,Yes,No,52,Yes,Fiber optic,Yes,No,Yes,No,5568.35,Yes
3982-XWFZQ,Female,0,Yes,No,42,Yes,DSL,No,No,No,No,2203.65,Yes
5774-QPLTF,Male,0,Yes,Yes,50,Yes,No,No internet service,No internet service,No internet service,No internet service,938.95,No
2322-VCZHZ,Male,1,Yes,No,23,Yes,Fiber optic,Yes,Yes,No,No,2024.1,No
5010-IPEAQ,Female,0,Yes,Yes,67,No,DSL,Yes,Yes,Yes,Yes,3623.95,No
4009-ALQFH,Female,0,No,No,25,Yes,Fiber optic,No,Yes,Yes,No,2369.05,Yes
6383-ZTSIW,Female,1,Yes,No,39,Yes,Fiber optic,Yes,Yes,No,No,3877.95,No
8990-YOZLV,Female,0,No,No,69,Yes,DSL,Yes,Yes,No,Yes,4577.9,No
3069-SSVSN,Female,0,No,No,1,No,DSL,No,No,No,No,25.85,No
5222-IMUKT,Male,0,No,No,32,Yes,Fiber optic,No,No,No,No,2871.5,No
3627-FCRDW,Female,0,No,No,9,Yes,Fiber optic,No,No,No,No,672.55,Yes
7562-GSUHK,Female,0,No,No,16,Yes,Fiber optic,No,Yes,Yes,No,1573.7,Yes
6685-XSHHU,Male,0,Yes,Yes,60,Yes,No,No internet service,No internet service,No internet service,No internet service,1270.55,No
8901-UPRHR,Female,0,Yes,Yes,72,Yes,Fiber optic,No,Yes,Yes,Yes,7711.45,No
4903-UYAVB,Male,0,Yes,No,5,Yes,No,No internet service,No internet service,No internet service,No internet service,126.05,Yes
0118-JPNOY,Female,1,No,No,26,Yes,Fiber optic,Yes,No,No,No,2193.65,No
6776-TLWOI,Male,0,No,No,3,Yes,No,No internet service,No internet service,No internet service,No internet service,64.55,Yes
3845-FXCYS,Male,0,No,No,2,Yes,No,No internet service,No internet service,No internet service,No internet service,31.2,No
5857-XRECV,Female,0,No,Yes,2,Yes,No,No internet service,No internet service,No internet service,No internet service,38.25,No
0725-CXOTM,Female,0,No,No,36,Yes,DSL,Yes,No,Yes,Yes,3348.1,No
4343-EJVQB,Male,0,No,No,7,Yes,Fiber optic,Yes,No,No,No,533.6,No
9000-PLFUZ,Female,1,Yes,No,60,No,DSL,No,Yes,No,No,2907.55,No
3427-GGZZI,Female,0,Yes,No,19,Yes,Fiber optic,No,Yes,No,No,1620.8,No
7779-ORAEL,Male,1,Yes,No,45,Yes,DSL,Yes,No,Yes,Yes,3480.35,No
0644-OQMDK,Male,1,No,No,4,Yes,Fiber optic,No,No,No,No,293.85,No
4077-CROMM,Female,0,Yes,Yes,31,Yes,Fiber optic,No,No,Yes,Yes,3243.45,Yes
3154-CFSZG,Male,0,Yes,Yes,47,Yes,Fiber optic,Yes,No,Yes,No,4137.2,No
2868-MZAGQ,Male,0,No,No,1,Yes,Fiber optic,No,No,No,No,79.25,Yes
4847-QNOKA,Female,0,No,No,1,Yes,DSL,No,No,No,No,44.9,Yes
2220-IAHLS,Female,0,No,No,1,Yes,No,No internet service,No internet service,No internet service,No internet service,19.4,No
1658-XUHBX,Female,1,Yes,Yes,59,Yes,Fiber optic,No,No,Yes,No,5348.65,No
6379-RXJRQ,Male,0,Yes,No,10,Yes,Fiber optic,No,No,No,No,659.65,Yes
2378-HTWFW,Male,1,No,No,35,Yes,Fiber optic,Yes,No,No,No,3180.5,No
8650-RHRKE,Male,0,No,No,4,No,DSL,No,No,Yes,No,118.5,Yes
4377-VDHYI,Male,0,Yes,Yes,32,Yes,Fiber optic,Yes,Yes,No,No,3023.85,No
0475-RIJEP,Male,0,No,No,43,Yes,Fiber optic,No,Yes,No,No,3365.85,Yes
1260-TTRXI,Male,0,No,No,4,Yes,DSL,No,No,No,No,195.3,Yes
3719-TDVQB,Female,1,Yes,No,54,Yes,No,No internet service,No internet service,No internet service,No internet service,1031.1,No
6328-ZPBGN,Female,1,No,No,11,Yes,Fiber optic,No,No,No,No,997.65,Yes
0201-MIBOL,Female,1,No,No,66,Yes,Fiber optic,Yes,No,No,No,6471.85,No
4937-QPZPO,Male,0,Yes,Yes,61,Yes,Fiber optic,No,No,Yes,No,6241.35,No
2925-VDZHY,Male,0,Yes,Yes,72,Yes,DSL,Yes,Yes,Yes,Yes,6501.35,No
6981-TDRFT,Male,0,Yes,Yes,44,No,DSL,No,No,Yes,Yes,2317.1,No
3413-CSSTH,Male,0,No,No,41,Yes,DSL,No,No,Yes,No,2237.55,No
8033-VCZGH,Male,0,Yes,No,50,Yes,Fiber optic,Yes,No,Yes,No,5231.3,No
4789-KWMXN,Male,0,Yes,No,47,Yes,Fiber optic,Yes,No,Yes,Yes,5275.8,Yes
0224-NIJLP,Male,0,Yes,Yes,8,Yes,No,No internet service,No internet service,No internet service,No internet service,165.5,No
7542-CYDDM,Male,0,No,No,18,Yes,No,No internet service,No internet service,No internet service,No internet service,358.5,No
4718-WXBGI,Male,0,Yes,Yes,72,Yes,DSL,Yes,Yes,Yes,Yes,6614.9,No
2867-UIMSS,Male,0,No,No,1,Yes,Fiber optic,No,No,No,No,80.5,Yes
8495-PRWFH,Female,1,No,No,42,Yes,DSL,No,No,Yes,No,2421.75,No
0439-IFYUN,Female,1,No,No,18,Yes,Fiber optic,No,Yes,No,No,1294.6,No
5716-LIBJC,Female,0,No,Yes,13,Yes,Fiber optic,No,Yes,Yes,No,1299.1,No
2868-LLSKM,Female,0,Yes,Yes,68,Yes,Fiber optic,No,Yes,No,Yes,5733.4,No
8111-RKSPX,Male,0,No,No,4,Yes,Fiber optic,No,No,No,No,305.55,Yes
2988-QRAJY,Male,0,No,No,69,Yes,Fiber optic,Yes,Yes,Yes,No,7430.75,No
1585-MQSSU,Male,0,No,No,17,Yes,DSL,No,No,No,Yes,900.5,Yes
0071-NDAFP,Male,0,Yes,Yes,25,Yes,No,No internet service,No internet service,No internet service,No internet service,630.6,No
2856-NNASM,Male,1,No,No,43,Yes,Fiber optic,No,No,No,No,3856.75,Yes
7328-ZJAJO,Female,0,Yes,Yes,59,Yes,No,No internet service,No internet service,No internet service,No internet service,1222.65,No
6458-CYIDZ,Female,1,No,No,5,Yes,Fiber optic,Yes,Yes,No,No,374.8,No
8559-CIZFV,Male,0,Yes,Yes,21,Yes,DSL,Yes,Yes,No,Yes,1625,Yes
1090-PYKCI,Female,0,Yes,Yes,69,Yes,Fiber optic,Yes,Yes,Yes,Yes,7234.8,No
3058-WQDRE,Male,0,No,No,13,No,DSL,No,No,No,No,331.85,No
7547-EKNFS,Male,0,Yes,No,42,Yes,Fiber optic,No,Yes,Yes,No,3959.35,Yes
2279-AXJJK,Male,0,Yes,No,52,Yes,Fiber optic,No,Yes,No,Yes,5088.4,No
6769-DYBQN,Male,1,No,No,46,Yes,Fiber optic,Yes,No,No,No,3969.4,Yes
0909-SELIE,Male,0,Yes,No,61,Yes,DSL,Yes,Yes,Yes,Yes,4860.85,No
3417-TSCIC,Male,0,No,No,29,No,DSL,No,No,No,No,788.05,No
1042-HFUCW,Female,0,No,Yes,25,Yes,DSL,No,Yes,No,Yes,1266.35,No
4439-JMPMT,Female,0,Yes,Yes,5,Yes,Fiber optic,No,No,No,Yes,470.95,Yes
6537-OTKMY,Male,0,No,No,15,No,DSL,No,No,Yes,No,688.2,No
8999-EXMNO,Female,0,Yes,Yes,19,Yes,No,No internet service,No internet service,No internet service,No internet service,387.7,No
6725-TPKJO,Male,0,No,No,44,Yes,No,No internet service,No internet service,No internet service,No internet service,845.25,No
2446-BEGGB,Female,1,No,No,6,Yes,Fiber optic,No,Yes,No,No,560.6,Yes
7162-WPHPM,Male,0,Yes,Yes,58,Yes,DSL,Yes,Yes,Yes,Yes,4230.25,No
1599-MMYRQ,Male,0,Yes,Yes,62,Yes,Fiber optic,Yes,Yes,No,No,4983.05,No
8821-KVZKQ,Female,0,Yes,Yes,70,No,DSL,No,Yes,Yes,Yes,4113.15,No
1496-GGSUK,Female,1,No,No,1,No,DSL,No,No,No,No,25.7,Yes
6434-TTGJP,Male,0,Yes,Yes,10,No,DSL,Yes,Yes,Yes,Yes,521,No
0042-JVWOJ,Male,0,No,No,26,Yes,No,No internet service,No internet service,No internet service,No internet service,471.85,No
0130-SXOUN,Male,0,No,No,66,Yes,Fiber optic,No,Yes,No,No,5976.9,No
2575-GFSOE,Female,0,Yes,Yes,7,Yes,Fiber optic,No,No,No,No,506.9,Yes
2330-PQGDQ,Male,0,Yes,Yes,51,Yes,Fiber optic,No,Yes,No,Yes,4299.75,No
1452-UZOSF,Male,0,Yes,Yes,72,Yes,Fiber optic,Yes,Yes,Yes,Yes,7548.6,No
2097-YVPKN,Male,0,No,No,65,Yes,No,No internet service,No internet service,No internet service,No internet service,1654.75,No
2842-JTCCU,Male,0,No,No,2,Yes,DSL,No,No,No,No,80.35,Yes
8597-CTXVJ,Male,0,No,Yes,70,Yes,DSL,Yes,Yes,No,Yes,4551.5,No
6631-HMANX,Male,0,Yes,No,72,Yes,DSL,No,Yes,Yes,Yes,6227.5,No
9962-BFPDU,Female,0,Yes,Yes,1,Yes,No,No internet service,No internet service,No internet service,No internet service,20.05,No
3296-SILRA,Female,1,Yes,No,1,Yes,Fiber optic,No,Yes,No,No,76.4,Yes
9681-OXGVC,Female,0,No,No,5,Yes,Fiber optic,No,No,Yes,No,514,Yes
6394-HHHZM,Male,0,No,No,3,Yes,No,No internet service,No internet service,No internet service,No internet service,57.5,No
5995-LFTLE,Male,0,No,No,58,Yes,No,No internet service,No internet service,No internet service,No internet service,1474.35,No
5180-UCIIQ,Male,1,Yes,Yes,22,No,DSL,Yes,No,No,No,880.2,Yes
1932-UEDCX,Male,1,Yes,No,33,Yes,Fiber optic,No,Yes,No,No,3270.25,No
7153-OANIO,Male,0,No,No,1,Yes,Fiber optic,No,No,No,No,69.95,Yes
5188-HGMLP,Male,1,Yes,No,54,Yes,Fiber optic,No,No,No,No,3919.15,No
0665-XHDJU,Male,0,Yes,No,72,Yes,Fiber optic,No,Yes,No,No,7285.7,No
6521-YYTYI,Male,0,No,Yes,1,Yes,Fiber optic,No,No,No,No,93.3,Yes
8878-HMWBV,Male,0,No,No,3,Yes,DSL,No,No,Yes,No,169.05,Yes
8265-HKSOW,Female,0,Yes,Yes,72,Yes,Fiber optic,Yes,Yes,Yes,Yes,7658.3,No
3544-FBCAS,Female,0,Yes,Yes,72,Yes,DSL,Yes,Yes,Yes,No,5959.3,No
5331-RGMTT,Male,1,Yes,No,54,Yes,Fiber optic,No,No,Yes,No,5295.7,No
4759-PXTAN,Female,0,Yes,No,59,Yes,DSL,No,Yes,No,Yes,4693.2,No
7054-DMVAS,Male,0,No,No,54,Yes,DSL,Yes,Yes,No,No,3512.9,No
3428-MMGUB,Male,0,No,No,60,Yes,Fiber optic,No,No,Yes,No,5231.2,No
6549-BTYPG,Female,0,Yes,No,60,No,DSL,No,Yes,Yes,Yes,3603.45,No
7823-JSOAG,Male,0,No,No,3,Yes,Fiber optic,No,No,No,No,217.45,No
3705-RHRFR,Female,0,Yes,No,69,Yes,Fiber optic,Yes,No,No,No,6875.35,No
9374-YOLBJ,Female,0,Yes,Yes,1,Yes,No,No internet service,No internet service,No internet service,No internet service,19.25,No
9074-KGVOX,Male,0,Yes,Yes,50,No,DSL,Yes,No,No,No,2021.35,No
6128-DAFVY,Female,0,No,No,56,No,DSL,No,No,No,No,2564.95,No
9933-QRGTX,Female,0,Yes,No,60,Yes,Fiber optic,Yes,No,No,Yes,5611.75,No
4476-OSWTN,Male,1,Yes,No,69,Yes,Fiber optic,Yes,No,Yes,Yes,7610.1,No
3751-KTZEL,Female,0,No,No,1,No,DSL,No,No,No,No,35.05,Yes
1977-STDKI,Female,1,No,No,1,Yes,Fiber optic,No,Yes,No,No,73,Yes
5066-GFJMM,Female,0,Yes,No,3,Yes,No,No internet service,No internet service,No internet service,No internet service,45.75,No
2661-GKBTK,Male,0,Yes,Yes,60,Yes,DSL,No,Yes,No,Yes,4543.95,No
0458-HEUZG,Female,0,No,No,13,No,DSL,No,No,Yes,Yes,450.4,No
7268-WNTCP,Male,0,Yes,Yes,62,Yes,No,No internet service,No internet service,No internet service,No internet service,1297.35,No
0824-VWDPO,Female,0,No,No,45,Yes,Fiber optic,Yes,Yes,No,No,4442.75,No
8409-WQJUX,Female,0,No,No,25,No,DSL,No,No,Yes,Yes,1423.15,No
2578-JQPHZ,Male,0,No,No,44,Yes,Fiber optic,No,No,Yes,Yes,4378.35,No
3278-FSIXX,Female,0,No,No,2,Yes,DSL,No,No,No,No,74.2,No
5813-UECBU,Male,1,No,No,33,Yes,Fiber optic,No,Yes,Yes,No,2716.3,Yes
0328-GRPMV,Female,0,No,No,1,Yes,Fiber optic,No,No,No,No,70.1,Yes
9746-UGFAC,Female,0,No,No,22,Yes,No,No internet service,No internet service,No internet service,No internet service,450.65,No
2946-KIQSP,Female,0,No,No,35,No,DSL,No,No,Yes,Yes,1175.85,No
0625-AFOHS,Female,0,Yes,Yes,29,Yes,No,No internet service,No internet service,No internet service,No internet service,558.8,No
6726-WEXXK,Male,1,Yes,No,27,Yes,Fiber optic,Yes,No,Yes,No,2220.1,No
4636-OLWOE,Male,0,No,Yes,54,Yes,DSL,No,Yes,Yes,Yes,3283.05,No
4342-HENTK,Female,1,No,No,2,Yes,Fiber optic,No,No,No,No,142.35,Yes
4685-ERGHK,Male,0,No,No,57,Yes,Fiber optic,No,No,No,No,4939.25,No
0885-HMGPY,Male,0,No,No,62,Yes,DSL,Yes,Yes,Yes,Yes,4237.5,No
5003-OKNNK,Female,0,Yes,Yes,15,Yes,No,No internet service,No internet service,No internet service,No internet service,335.95,No
4195-SMMNX,Male,0,No,No,2,Yes,No,No internet service,No internet service,No internet service,No internet service,33.2,Yes
7208-PSIHR,Female,0,Yes,No,70,Yes,Fiber optic,No,No,Yes,Yes,7188.5,No
4012-ZTHBR,Female,0,Yes,Yes,21,Yes,DSL,No,No,No,No,926.25,No
0489-WMEMG,Female,0,No,Yes,23,Yes,DSL,No,No,No,Yes,1119.35,No
7435-ZNUYY,Male,0,No,No,6,Yes,No,No internet service,No internet service,No internet service,No internet service,116.6,No
1354-YZFNB,Male,0,Yes,Yes,4,Yes,No,No internet service,No internet service,No internet service,No internet service,68.8,No
6956-SMUCM,Female,0,No,No,3,Yes,Fiber optic,Yes,No,Yes,No,287.4,Yes
2985-FMWYF,Female,0,No,No,23,Yes,Fiber optic,No,No,No,No,2341.55,No
2812-ENYMO,Male,0,No,No,26,No,DSL,Yes,No,No,Yes,1362.85,No
2717-HVIZY,Female,0,No,Yes,8,Yes,No,No internet service,No internet service,No internet service,No internet service,163.6,No
3223-WZWJM,Male,0,No,No,26,Yes,Fiber optic,No,No,No,No,2254.2,Yes
3422-GALYP,Male,0,No,No,2,Yes,Fiber optic,No,Yes,No,No,145.15,No
9053-JZFKV,Male,0,No,No,67,Yes,Fiber optic,Yes,Yes,Yes,Yes,7752.3,Yes
2530-ENDWQ,Female,0,Yes,No,71,Yes,Fiber optic,No,No,No,No,6585.35,Yes
2890-WFBHU,Female,0,No,No,59,Yes,DSL,Yes,Yes,Yes,Yes,4786.1,No
0327-WFZSY,Male,0,Yes,Yes,39,Yes,Fiber optic,No,No,Yes,No,3835.55,No
7977-HXJKU,Male,0,No,Yes,21,Yes,No,No internet service,No internet service,No internet service,No internet service,397,No
6615-ZGEDR,Male,0,No,No,1,Yes,No,No internet service,No internet service,No internet service,No internet service,19.7,Yes
7033-CLAMM,Female,0,Yes,Yes,48,Yes,No,No internet service,No internet service,No internet service,No internet service,1027.25,No
4023-RTIQM,Female,1,Yes,No,31,No,DSL,Yes,Yes,Yes,No,1580.1,No
0864-FVJNJ,Female,0,Yes,Yes,64,Yes,Fiber optic,Yes,Yes,Yes,Yes,7222.75,No
7356-IWLFW,Male,0,Yes,Yes,46,Yes,Fiber optic,No,Yes,No,No,3769.7,No
9541-PWTWO,Female,0,No,No,52,Yes,DSL,No,No,Yes,Yes,4233.95,No
3967-VQOGC,Female,0,Yes,Yes,67,Yes,No,No internet service,No internet service,No internet service,No internet service,1680.25,No
7872-RDDLZ,Female,1,No,No,67,Yes,DSL,No,Yes,No,No,3725.5,No
9250-WYPLL,Female,0,No,No,5,Yes,Fiber optic,No,No,No,No,413.65,Yes
6308-CQRBU,Female,0,Yes,No,71,Yes,Fiber optic,No,Yes,Yes,Yes,7707.7,No
2754-XBHTB,Female,0,No,No,9,Yes,Fiber optic,No,No,No,No,714.15,Yes
1597-LHYNC,Female,1,No,No,26,Yes,Fiber optic,Yes,Yes,No,No,2497.2,Yes
0186-CAERR,Male,0,No,No,71,Yes,Fiber optic,Yes,Yes,Yes,Yes,8309.55,No
3043-SUDUA,Female,0,No,No,32,Yes,No,No internet service,No internet service,No internet service,No internet service,601.55,No
5442-BHQNG,Female,0,No,No,2,Yes,Fiber optic,No,No,No,No,139.25,No
2169-RRLFW,Female,0,Yes,No,71,Yes,No,No internet service,No internet service,No internet service,No internet service,1888.25,No
5872-OEQNH,Female,0,No,No,60,No,DSL,Yes,No,Yes,No,2773.9,No
3162-KKZXO,Female,1,No,No,55,Yes,Fiber optic,No,No,Yes,No,5409.75,No
7055-VKGDA,Male,0,No,No,54,Yes,Fiber optic,Yes,Yes,No,Yes,5643.4,Yes
0754-UKWQP,Male,0,No,No,2,Yes,Fiber optic,No,No,Yes,No,197.7,Yes
8873-GLDMH,Female,0,No,No,6,Yes,Fiber optic,No,No,No,No,401.3,No
5696-JVVQY,Female,0,Yes,Yes,48,Yes,DSL,Yes,Yes,Yes,No,3238.4,No
8946-BFWSG,Male,0,Yes,Yes,63,Yes,No,No internet service,No internet service,No internet service,No internet service,1573.05,No
7493-TPUWZ,Male,0,No,No,1,Yes,Fiber optic,No,Yes,No,No,79.15,Yes
0547-HURJB,Male,0,No,Yes,12,Yes,No,No internet service,No internet service,No internet service,No internet service,235.8,No
8904-OPDCK,Male,1,Yes,No,54,No,DSL,No,No,No,No,1364.75,No
8845-LWKGE,Female,0,Yes,Yes,30,Yes,DSL,No,No,Yes,Yes,1985.15,No
1577-HKTFG,Female,0,Yes,No,30,Yes,No,No internet service,No internet service,No internet service,No internet service,655.85,Yes
8752-STIVR,Female,0,No,No,4,Yes,Fiber optic,No,No,No,No,303.15,Yes
0691-NIKRI,Female,0,No,No,40,Yes,Fiber optic,No,No,Yes,Yes,4335.2,No
5022-JNQEQ,Female,0,Yes,Yes,9,Yes,Fiber optic,No,No,No,Yes,647.5,No
4558-FANTW,Female,0,Yes,Yes,17,Yes,Fiber optic,Yes,No,No,Yes,1574.45,Yes
3249-VHRIP,Female,0,No,No,62,No,DSL,No,Yes,Yes,No,2748.7,No
3736-BLEPA,Male,0,No,No,28,Yes,Fiber optic,No,Yes,No,Yes,2483.65,No
4701-LKOZD,Female,0,No,No,70,Yes,DSL,Yes,Yes,Yes,Yes,6367.2,No
6603-QWSPR,Female,0,No,No,46,Yes,Fiber optic,No,Yes,Yes,Yes,4904.2,No
9921-QFQUL,Female,0,Yes,No,23,Yes,Fiber optic,No,No,Yes,No,2044.95,No
1929-ZCBHE,Male,0,Yes,Yes,47,No,DSL,Yes,No,Yes,Yes,1794.8,No
4378-MYPGO,Male,0,Yes,Yes,68,Yes,Fiber optic,Yes,Yes,Yes,No,7173.15,No
8651-ENBZX,Female,1,No,No,60,Yes,Fiber optic,No,No,Yes,Yes,6441.4,Yes
4129-LYCOI,Female,0,No,Yes,67,Yes,Fiber optic,No,Yes,No,Yes,7039.05,No
7798-JVXYM,Female,0,No,No,14,Yes,DSL,No,No,No,Yes,921.4,No
8647-SDTWQ,Male,0,Yes,Yes,57,Yes,Fiber optic,No,No,No,No,4018.35,No
2696-ECXKC,Female,0,Yes,Yes,55,Yes,Fiber optic,Yes,No,No,No,5448.6,No
2081-KJSQF,Male,0,No,No,1,Yes,No,No internet service,No internet service,No internet service,No internet service,20.25,No
7623-TRNQN,Male,0,No,Yes,1,Yes,DSL,No,No,No,Yes,49.9,Yes
3323-CPBWR,Male,0,No,No,23,Yes,Fiber optic,No,No,Yes,Yes,2085.45,No
9330-IJWIO,Female,0,No,No,13,Yes,Fiber optic,Yes,No,No,No,1358.85,Yes
3384-CTMSF,Male,0,Yes,No,47,Yes,Fiber optic,No,Yes,Yes,No,5135.15,No
0902-RFHOF,Male,0,No,No,38,Yes,No,No internet service,No internet service,No internet service,No internet service,730.1,No
9286-DOJGF,Female,1,Yes,No,38,Yes,Fiber optic,No,No,No,No,2869.85,Yes
6048-QBXKL,Female,1,No,No,2,Yes,DSL,No,Yes,No,No,118.25,No
9661-MHUMO,Male,1,Yes,Yes,1,Yes,DSL,No,No,No,Yes,49.25,Yes
7718-RXDGG,Male,0,Yes,No,15,Yes,Fiber optic,No,No,No,No,1108.6,No
1025-FALIX,Female,0,No,No,26,Yes,Fiber optic,No,No,No,No,1815.65,No
3451-VAWLI,Female,0,Yes,Yes,35,Yes,No,No internet service,No internet service,No internet service,No internet service,730.4,No
3407-QGWLG,Male,0,No,Yes,3,Yes,No,No internet service,No internet service,No internet service,No internet service,75.45,No
1842-EZJMK,Male,0,Yes,Yes,50,Yes,Fiber optic,No,Yes,No,Yes,5071.05,Yes
2347-WKKAE,Male,0,Yes,No,42,Yes,Fiber optic,Yes,No,Yes,No,4014.6,No
8735-DCXNF,Male,0,Yes,No,10,Yes,DSL,Yes,No,No,Yes,568.85,No
3214-IYUUQ,Female,0,Yes,No,61,Yes,Fiber optic,Yes,Yes,No,Yes,5860.7,No
1936-UAFEH,Female,0,No,No,68,Yes,Fiber optic,Yes,Yes,No,Yes,7279.35,No
3587-PMCOY,Male,0,No,No,10,Yes,Fiber optic,Yes,No,Yes,No,1064.95,No
8079-XRJRS,Male,0,Yes,No,65,Yes,Fiber optic,Yes,Yes,Yes,No,5769.6,Yes
1027-LKKQQ,Female,0,Yes,Yes,72,Yes,DSL,Yes,No,Yes,Yes,5886.85,No
7148-XZPHA,Male,0,Yes,Yes,55,Yes,Fiber optic,No,Yes,No,Yes,4238.45,No
8073-IJDCM,Female,0,No,No,1,Yes,No,No internet service,No internet service,No internet service,No internet service,20.3,Yes
5309-TAIKL,Female,0,No,No,7,Yes,DSL,No,No,Yes,Yes,418.3,No
6856-RAURS,Female,0,No,No,2,Yes,Fiber optic,No,No,No,No,136.05,No
8778-LMWTJ,Female,0,No,No,9,Yes,Fiber optic,Yes,No,No,No,708.2,No
9717-IOAAF,Male,0,No,Yes,27,Yes,No,No internet service,No internet service,No internet service,No internet service,788.55,No
8884-ADFVN,Male,1,Yes,No,7,Yes,Fiber optic,No,No,Yes,No,700.85,Yes
2845-KDHVX,Female,0,Yes,No,64,Yes,DSL,No,Yes,Yes,Yes,4378.8,No
0848-SOMKO,Male,0,No,No,70,No,DSL,Yes,No,Yes,Yes,3442.8,No
2720-WGKHP,Male,1,No,No,2,Yes,Fiber optic,No,No,No,No,181.7,Yes
6734-FQAJX,Male,1,No,No,67,Yes,Fiber optic,Yes,Yes,No,Yes,7171.7,No
2869-ADAWR,Female,0,No,No,45,Yes,Fiber optic,No,Yes,No,No,4016.85,Yes
1535-VTJOQ,Female,0,No,No,24,Yes,No,No internet service,No internet service,No internet service,No internet service,553,No
6368-TZZDT,Male,0,Yes,Yes,4,Yes,No,No internet service,No internet service,No internet service,No internet service,96.85,No
0943-ZQPXH,Male,0,Yes,Yes,44,Yes,Fiber optic,No,No,Yes,No,4122.9,No
1293-BSEUN,Female,0,Yes,Yes,72,Yes,No,No internet service,No internet service,No internet service,No internet service,1482.3,No
9894-EZEWG,Female,0,No,No,1,Yes,Fiber optic,No,Yes,No,No,74.3,Yes
1302-TPUBN,Male,0,No,No,66,Yes,No,No internet service,No internet service,No internet service,No internet service,1240.8,No
7851-FLGGQ,Male,0,No,No,1,No,DSL,No,Yes,No,Yes,44.65,Yes
0637-UBJRP,Male,0,Yes,Yes,13,Yes,Fiber optic,Yes,No,No,No,1095.3,Yes
0940-OUQEC,Male,0,No,No,10,Yes,Fiber optic,No,Yes,No,No,788.8,Yes
2378-VTKDH,Male,1,Yes,No,65,Yes,Fiber optic,No,Yes,Yes,No,6578.55,No
0927-CNGRH,Male,0,No,Yes,1,Yes,No,No internet service,No internet service,No internet service,No internet service,19.55,No
8608-OZTLB,Male,0,Yes,Yes,38,Yes,DSL,Yes,Yes,Yes,Yes,2802.3,No
2335-GSODA,Male,0,No,Yes,23,No,DSL,Yes,No,Yes,Yes,857.75,No
1952-DVVSW,Female,0,Yes,No,10,Yes,No,No internet service,No internet service,No internet service,No internet service,184.4,No
0702-PGIBZ,Male,0,No,Yes,4,Yes,Fiber optic,No,Yes,No,No,364.55,Yes
6656-GULJQ,Male,0,Yes,Yes,72,Yes,DSL,Yes,No,Yes,Yes,6093.3,No
9853-JFZDU,Female,0,Yes,No,35,Yes,DSL,No,Yes,No,Yes,1861.1,No
1963-VAUKV,Female,0,No,No,1,Yes,No,No internet service,No internet service,No internet service,No internet service,20.4,Yes
3777-XROBG,Female,0,Yes,Yes,58,Yes,No,No internet service,No internet service,No internet service,No internet service,1079.65,No
6994-FGRHH,Male,0,Yes,Yes,70,Yes,Fiber optic,No,Yes,Yes,Yes,7475.1,No
4000-VGMQP,Male,0,Yes,Yes,38,Yes,DSL,No,Yes,Yes,No,2862.55,No
3999-WRNGR,Female,0,Yes,Yes,60,No,DSL,No,Yes,No,No,3069.45,No
3466-RITXD,Male,0,No,No,26,Yes,Fiber optic,Yes,Yes,No,No,2349.8,No
2680-XKKNJ,Female,0,No,No,8,Yes,DSL,Yes,Yes,No,Yes,469.25,No
3058-HJCUY,Male,0,Yes,Yes,41,Yes,Fiber optic,No,No,Yes,Yes,4213.35,Yes
2974-GGUXS,Female,1,Yes,No,36,Yes,Fiber optic,No,Yes,No,No,3301.05,No
7994-XIRTR,Male,1,No,No,54,Yes,DSL,No,No,Yes,Yes,3529.95,No
3259-FDWOY,Male,0,Yes,Yes,71,Yes,Fiber optic,No,Yes,Yes,No,7723.7,Yes
2101-RANCD,Female,0,No,No,55,Yes,Fiber optic,No,No,No,No,4144.9,No
7921-BEPCI,Female,0,No,No,72,Yes,DSL,Yes,Yes,No,No,4265,No
0807-ZABDG,Female,0,No,Yes,3,Yes,DSL,Yes,No,No,Yes,154.65,Yes
8510-TMWYB,Female,0,Yes,Yes,54,Yes,DSL,No,Yes,Yes,No,3246.45,No
3258-ZKPAI,Male,0,Yes,Yes,72,Yes,Fiber optic,Yes,Yes,Yes,Yes,8337.45,No
1428-IEDPR,Male,0,No,No,52,Yes,Fiber optic,Yes,No,Yes,Yes,5731.4,No
5298-GSTLM,Female,1,No,No,60,Yes,Fiber optic,Yes,No,No,No,6176.6,No
4450-YOOHP,Female,0,No,No,39,No,DSL,No,No,Yes,No,1905.4,No
6728-CZFEI,Female,0,No,No,15,Yes,DSL,No,No,No,No,931.9,No
5748-RNCJT,Male,0,No,No,69,Yes,Fiber optic,No,No,Yes,Yes,7348.8,Yes
3653-NCRDJ,Male,0,Yes,Yes,43,Yes,No,No internet service,No internet service,No internet service,No internet service,776.25,No
6121-TNHBO,Female,1,No,No,63,Yes,DSL,Yes,Yes,Yes,Yes,5243.05,No
5119-NZPTV,Male,1,Yes,No,2,Yes,Fiber optic,No,No,No,No,141.65,No
6519-ZHPXP,Female,0,Yes,Yes,72,Yes,Fiber optic,Yes,Yes,Yes,Yes,7679.65,No
7739-LAXOG,Female,0,Yes,Yes,32,Yes,Fiber optic,No,No,Yes,No,2954.5,Yes
3472-QPRCH,Male,0,Yes,Yes,40,Yes,No,No internet service,No internet service,No internet service,No internet service,1006.9,No
8224-UAXBZ,Female,0,Yes,No,58,No,DSL,Yes,Yes,No,No,2540.1,No
9610-WCESF,Male,0,No,No,67,No,DSL,Yes,No,No,Yes,3097.2,No
9776-CLUJA,Female,1,Yes,No,51,Yes,Fiber optic,Yes,No,No,No,3807.35,Yes
2486-WYVVE,Male,0,Yes,No,31,Yes,DSL,No,No,Yes,Yes,2484,No
3865-ZYKAD,Male,1,Yes,No,69,Yes,Fiber optic,Yes,Yes,No,No,5785.65,No
1422-DGUBX,Male,0,Yes,No,32,Yes,Fiber optic,No,No,No,Yes,2619.15,No
2999-AANRQ,Female,0,No,No,21,Yes,DSL,Yes,Yes,No,Yes,1524.85,No
8668-KNZTI,Male,0,No,No,52,Yes,DSL,Yes,No,Yes,No,2790.65,No
0480-KYJVA,Female,0,Yes,Yes,72,Yes,No,No internet service,No internet service,No internet service,No internet service,1784.5,No
6034-ZRYCV,Female,0,Yes,No,72,No,DSL,No,Yes,Yes,No,3937.45,Yes
9746-YKGXB,Male,0,Yes,Yes,52,No,DSL,Yes,No,Yes,No,2276.1,No
3926-YZVVX,Female,0,No,No,41,Yes,DSL,No,No,No,Yes,2029.05,No
6000-UKLWI,Male,0,No,No,41,Yes,No,No internet service,No internet service,No internet service,No internet service,802.35,No
2079-FBMZK,Female,0,No,No,6,Yes,Fiber optic,No,No,No,No,418.4,Yes
6332-FBZRI,Male,0,Yes,Yes,67,Yes,DSL,Yes,Yes,Yes,Yes,4653.25,No
2096-XOTMO,Female,0,Yes,Yes,16,Yes,No,No internet service,No internet service,No internet service,No internet service,275.9,No
3266-FTKHB,Male,0,No,No,17,Yes,No,No internet service,No internet service,No internet service,No internet service,343.45,No
8221-EQDGL,Male,0,Yes,No,35,Yes,DSL,Yes,Yes,Yes,No,2130.45,No
2346-LOCWC,Female,0,Yes,Yes,58,Yes,No,No internet service,No internet service,No internet service,No internet service,1191.4,No
6608-QQLVK,Male,0,No,No,1,Yes,DSL,No,No,Yes,No,50.5,Yes
0298-XACET,Male,0,Yes,Yes,52,No,DSL,No,Yes,Yes,Yes,2554,No
7560-QJAVJ,Female,0,No,No,70,Yes,DSL,Yes,No,Yes,Yes,5589.45,No
2995-YWTCD,Female,0,Yes,Yes,19,Yes,No,No internet service,No internet service,No internet service,No internet service,467.7,No
3551-HUAZH,Male,1,No,No,1,Yes,Fiber optic,No,No,No,No,74.4,Yes
9137-UIYPG,Female,0,Yes,Yes,35,Yes,Fiber optic,Yes,No,Yes,Yes,3756.45,No
2809-ZMYOQ,Female,0,No,No,32,Yes,Fiber optic,No,No,Yes,No,3334.9,No
5084-OOVCJ,Female,0,Yes,Yes,17,Yes,DSL,Yes,No,No,Yes,920.5,No
0254-WWRKD,Female,0,Yes,Yes,67,Yes,DSL,No,Yes,No,No,3431.75,No
7727-SHVZV,Female,0,No,No,9,Yes,No,No internet service,No internet service,No internet service,No internet service,150.35,No
6302-JGYRJ,Male,0,No,Yes,31,Yes,DSL,No,Yes,No,Yes,2587.7,Yes
5339-PXDVH,Male,0,No,No,4,Yes,Fiber optic,Yes,No,No,No,367.95,No
2205-LPVGL,Male,1,Yes,Yes,58,Yes,Fiber optic,Yes,Yes,No,Yes,5125.75,No
8782-NUUOL,Male,0,No,No,60,Yes,DSL,Yes,No,Yes,Yes,4801.1,No
3685-YLCMQ,Male,0,No,No,58,Yes,Fiber optic,No,No,Yes,Yes,6219.6,Yes
7601-WFVZV,Male,0,No,No,1,Yes,No,No internet service,No internet service,No internet service,No internet service,19.55,No
4609-KNNWG,Female,0,Yes,Yes,27,Yes,No,No internet service,No internet service,No internet service,No internet service,550.1,No
4868-AADLV,Male,1,Yes,Yes,66,Yes,Fiber optic,Yes,Yes,Yes,Yes,7862.25,No
9529-OFXHY,Male,0,No,No,15,Yes,Fiber optic,Yes,No,No,No,1242.2,No
8634-MPHTR,Male,1,Yes,No,47,Yes,Fiber optic,No,No,Yes,No,4871.05,Yes
2669-QVCRG,Female,0,No,No,41,Yes,Fiber optic,Yes,No,No,No,3190.65,No
2478-EEWWM,Male,0,Yes,No,59,No,DSL,No,No,No,No,2666.75,No
9174-IHETN,Female,0,No,Yes,50,Yes,Fiber optic,No,No,No,No,3533.6,No
2233-TXSIU,Male,0,Yes,Yes,17,No,DSL,Yes,No,Yes,No,792.15,No
9644-UMGQA,Male,0,Yes,Yes,6,Yes,DSL,Yes,No,No,No,295.65,No
3256-EZDBI,Male,1,Yes,No,51,No,DSL,No,Yes,No,No,1459.35,No
8761-NSOBC,Male,0,No,No,44,Yes,Fiber optic,No,Yes,No,Yes,4398.15,Yes
0419-YAAPX,Male,0,Yes,No,49,Yes,Fiber optic,No,Yes,No,No,4297.95,No
8413-VONUO,Male,0,No,No,2,Yes,Fiber optic,No,Yes,No,No,167.3,Yes
0872-CASZJ,Male,0,Yes,No,59,Yes,DSL,Yes,No,No,Yes,4096.9,No
4726-DLWQN,Male,1,No,No,50,Yes,DSL,Yes,Yes,No,No,3454.6,No
8164-OCKUJ,Female,0,Yes,Yes,59,Yes,No,No internet service,No internet service,No internet service,No internet service,1286,No
3094-JOJAI,Male,0,No,No,18,Yes,Fiber optic,No,No,No,No,1387,No
9494-MRNYX,Male,0,No,No,10,Yes,Fiber optic,No,No,No,No,786.3,No
2599-CZABP,Male,0,Yes,No,14,Yes,DSL,No,No,No,No,641.25,No
7945-PRBVF,Male,0,No,No,35,Yes,No,No internet service,No internet service,No internet service,No internet service,705.45,No
4544-RXFMG,Male,0,Yes,Yes,8,Yes,DSL,No,No,No,No,345.5,No
0859-YGKFW,Male,0,Yes,Yes,18,Yes,No,No internet service,No internet service,No internet service,No internet service,345.9,No
1150-FTQGN,Female,0,Yes,Yes,60,Yes,Fiber optic,Yes,Yes,No,No,5811.8,No
9223-UCPVT,Female,0,No,No,1,Yes,Fiber optic,No,No,Yes,No,94.4,Yes
7196-LIWRH,Female,0,No,No,6,Yes,No,No internet service,No internet service,No internet service,No internet service,124.45,No
5448-VWNAM,Female,0,No,Yes,19,Yes,DSL,Yes,Yes,No,Yes,1375.6,No
1177-XZBJL,Male,0,Yes,Yes,53,Yes,DSL,Yes,Yes,No,Yes,3491.55,No
3518-FSTWG,Male,1,Yes,No,72,Yes,Fiber optic,Yes,Yes,Yes,No,7920.7,No
9330-VOFSZ,Female,0,Yes,No,60,Yes,Fiber optic,No,Yes,Yes,Yes,6640.7,No
4351-QLCSU,Female,0,No,No,1,Yes,DSL,No,No,No,No,55,Yes
0939-EREMR,Female,0,No,Yes,13,Yes,DSL,No,No,Yes,Yes,718.1,No
9389-ACWBI,Female,0,Yes,Yes,5,Yes,Fiber optic,No,No,No,No,320.4,No
5419-JPRRN,Male,0,No,No,1,Yes,Fiber optic,No,No,Yes,No,101.45,Yes
3644-QXEHN,Male,0,Yes,Yes,13,Yes,Fiber optic,No,No,Yes,No,1334.45,No
2911-IJORQ,Male,0,No,No,37,Yes,DSL,Yes,Yes,Yes,Yes,3358.65,No
5921-NGYRH,Male,0,Yes,No,64,Yes,Fiber optic,Yes,No,No,No,4764,No
2100-BDNSN,Female,0,Yes,No,5,Yes,DSL,No,No,Yes,Yes,350.3,Yes
5998-DZLYR,Female,0,Yes,No,61,Yes,Fiber optic,No,Yes,No,Yes,5703,No
0488-GSLFR,Female,0,No,No,1,Yes,Fiber optic,No,No,No,No,69.5,Yes
9318-NKNFC,Male,0,No,No,1,Yes,No,No internet service,No internet service,No internet service,No internet service,18.85,Yes
3985-HOYPM,Male,0,No,No,26,Yes,No,No internet service,No internet service,No internet service,No internet service,525.55,No
9728-FTTVZ,Female,0,No,No,1,Yes,Fiber optic,No,No,No,No,69.2,Yes
9548-LERKT,Male,0,Yes,No,24,Yes,No,No internet service,No internet service,No internet service,No internet service,483.15,No
6576-FBXOJ,Male,0,Yes,No,17,No,DSL,No,No,Yes,Yes,934.8,No
4310-KEDTB,Female,0,No,Yes,26,No,DSL,No,No,Yes,No,786.5,No
7254-IQWOZ,Male,0,No,No,1,Yes,Fiber optic,No,No,No,No,69.65,Yes
2474-BRUCM,Male,1,Yes,No,40,Yes,Fiber optic,Yes,No,No,No,4086.3,Yes
4062-HBMOS,Male,0,No,No,52,Yes,Fiber optic,No,Yes,Yes,No,5364.8,No
0742-NXBGR,Female,0,No,No,1,Yes,Fiber optic,No,Yes,Yes,No,82.3,Yes
2676-ISHSF,Male,0,No,No,1,Yes,No,No internet service,No internet service,No internet service,No internet service,20.3,No
9236-NDUCW,Female,0,No,No,21,No,DSL,Yes,No,No,Yes,770.4,No
4753-PADAS,Female,0,Yes,No,67,Yes,Fiber optic,No,Yes,Yes,No,6816.95,No
6103-QCKFX,Female,0,Yes,Yes,44,Yes,DSL,Yes,No,No,Yes,2419.55,No
7781-EWARA,Male,0,Yes,Yes,70,No,DSL,No,Yes,Yes,Yes,4138.7,No
6110-OHIHY,Male,0,No,No,3,Yes,Fiber optic,No,No,No,No,267.6,Yes
7018-FPXHH,Male,0,Yes,Yes,56,Yes,DSL,Yes,Yes,Yes,No,3457.45,No
5889-LFOLL,Female,0,No,No,13,Yes,Fiber optic,No,No,No,No,1115.2,Yes
5708-EVONK,Female,0,Yes,Yes,58,Yes,Fiber optic,Yes,Yes,No,No,5435.6,Yes
8708-XPXHZ,Female,0,Yes,Yes,42,Yes,Fiber optic,No,No,No,No,4186.3,Yes
0616-ATFGB,Male,1,Yes,No,1,No,DSL,No,No,No,No,25.05,Yes
0572-ZJKLT,Female,0,Yes,Yes,46,Yes,Fiber optic,Yes,No,Yes,Yes,4630.2,No
5135-RDDQL,Female,0,Yes,Yes,63,Yes,DSL,Yes,No,No,No,3221.25,No
1353-LJWEM,Male,0,No,No,11,Yes,DSL,No,Yes,Yes,Yes,688.5,No
1794-SWWKL,Male,0,Yes,Yes,15,Yes,DSL,No,No,Yes,Yes,867.1,No
6166-YIPFO,Male,0,Yes,No,72,No,DSL,Yes,Yes,Yes,Yes,4746.05,No
7016-BPGEU,Female,0,No,No,29,No,DSL,No,No,No,No,712.85,Yes
6876-ADESB,Male,0,No,Yes,1,Yes,DSL,No,No,Yes,No,48.95,Yes
9332-GYWLO,Female,0,Yes,Yes,6,Yes,DSL,No,No,No,No,355.1,No
1963-SVUCV,Male,0,No,No,1,Yes,DSL,No,No,No,No,45.3,Yes
4184-VODJZ,Male,0,Yes,Yes,63,Yes,Fiber optic,No,Yes,No,No,5764.7,No
0220-EBGCE,Male,0,No,No,2,Yes,Fiber optic,No,No,Yes,No,167.3,Yes
1092-WPIVQ,Female,0,Yes,Yes,18,Yes,No,No internet service,No internet service,No internet service,No internet service,428.45,No
7233-IOQNP,Female,0,Yes,No,43,No,DSL,Yes,No,No,Yes,1505.35,No
2834-JKOOW,Female,0,No,No,15,No,DSL,Yes,Yes,Yes,Yes,693.45,No
2754-VDLTR,Male,0,No,Yes,10,Yes,Fiber optic,No,No,No,No,930.4,Yes
2400-FEQME,Male,0,Yes,Yes,55,Yes,No,No internet service,No internet service,No internet service,No internet service,1177.95,No
3190-XFANI,Male,0,No,Yes,49,Yes,Fiber optic,No,No,No,Yes,5069.65,Yes
7551-DACSP,Male,0,Yes,Yes,6,Yes,DSL,No,Yes,Yes,No,324.25,Yes
4957-SREEC,Male,0,Yes,Yes,70,Yes,No,No internet service,No internet service,No internet service,No internet service,1458.1,No
7235-NXZCP,Male,1,No,No,2,Yes,Fiber optic,No,No,No,No,156.4,Yes
0230-UBYPQ,Male,1,Yes,No,63,No,DSL,Yes,No,No,Yes,2298.9,No
4923-ADWXJ,Female,0,No,No,25,Yes,DSL,No,Yes,No,Yes,1679.65,No
1763-KUAAW,Female,1,No,No,18,Yes,No,No internet service,No internet service,No internet service,No internet service,369.6,No
1104-TNLZA,Male,1,Yes,No,28,Yes,Fiber optic,No,Yes,No,Yes,2998,No
5195-KPUNQ,Female,1,No,No,53,Yes,Fiber optic,Yes,Yes,No,Yes,5206.55,No
0520-FDVVT,Male,0,No,No,35,Yes,Fiber optic,No,Yes,Yes,No,3626.1,Yes
3439-GVUSX,Male,0,No,No,1,No,DSL,No,No,No,No,24.4,No
1444-VVSGW,Male,0,Yes,No,70,Yes,Fiber optic,Yes,Yes,Yes,Yes,7968.85,Yes
5712-PTIWW,Male,0,No,No,2,Yes,Fiber optic,No,No,Yes,Yes,152.45,Yes
5949-HGVJL,Female,0,Yes,No,26,Yes,DSL,No,Yes,No,Yes,1959.5,No
5203-XEHAX,Female,0,No,No,34,Yes,DSL,Yes,Yes,No,No,2053.05,No
1635-HDGFT,Female,0,No,Yes,19,Yes,No,No internet service,No internet service,No internet service,No internet service,398.55,No
3315-TOTBP,Male,0,No,No,15,Yes,Fiber optic,No,No,No,No,1130.85,Yes
8050-XGRVL,Female,0,Yes,Yes,62,Yes,DSL,Yes,No,Yes,No,3425.35,No
6661-HBGWL,Female,1,No,No,42,Yes,Fiber optic,No,Yes,Yes,No,4323.45,Yes
1518-VOWAV,Female,0,No,No,9,Yes,DSL,Yes,Yes,No,No,703.55,Yes
9828-QHFBK,Male,0,No,No,24,Yes,DSL,Yes,No,No,No,1275.7,No
3908-MKIMJ,Male,1,Yes,No,68,No,DSL,Yes,Yes,Yes,No,2965.75,No
5012-YSPJJ,Male,0,Yes,Yes,31,Yes,DSL,No,No,Yes,Yes,1647,No
5909-ECHUI,Female,0,No,No,1,Yes,DSL,No,No,No,No,56.25,Yes
1309-BXVOQ,Male,0,Yes,No,21,Yes,Fiber optic,No,No,Yes,Yes,2249.95,Yes
6728-VOIFY,Female,0,Yes,No,63,Yes,Fiber optic,No,Yes,No,No,6109.75,No
9317-WZPGV,Female,1,No,No,2,Yes,Fiber optic,No,No,No,No,159.4,Yes
4891-NLUBA,Female,0,Yes,Yes,61,No,DSL,No,Yes,Yes,Yes,3751.15,No
2856-HYAPG,Female,0,No,No,1,Yes,Fiber optic,No,No,No,No,68.65,Yes
8969-PRHFK,Male,0,No,No,18,Yes,No,No internet service,No internet service,No internet service,No internet service,411.25,No
0661-KQHNK,Female,0,Yes,Yes,6,Yes,No,No internet service,No internet service,No internet service,No internet service,105.5,No
8709-KRDVL,Female,0,No,No,33,Yes,Fiber optic,No,Yes,No,No,3320.6,No
4488-PSYCG,Male,0,No,No,16,Yes,No,No internet service,No internet service,No internet service,No internet service,327.45,Yes
1427-VERSM,Female,0,Yes,No,56,Yes,Fiber optic,No,No,Yes,Yes,5669.5,No
9801-NOSHQ,Male,0,No,Yes,23,Yes,No,No internet service,No internet service,No internet service,No internet service,465.45,No
6339-YPSAH,Male,0,No,No,9,Yes,Fiber optic,No,No,Yes,No,704.3,No
3621-CEOVK,Female,1,Yes,No,14,Yes,Fiber optic,No,Yes,No,No,1369.8,Yes
6906-ANDWJ,Male,0,Yes,Yes,15,Yes,Fiber optic,No,No,No,No,1107.25,Yes
2159-TURXX,Male,0,No,No,5,Yes,No,No internet service,No internet service,No internet service,No internet service,95.55,No
1548-FEHVL,Male,0,Yes,No,61,Yes,Fiber optic,Yes,Yes,No,No,6375.2,No
3795-CAWEX,Male,0,Yes,Yes,70,Yes,Fiber optic,Yes,Yes,Yes,Yes,8152.3,No
6215-NQCPY,Male,0,No,No,15,Yes,Fiber optic,Yes,No,No,No,1566.75,No
5647-URDKA,Male,0,Yes,Yes,8,Yes,No,No internet service,No internet service,No internet service,No internet service,130.25,No
2229-DPMBI,Female,0,Yes,Yes,8,Yes,No,No internet service,No internet service,No internet service,No internet service,162.15,No
9626-WEQRM,Female,0,No,No,4,No,DSL,Yes,No,No,No,110.05,No
2188-SXWVT,Female,0,No,No,34,Yes,DSL,Yes,Yes,No,No,1885.15,No
6258-PVZWJ,Male,0,Yes,No,68,Yes,DSL,Yes,Yes,Yes,Yes,6302.85,No
1094-BKOSX,Female,0,Yes,Yes,45,No,DSL,No,Yes,Yes,Yes,2264.5,No
6969-MVBAI,Female,1,No,No,9,Yes,Fiber optic,No,No,Yes,No,816.8,No
2978-XXSOG,Female,0,No,No,22,Yes,DSL,Yes,No,No,Yes,1253.5,No
2342-CKIAO,Female,0,No,No,2,Yes,No,No internet service,No internet service,No internet service,No internet service,41.2,No
6953-PBDIN,Male,0,Yes,No,70,Yes,DSL,No,Yes,Yes,Yes,5265.55,No
3898-BSJYF,Female,0,No,Yes,10,Yes,DSL,Yes,No,Yes,Yes,693.3,No
3938-YFPXD,Male,0,No,No,72,Yes,DSL,Yes,No,Yes,Yes,5997.1,No
7696-AMHOD,Female,0,Yes,Yes,49,Yes,DSL,No,Yes,Yes,No,3824.2,No
2453-SAFNS,Female,1,No,No,54,Yes,DSL,No,Yes,No,Yes,3886.05,No
9558-IHEZX,Female,0,No,No,71,Yes,Fiber optic,Yes,Yes,Yes,No,7283.25,No
9617-UDPEU,Female,0,No,No,22,Yes,No,No internet service,No internet service,No internet service,No internet service,412.55,No
6340-DACFT,Female,0,Yes,Yes,50,Yes,No,No internet service,No internet service,No internet service,No internet service,1070.25,No
4955-VCWBI,Female,0,Yes,Yes,43,Yes,No,No internet service,No internet service,No internet service,No internet service,817.95,No
6813-GZQCG,Female,0,Yes,Yes,45,Yes,No,No internet service,No internet service,No internet service,No internet service,1171.3,No
7426-GSWPO,Male,1,No,No,64,Yes,Fiber optic,Yes,Yes,No,No,6548.65,No
3389-KTRXV,Female,0,Yes,Yes,23,Yes,No,No internet service,No internet service,No internet service,No internet service,625.65,No
3118-UHVVQ,Female,0,Yes,No,68,Yes,No,No internet service,No internet service,No internet service,No internet service,1911.5,No
1031-IIDEO,Female,0,No,No,1,Yes,Fiber optic,No,No,No,No,70.85,Yes
5832-XKAES,Male,0,No,No,2,Yes,Fiber optic,No,No,No,No,134.7,Yes
3205-MXZRA,Male,0,No,No,26,Yes,DSL,No,No,No,Yes,1507,No
4701-AHWMW,Male,0,Yes,No,55,No,DSL,No,No,Yes,Yes,2978.3,Yes
8317-BVKSO,Male,0,No,No,14,Yes,No,No internet service,No internet service,No internet service,No internet service,299.3,No
5702-KVQRD,Male,0,Yes,No,71,Yes,DSL,Yes,No,Yes,Yes,5832.65,No
0083-PIVIK,Male,0,No,No,64,Yes,DSL,Yes,Yes,Yes,Yes,5567.55,No
9210-IAHGH,Female,0,No,No,7,Yes,DSL,No,No,No,Yes,450.8,Yes
6169-PGNCD,Female,0,No,No,57,Yes,DSL,Yes,Yes,Yes,Yes,4166.35,No
0023-XUOPT,Female,0,Yes,No,13,Yes,Fiber optic,No,Yes,Yes,No,1215.6,Yes
4592-IWTJI,Female,0,Yes,Yes,3,No,DSL,Yes,No,No,No,91.7,Yes
4909-JOUPP,Male,1,Yes,No,72,Yes,Fiber optic,No,Yes,Yes,Yes,7898.45,No
4657-FWVFY,Female,0,Yes,Yes,40,Yes,Fiber optic,No,Yes,Yes,No,3915.4,No
2257-BOVXD,Male,0,Yes,No,14,Yes,DSL,No,No,No,Yes,979.5,No
7729-JTEEC,Male,0,Yes,Yes,2,Yes,DSL,No,No,No,No,90.05,No
7632-MNYOY,Male,1,No,No,66,Yes,Fiber optic,No,Yes,Yes,Yes,7432.05,Yes
6518-LGAOV,Female,0,Yes,No,38,Yes,Fiber optic,No,No,Yes,Yes,4026.4,Yes
7242-QZLXF,Male,0,No,Yes,1,No,DSL,No,No,No,No,25.3,Yes
4576-CSAJH,Male,0,No,No,22,Yes,DSL,No,Yes,No,Yes,1193.05,Yes
1000-AJSLD,Male,0,No,No,1,Yes,No,No internet service,No internet service,No internet service,No internet service,20.1,Yes
9696-RMYBA,Male,0,No,No,5,Yes,Fiber optic,No,No,No,No,398.55,No
8690-UPCZI,Male,0,Yes,Yes,29,Yes,DSL,Yes,No,No,Yes,1958.45,No
1062-LHZOD,Male,0,Yes,Yes,1,Yes,Fiber optic,No,No,No,No,69.9,Yes
9770-LXDBK,Female,0,No,No,3,Yes,No,No internet service,No internet service,No internet service,No internet service,63.15,No
4086-WITJG,Male,0,Yes,Yes,71,Yes,No,No internet service,No internet service,No internet service,No internet service,1301.1,No
8344-WFMFH,Male,0,No,Yes,9,Yes,DSL,No,Yes,No,No,484.05,No
9600-NAXZN,Male,0,No,No,43,Yes,Fiber optic,No,Yes,No,No,4528,Yes
8822-KNBHV,Female,0,No,No,48,Yes,DSL,Yes,Yes,Yes,No,3887.85,No
8404-FYDIB,Male,0,No,No,26,Yes,Fiber optic,Yes,Yes,No,No,2208.75,No
2791-SFVEW,Female,0,No,No,9,Yes,No,No internet service,No internet service,No internet service,No internet service,238.15,No
6457-USBER,Male,0,No,No,1,Yes,Fiber optic,No,No,No,No,80.8,Yes
6762-NSODU,Female,0,Yes,Yes,46,Yes,No,No internet service,No internet service,No internet service,No internet service,958.15,No
4662-EKDPQ,Male,0,No,No,2,Yes,DSL,No,No,No,No,118.3,Yes
9248-OJYKK,Male,1,No,No,1,Yes,Fiber optic,No,No,No,No,76.45,Yes
9888-ZCUMM,Male,0,Yes,Yes,64,No,DSL,Yes,No,Yes,Yes,3845.45,No
3398-FSHON,Female,1,No,No,12,Yes,Fiber optic,No,Yes,No,No,1094.5,Yes
3319-DWOEP,Male,1,Yes,No,6,Yes,Fiber optic,No,No,Yes,No,573.75,Yes
1074-WVEVG,Female,0,Yes,No,59,Yes,No,No internet service,No internet service,No internet service,No internet service,1267,No
9979-RGMZT,Female,0,No,No,7,Yes,Fiber optic,No,Yes,No,No,633.45,No
6437-UDQJM,Female,1,Yes,No,72,Yes,DSL,Yes,Yes,Yes,No,6129.65,No
1226-IENZN,Male,1,No,No,16,Yes,Fiber optic,No,No,No,No,1218.25,No
2108-GLPQB,Male,0,Yes,No,25,Yes,DSL,No,No,Yes,No,1405.3,No
9259-PACGQ,Female,0,Yes,No,34,Yes,DSL,Yes,Yes,No,Yes,2274.9,Yes
4415-IJZTP,Female,0,No,No,1,Yes,Fiber optic,No,No,No,No,74.5,Yes
1465-VINDH,Female,0,Yes,Yes,10,Yes,Fiber optic,No,Yes,Yes,No,1068.85,Yes
5474-LAMUQ,Male,0,Yes,No,24,Yes,No,No internet service,No internet service,No internet service,No internet service,533.9,No
3468-DRVQJ,Female,0,Yes,Yes,10,Yes,DSL,Yes,Yes,No,No,676.15,No
1122-YJBCS,Male,0,Yes,No,69,Yes,DSL,Yes,Yes,No,No,3804.4,No
4990-ALDGW,Male,0,No,No,57,Yes,No,No internet service,No internet service,No internet service,No internet service,1118.8,No
4816-OKWNX,Male,0,Yes,Yes,50,Yes,Fiber optic,No,Yes,Yes,Yes,5236.4,No
3315-IKYZQ,Male,0,Yes,Yes,28,No,DSL,Yes,No,Yes,Yes,1386.8,No
2810-FTLEM,Female,0,No,No,16,Yes,DSL,Yes,No,No,No,762.25,Yes
4747-LCAQL,Male,0,No,No,25,Yes,DSL,Yes,Yes,No,Yes,1902,No
3411-WLRSQ,Female,1,Yes,No,3,Yes,Fiber optic,No,Yes,No,No,239.05,No
0898-XCGTF,Male,0,Yes,No,61,Yes,Fiber optic,No,No,No,No,5673.7,No
8006-PYCSW,Female,0,No,No,2,Yes,No,No internet service,No internet service,No internet service,No internet service,39.8,No
8249-THVEC,Male,0,Yes,Yes,51,Yes,No,No internet service,No internet service,No internet service,No internet service,997.75,No
8722-PRFDV,Female,0,Yes,Yes,71,Yes,DSL,Yes,No,Yes,No,5574.35,No
2164-SOQXL,Female,0,Yes,Yes,20,Yes,No,No internet service,No internet service,No internet service,No internet service,406.05,No
4020-KIUDI,Male,0,Yes,Yes,6,Yes,No,No internet service,No internet service,No internet service,No internet service,138.85,No
5850-BDWCY,Female,0,No,No,6,Yes,No,No internet service,No internet service,No internet service,No internet service,123.65,No
2038-YSEZE,Female,0,No,No,29,Yes,DSL,Yes,Yes,No,Yes,1801.1,No
0827-ITJPH,Male,0,No,No,36,Yes,No,No internet service,No internet service,No internet service,No internet service,689,No
8799-OXZMD,Female,0,No,No,28,No,DSL,No,No,Yes,No,790.7,No
1925-TIBLE,Female,0,Yes,No,7,Yes,Fiber optic,No,No,No,No,582.5,Yes
1705-GUHPV,Female,0,No,No,63,Yes,No,No internet service,No internet service,No internet service,No internet service,1618.2,No
4779-ZGICK,Male,0,Yes,Yes,48,Yes,No,No internet service,No internet service,No internet service,No internet service,1173.35,No
0048-PIHNL,Female,0,Yes,No,49,Yes,No,No internet service,No internet service,No internet service,No internet service,900.9,No
0818-OCPZO,Male,1,No,No,27,Yes,Fiber optic,No,Yes,No,No,2122.05,Yes
3967-KXAPS,Male,0,Yes,No,72,Yes,DSL,Yes,Yes,Yes,Yes,6719.9,No
1447-GIQMR,Male,0,Yes,No,1,Yes,Fiber optic,No,No,No,No,69.15,Yes
3704-IEAXF,Female,0,Yes,Yes,72,No,DSL,No,Yes,No,Yes,3784,No
6810-VCAEX,Female,0,No,No,47,No,DSL,Yes,Yes,No,Yes,1798.65,No
0674-EYYZV,Female,0,No,No,1,Yes,DSL,No,No,No,No,54.65,No
4480-MBMLB,Female,0,No,No,36,Yes,Fiber optic,No,Yes,Yes,No,3886.45,No
1395-OFUWC,Male,0,Yes,Yes,43,No,DSL,No,Yes,No,No,1224.05,No
0822-QGCXA,Female,1,Yes,No,27,Yes,DSL,No,Yes,Yes,Yes,2310.2,No
0872-NXJYS,Female,0,No,No,9,Yes,Fiber optic,No,No,No,No,723.4,Yes
2832-KJCRD,Female,0,No,No,38,Yes,Fiber optic,No,No,Yes,Yes,3988.5,No
3588-WSTTJ,Female,1,No,No,35,Yes,Fiber optic,Yes,No,No,No,3554.6,No
4075-WKNIU,Female,0,Yes,Yes,0,Yes,DSL,No,Yes,Yes,Yes, ,No
5090-EMGTC,Female,0,Yes,No,59,Yes,Fiber optic,No,Yes,No,Yes,6034.85,No
2346-CZYIL,Male,0,No,No,27,Yes,No,No internet service,No internet service,No internet service,No internet service,531.6,No
3798-EPWRR,Female,1,No,No,2,Yes,DSL,No,No,No,No,85.1,No
6258-NGCNG,Male,0,No,No,7,Yes,No,No internet service,No internet service,No internet service,No internet service,173,No
4186-ZBUEW,Female,0,No,No,36,Yes,DSL,No,Yes,No,Yes,2511.95,No
5274-XHAKY,Female,0,Yes,Yes,41,Yes,Fiber optic,Yes,Yes,No,No,3893.6,No
1442-BQPVU,Female,0,No,No,13,No,DSL,No,Yes,No,No,357.15,No
3978-YNKDD,Male,0,No,Yes,19,Yes,No,No internet service,No internet service,No internet service,No internet service,467.5,No
4940-KHCWD,Female,0,Yes,No,60,No,DSL,Yes,Yes,No,Yes,2288.7,No
9412-ARGBX,Female,0,No,Yes,48,Yes,Fiber optic,No,Yes,Yes,Yes,4627.85,Yes
1389-CXMLU,Male,1,No,No,3,Yes,Fiber optic,No,No,Yes,No,289.1,Yes
9589-ABEPT,Male,0,Yes,No,69,Yes,Fiber optic,No,Yes,No,Yes,6460.55,No
9388-ZEYVT,Male,0,No,No,43,No,DSL,No,No,Yes,Yes,1931.3,No
0305-SQECB,Female,0,No,Yes,11,No,DSL,Yes,No,No,Yes,402.6,No
7605-SNLQG,Female,0,Yes,No,45,Yes,DSL,No,No,Yes,No,2221.55,No
4670-TABXH,Male,0,Yes,No,72,Yes,Fiber optic,No,Yes,Yes,Yes,7758.9,No
5561-NWEVX,Female,1,Yes,No,2,Yes,Fiber optic,No,No,Yes,No,172.85,Yes
0064-SUDOG,Female,0,Yes,Yes,12,Yes,No,No internet service,No internet service,No internet service,No internet service,224.5,No
8561-NMTBD,Female,0,Yes,Yes,67,Yes,Fiber optic,No,Yes,Yes,Yes,7388.45,No
5161-XEUVX,Male,0,Yes,No,37,Yes,Fiber optic,No,No,Yes,Yes,3460.95,No
8292-FRFZQ,Female,0,No,No,39,No,DSL,Yes,Yes,No,Yes,1700.9,No
8591-NXRCV,Female,0,No,No,41,Yes,DSL,Yes,No,Yes,Yes,3090.65,No
7895-VONWT,Female,0,No,No,25,No,DSL,No,No,Yes,No,1293.8,No
4526-RMTLL,Male,0,Yes,Yes,8,Yes,DSL,Yes,Yes,No,Yes,645.8,No
6253-GNHWH,Female,0,Yes,Yes,71,Yes,DSL,Yes,Yes,Yes,Yes,5224.95,No
4566-NECEV,Male,0,No,No,5,Yes,Fiber optic,No,Yes,Yes,No,500.1,No
8080-POTJR,Female,0,No,No,30,Yes,DSL,Yes,No,Yes,No,2427.1,No
6906-MPARY,Male,0,No,No,40,Yes,Fiber optic,No,Yes,No,Yes,3488.15,No
3662-FXJFO,Female,0,No,No,54,Yes,No,No internet service,No internet service,No internet service,No internet service,1035.7,No
8107-RZLNV,Male,0,Yes,No,72,Yes,Fiber optic,No,Yes,Yes,No,7565.35,No
0516-OOHAR,Male,0,Yes,Yes,28,Yes,Fiber optic,No,Yes,Yes,No,2799,No
2027-CWDNU,Male,0,Yes,Yes,18,Yes,Fiber optic,No,No,No,Yes,1601.5,No
2737-WFVYW,Female,0,No,No,2,No,DSL,No,No,No,No,85.5,Yes
9912-OMZDS,Female,0,Yes,Yes,59,Yes,Fiber optic,No,Yes,Yes,No,6256.2,No
3733-ZEECP,Male,0,Yes,Yes,22,Yes,DSL,No,No,No,Yes,1232.9,No
7878-RTCZG,Female,0,No,No,1,Yes,No,No internet service,No internet service,No internet service,No internet service,19.9,No
2452-MRMZF,Female,1,Yes,No,72,Yes,No,No internet service,No internet service,No internet service,No internet service,1937.4,No
2272-QAGFO,Female,1,No,No,14,Yes,Fiber optic,No,No,No,No,1096.25,Yes
7103-IPXPJ,Male,0,Yes,No,50,Yes,Fiber optic,No,No,No,Yes,5059.75,No
4342-HFXWS,Female,0,Yes,Yes,48,Yes,DSL,Yes,No,Yes,Yes,3023.65,No
3545-CNWRG,Female,0,Yes,Yes,49,Yes,Fiber optic,No,Yes,No,No,4889.2,No
1785-BPHTP,Male,0,Yes,Yes,28,Yes,Fiber optic,No,No,Yes,No,2289.9,No
4989-LIXVT,Male,1,No,No,68,Yes,Fiber optic,No,Yes,Yes,No,6503.2,No
7315-WYOAW,Male,0,No,No,13,Yes,Fiber optic,No,No,No,Yes,1313.25,No
1173-XZPYF,Female,0,No,No,11,Yes,Fiber optic,No,No,Yes,No,990.3,No
9850-OWRHQ,Female,0,Yes,No,3,Yes,Fiber optic,No,No,No,No,228,Yes
3768-NLUBH,Male,1,Yes,No,57,Yes,Fiber optic,No,No,Yes,No,5746.15,Yes
8676-TRMJS,Male,0,No,No,3,Yes,Fiber optic,No,No,No,No,209.1,Yes
2509-TFPJU,Male,0,Yes,No,72,Yes,No,No internet service,No internet service,No internet service,No internet service,1864.2,No
9530-GRMJG,Male,0,Yes,Yes,70,Yes,DSL,No,Yes,Yes,Yes,5979.7,No
6898-RBTLU,Female,0,Yes,Yes,49,Yes,DSL,No,Yes,No,Yes,3902.45,No
5481-NTDOH,Female,1,Yes,No,67,Yes,Fiber optic,Yes,No,Yes,No,7142.5,No
2068-WWXQZ,Male,0,No,No,46,Yes,No,No internet service,No internet service,No internet service,No internet service,902,No
7359-SSBJK,Female,1,No,No,64,Yes,DSL,Yes,Yes,No,Yes,4481,Yes
2061-VVFST,Female,0,Yes,No,37,Yes,No,No internet service,No internet service,No internet service,No internet service,805.2,No
0685-MLYYM,Female,1,No,No,2,Yes,Fiber optic,No,No,No,No,154.85,Yes
0749-IRGQE,Female,1,Yes,No,13,No,DSL,No,No,No,No,528.45,No
2380-DAMQP,Female,0,Yes,No,72,Yes,Fiber optic,Yes,Yes,Yes,Yes,8349.7,No
2256-YLYLP,Male,0,Yes,Yes,68,Yes,DSL,No,No,Yes,Yes,4953.25,No
1272-ILHFG,Male,0,Yes,Yes,15,Yes,No,No internet service,No internet service,No internet service,No internet service,332.65,No
0164-XAIRP,Female,0,No,No,24,Yes,No,No internet service,No internet service,No internet service,No internet service,470.2,No
5666-CYCYZ,Female,0,No,No,24,Yes,Fiber optic,No,No,No,Yes,2259.35,No
4011-ARPHK,Male,0,No,No,27,Yes,DSL,Yes,No,No,No,1411.35,No
8182-PNAGI,Male,0,No,No,12,Yes,DSL,No,No,No,Yes,593.75,Yes
6365-HITVU,Female,0,Yes,Yes,71,Yes,DSL,Yes,Yes,Yes,Yes,6328.7,No
7558-IMLMT,Male,0,Yes,Yes,67,Yes,No,No internet service,No internet service,No internet service,No internet service,1411.9,No
9488-FYQAU,Female,0,Yes,No,63,Yes,Fiber optic,No,Yes,Yes,Yes,6841.4,No
3590-TCXTB,Male,0,No,No,1,Yes,No,No internet service,No internet service,No internet service,No internet service,20.35,No
6994-KERXL,Male,0,No,No,4,Yes,DSL,No,No,No,No,238.5,No
7957-RYHQD,Female,1,No,No,40,Yes,Fiber optic,Yes,Yes,No,No,3233.85,Yes
2180-DXNEG,Female,0,No,No,12,Yes,Fiber optic,No,No,Yes,No,1062.1,Yes
1960-UOTYM,Male,0,Yes,Yes,52,Yes,DSL,Yes,Yes,Yes,No,4016.3,No
2740-JFBOK,Male,0,No,No,10,Yes,No,No internet service,No internet service,No internet service,No internet service,226.55,No
6500-JVEGC,Male,0,No,No,68,Yes,Fiber optic,Yes,Yes,Yes,No,7110.75,No
5515-AKOAJ,Female,0,No,No,54,Yes,Fiber optic,No,No,No,Yes,5440.9,Yes
8976-OQHGT,Female,0,Yes,Yes,4,Yes,DSL,No,Yes,No,Yes,235.1,Yes
5245-VDBUR,Female,0,Yes,No,52,No,DSL,Yes,No,Yes,No,1958.95,No
6230-BSUXY,Female,1,No,No,1,Yes,Fiber optic,No,No,Yes,No,85,Yes
8469-SNFFH,Male,0,Yes,No,70,Yes,DSL,Yes,Yes,Yes,Yes,5528.9,No
2144-ESWKO,Male,0,No,No,43,No,DSL,Yes,No,Yes,No,1463.7,No
1241-FPMOF,Male,0,No,No,52,Yes,No,No internet service,No internet service,No internet service,No internet service,1025.05,No
9928-BZVLZ,Female,0,No,No,12,No,DSL,Yes,No,Yes,Yes,552.1,No
4114-QMKVN,Female,0,Yes,Yes,56,Yes,DSL,Yes,Yes,No,No,3815.4,No
2775-SEFEE,Male,0,No,Yes,0,Yes,DSL,Yes,Yes,No,Yes, ,No
9003-CPATH,Male,0,No,No,42,Yes,Fiber optic,No,No,Yes,No,3313.4,No
1754-GKYPY,Male,1,Yes,No,22,Yes,Fiber optic,No,No,No,No,1938.9,No
5294-CDGWY,Male,0,Yes,Yes,51,No,DSL,Yes,Yes,Yes,No,3014.65,Yes
7956-XQWGU,Male,0,No,No,27,Yes,No,No internet service,No internet service,No internet service,No internet service,460.25,No
1591-MQJTP,Male,1,Yes,No,51,Yes,Fiber optic,Yes,No,Yes,No,4839.15,No
5295-PCJOO,Male,0,No,Yes,4,Yes,DSL,Yes,No,No,No,184.4,Yes
2369-FEVNO,Male,0,No,No,1,Yes,No,No internet service,No internet service,No internet service,No internet service,19.9,No
9863-JZAIC,Male,0,No,No,35,Yes,DSL,No,No,No,No,2010.55,Yes
7471-MQPOS,Male,1,Yes,Yes,71,Yes,DSL,No,Yes,Yes,Yes,5139.65,No
7660-HDPJV,Female,0,No,No,1,Yes,Fiber optic,No,No,No,No,69.2,Yes
5115-SQAAU,Female,0,Yes,Yes,69,Yes,No,No internet service,No internet service,No internet service,No internet service,1673.4,No
9845-QOMAD,Male,0,Yes,Yes,14,Yes,No,No internet service,No internet service,No internet service,No internet service,309.35,No
7672-VFMXZ,Male,0,Yes,No,57,Yes,DSL,Yes,No,No,Yes,3171.6,No
9739-JLPQJ,Female,0,Yes,Yes,72,Yes,Fiber optic,Yes,Yes,Yes,Yes,8670.1,No
9916-AYHTC,Male,0,No,No,48,Yes,No,No internet service,No internet service,No internet service,No internet service,916,No
3855-ONCAR,Female,0,Yes,Yes,4,Yes,Fiber optic,No,No,No,No,299.75,No
1488-SYSFC,Male,0,Yes,Yes,31,Yes,No,No internet service,No internet service,No internet service,No internet service,702.05,No
7931-PXHFC,Male,0,No,No,38,Yes,DSL,No,No,Yes,Yes,2354.8,Yes
3990-QYKBE,Male,1,Yes,No,37,Yes,Fiber optic,No,No,No,No,3473.4,Yes
0970-QXPXW,Female,0,No,No,1,Yes,No,No internet service,No internet service,No internet service,No internet service,19.65,No
3259-KNMRR,Male,1,No,No,57,Yes,DSL,No,Yes,Yes,No,4438.2,No
6120-RJKLU,Female,1,Yes,No,62,Yes,DSL,Yes,No,Yes,Yes,4819.75,No
9572-WUKSB,Male,0,Yes,No,3,No,DSL,No,No,No,Yes,92.25,No
5893-KCLGT,Female,0,No,Yes,72,Yes,No,No internet service,No internet service,No internet service,No internet service,1567,No
0076-LVEPS,Male,0,No,Yes,29,No,DSL,Yes,Yes,Yes,Yes,1242.45,No
3640-JQGJG,Male,0,Yes,Yes,13,Yes,DSL,No,No,No,No,559.2,No
4919-MOAVT,Male,0,No,Yes,3,Yes,Fiber optic,No,No,No,No,220.1,Yes
1596-OQSPS,Female,0,No,No,11,Yes,DSL,No,Yes,No,No,531.15,No
9867-XOBQA,Female,0,No,Yes,21,No,DSL,Yes,Yes,Yes,Yes,1183.2,No
9546-KDTRB,Female,0,No,No,19,Yes,No,No internet service,No internet service,No internet service,No internet service,465.85,No
3090-HAWSU,Male,0,No,No,61,Yes,Fiber optic,Yes,No,Yes,Yes,6876.05,Yes
9820-RMCQV,Female,0,No,No,11,Yes,DSL,Yes,No,No,No,501,Yes
3174-RKMOW,Male,0,Yes,Yes,35,Yes,Fiber optic,No,Yes,Yes,Yes,3782.4,No
1760-CAZHT,Male,0,No,Yes,25,Yes,No,No internet service,No internet service,No internet service,No internet service,460.2,No
7839-QRKXN,Female,0,No,No,1,Yes,No,No internet service,No internet service,No internet service,No internet service,20.2,Yes
8441-SHIPE,Female,0,No,No,67,Yes,No,No internet service,No internet service,No internet service,No internet service,1790.35,No
5204-QZXPU,Male,0,No,No,19,No,DSL,No,No,Yes,No,733.35,Yes
4597-ELFTS,Male,0,No,No,56,Yes,No,No internet service,No internet service,No internet service,No internet service,1334,Yes
1320-GVNHT,Male,0,Yes,Yes,72,Yes,Fiber optic,Yes,Yes,Yes,No,7767.25,No
1047-RNXZV,Male,0,No,No,43,Yes,No,No internet service,No internet service,No internet service,No internet service,876.15,No
3541-ZNUHK,Female,0,Yes,Yes,55,Yes,Fiber optic,Yes,Yes,No,No,4600.95,No
8450-JOVAH,Male,0,Yes,Yes,2,Yes,DSL,Yes,No,No,No,113.55,Yes
8725-JEDFD,Male,0,No,No,27,Yes,Fiber optic,No,No,No,No,1793.25,No
7562-UXTPG,Female,0,No,No,13,Yes,Fiber optic,No,No,No,No,886.7,No
8071-SBTRN,Female,0,No,No,70,Yes,Fiber optic,Yes,Yes,Yes,No,7737.55,No
1113-IUJYX,Female,0,Yes,No,14,Yes,Fiber optic,Yes,Yes,No,Yes,1348.9,Yes
6668-CNMFP,Female,0,Yes,Yes,19,Yes,Fiber optic,No,No,No,Yes,1686.85,No
5626-MGTUK,Female,0,No,No,20,Yes,Fiber optic,Yes,No,No,No,1879.25,No
5681-LLOEI,Male,0,Yes,Yes,43,Yes,Fiber optic,Yes,No,Yes,Yes,4013.8,No
8212-DJRCH,Male,0,Yes,Yes,5,Yes,Fiber optic,Yes,No,Yes,No,434.5,No
4323-OHFOW,Female,1,Yes,No,70,Yes,Fiber optic,No,Yes,No,Yes,7195.35,No
4933-BSAIP,Female,0,Yes,No,40,Yes,No,No internet service,No internet service,No internet service,No internet service,780.1,No
2030-BTZRO,Male,0,Yes,Yes,6,Yes,No,No internet service,No internet service,No internet service,No internet service,107.6,No
1116-DXXDF,Male,0,No,No,39,Yes,Fiber optic,Yes,No,Yes,No,3801.7,No
9274-CNFMO,Male,1,Yes,No,4,Yes,Fiber optic,No,No,No,No,308.7,Yes
7758-XKCBS,Male,0,No,No,15,No,DSL,No,No,No,Yes,438.25,Yes
8992-JQYUN,Male,0,Yes,No,1,No,DSL,No,No,Yes,No,50.35,Yes
6563-VNPMN,Female,1,No,No,45,Yes,Fiber optic,Yes,Yes,No,Yes,3778.1,No
0617-AQNWT,Female,0,Yes,No,64,No,DSL,Yes,No,Yes,Yes,3147.5,Yes
2267-WTPYD,Female,1,Yes,No,57,Yes,Fiber optic,No,Yes,Yes,No,5438.95,No
0270-THENM,Male,0,Yes,Yes,72,Yes,DSL,Yes,Yes,Yes,Yes,5102.35,No
2446-PLQVO,Male,0,No,No,1,Yes,Fiber optic,No,No,No,No,70.3,Yes
4707-MAXGU,Male,0,Yes,No,72,Yes,No,No internet service,No internet service,No internet service,No internet service,1872.2,No
2710-WYVXG,Female,0,No,No,3,Yes,DSL,Yes,Yes,No,Yes,213.35,No
3005-NFMTA,Male,1,No,No,55,Yes,Fiber optic,Yes,No,No,No,5617.75,Yes
6300-BWMJX,Female,0,Yes,No,59,Yes,Fiber optic,No,No,Yes,Yes,5386.5,No
8784-CGILN,Female,0,No,No,18,Yes,Fiber optic,No,No,No,Yes,1776.95,Yes
5389-FFVKB,Male,1,Yes,No,32,Yes,Fiber optic,No,No,No,No,2483.05,Yes
7009-LGECI,Female,0,No,No,4,Yes,DSL,Yes,No,No,No,235.65,No
8444-WRIDW,Female,1,No,No,66,Yes,Fiber optic,No,Yes,No,No,5224.35,Yes
5022-KVDQT,Male,0,No,No,27,Yes,Fiber optic,No,No,Yes,No,2272.8,No
7976-CICYS,Male,0,No,No,4,Yes,No,No internet service,No internet service,No internet service,No internet service,83.75,No
1036-GUDCL,Male,0,Yes,Yes,60,Yes,DSL,Yes,Yes,No,Yes,4663.4,No
2005-DWQZJ,Female,0,Yes,Yes,8,Yes,No,No internet service,No internet service,No internet service,No internet service,201.7,No
8148-WOCMK,Male,0,Yes,Yes,8,Yes,No,No internet service,No internet service,No internet service,No internet service,125,No
7815-PDTHL,Male,0,No,No,35,Yes,No,No internet service,No internet service,No internet service,No internet service,684.4,No
9451-LPGOO,Male,0,No,No,7,Yes,Fiber optic,No,No,No,No,620.35,Yes
9173-IVZVP,Female,0,Yes,Yes,53,Yes,No,No internet service,No internet service,No internet service,No internet service,1146.05,No
9129-UXERG,Female,1,No,No,18,Yes,Fiber optic,No,Yes,No,Yes,1806.35,No
3635-JBPSG,Female,0,No,No,15,No,DSL,No,Yes,No,No,603,No
7964-ZRKKG,Male,0,Yes,No,67,Yes,Fiber optic,No,Yes,No,No,5798.3,No
5868-YWPDW,Male,1,Yes,No,6,Yes,Fiber optic,No,Yes,No,No,519.15,Yes
6229-LSCKB,Male,1,No,No,6,Yes,Fiber optic,No,No,No,No,497.6,No
2025-JKFWI,Male,0,No,No,13,Yes,Fiber optic,No,No,No,Yes,1301.7,Yes
4078-SAYYN,Female,0,No,No,11,Yes,Fiber optic,No,No,Yes,No,1129.75,Yes
1724-IQWNM,Male,0,No,Yes,1,Yes,No,No internet service,No internet service,No internet service,No internet service,19.3,No
8217-QYOHV,Male,0,No,No,5,Yes,DSL,Yes,No,No,Yes,266.95,No
5546-QUERU,Male,0,No,No,13,Yes,No,No internet service,No internet service,No internet service,No internet service,257,No
9940-HPQPG,Female,0,Yes,No,9,Yes,Fiber optic,Yes,Yes,Yes,No,865.8,Yes
6897-UUBNU,Male,0,No,No,29,Yes,Fiber optic,No,Yes,No,Yes,2623.65,No
6127-IYJOZ,Male,1,No,No,1,Yes,DSL,No,No,No,No,45.85,No
6618-RYATB,Female,0,No,No,1,Yes,Fiber optic,No,No,Yes,No,79.55,Yes
8930-XOTDP,Female,0,Yes,Yes,18,Yes,DSL,No,No,No,No,1082.8,No
5916-QEWPT,Female,0,Yes,No,2,Yes,DSL,No,No,Yes,No,147.8,No
5060-TQUQN,Male,0,Yes,Yes,30,Yes,Fiber optic,No,Yes,No,Yes,2570.2,No
0531-XBKMM,Male,0,No,Yes,66,Yes,DSL,Yes,Yes,No,Yes,4378.9,No
8465-SBRXP,Male,0,Yes,Yes,38,Yes,Fiber optic,No,No,Yes,Yes,3616.25,No
2408-PSJVE,Male,0,Yes,Yes,44,Yes,DSL,No,Yes,Yes,Yes,2924.05,No
9079-YEXQJ,Female,0,No,No,54,Yes,Fiber optic,No,Yes,Yes,Yes,6014.85,Yes
9700-ZCLOT,Male,0,No,No,2,Yes,No,No internet service,No internet service,No internet service,No internet service,32.7,No
8738-JOKAR,Female,0,No,No,42,Yes,DSL,Yes,Yes,No,Yes,2882.25,No
4534-WGCIR,Female,0,Yes,Yes,58,Yes,No,No internet service,No internet service,No internet service,No internet service,1509.9,No
1930-WNXSB,Male,0,Yes,Yes,58,Yes,Fiber optic,No,Yes,No,No,5305.05,No
2685-SREOM,Female,0,Yes,Yes,25,Yes,Fiber optic,No,No,Yes,No,2368.4,Yes
3508-CFVZL,Female,0,No,No,71,Yes,Fiber optic,Yes,Yes,Yes,Yes,7985.9,No
0402-CQAJN,Female,0,No,No,37,Yes,Fiber optic,No,Yes,Yes,No,3545.35,Yes
6692-UDPJC,Female,0,Yes,Yes,14,Yes,Fiber optic,No,No,No,Yes,1301,Yes
1273-MTETI,Female,1,No,No,4,Yes,Fiber optic,No,No,Yes,No,372.45,Yes
0657-DOGUM,Female,0,Yes,No,48,Yes,DSL,Yes,No,No,Yes,2985.25,No
5480-HPRRX,Female,1,No,No,3,No,DSL,No,No,No,No,77.75,Yes
8792-AOROI,Female,0,Yes,No,8,Yes,DSL,Yes,No,No,Yes,564.35,No
0295-PPHDO,Male,0,No,No,1,Yes,Fiber optic,No,No,No,No,95.45,Yes
5146-YYFRZ,Male,0,No,No,67,Yes,No,No internet service,No internet service,No internet service,No internet service,1311.75,No
1195-OIYEJ,Male,0,No,No,13,Yes,Fiber optic,No,No,No,No,1135.7,Yes
5906-CVLHP,Female,0,Yes,Yes,45,Yes,DSL,No,Yes,No,Yes,2319.8,Yes
3452-SRFEG,Male,0,No,No,49,Yes,Fiber optic,No,No,No,No,3720.35,No
4070-OKWVH,Female,0,Yes,No,52,Yes,Fiber optic,No,Yes,Yes,No,5025.8,No
5297-MDOIR,Female,0,Yes,No,63,Yes,Fiber optic,Yes,No,Yes,No,5224.5,No
6369-MCAKO,Female,0,Yes,Yes,68,Yes,DSL,Yes,Yes,Yes,Yes,6185.8,No
4926-UMJZD,Female,0,Yes,No,31,Yes,DSL,No,No,No,Yes,1498.55,No
6848-HJTXY,Female,0,Yes,No,64,Yes,No,No internet service,No internet service,No internet service,No internet service,1208.6,No
6341-AEVKX,Female,0,Yes,No,62,Yes,Fiber optic,Yes,No,Yes,Yes,6613.65,No
4501-EQDRN,Female,0,No,No,1,Yes,Fiber optic,No,No,No,No,69.7,Yes
2990-HWIML,Female,0,No,No,6,Yes,Fiber optic,No,No,No,No,573.3,Yes
0682-USIXD,Female,0,Yes,No,21,Yes,Fiber optic,No,No,No,Yes,1818.9,No
6976-BWGLQ,Female,0,Yes,Yes,72,Yes,No,No internet service,No internet service,No internet service,No internet service,1787.35,No
7078-NVFAM,Female,0,Yes,Yes,32,No,DSL,Yes,Yes,No,No,1051.05,No
8065-QBYTO,Female,1,No,No,71,Yes,Fiber optic,Yes,Yes,No,Yes,7181.25,No
2133-TSRRM,Female,0,No,Yes,34,Yes,Fiber optic,Yes,Yes,Yes,No,3688.6,No
7384-GHBPI,Male,0,Yes,No,3,No,DSL,No,No,No,No,99.75,Yes
7603-USHJS,Male,0,No,Yes,12,Yes,Fiber optic,No,No,No,No,871.4,Yes
7234-FECYN,Female,1,No,No,8,Yes,Fiber optic,No,No,Yes,No,780.5,Yes
2511-ALLCS,Female,0,Yes,Yes,35,Yes,No,No internet service,No internet service,No internet service,No internet service,821.6,No
3191-CSNMG,Female,0,Yes,Yes,3,Yes,Fiber optic,No,No,No,No,239.45,No
7952-OBOYL,Male,0,No,No,3,Yes,Fiber optic,No,No,Yes,Yes,244.45,No
7470-DYNOE,Male,0,No,No,53,Yes,DSL,No,No,Yes,No,3357.9,No
7853-OETYL,Female,0,Yes,No,4,No,DSL,Yes,No,No,No,129.6,No
1545-ACTAS,Female,0,Yes,Yes,48,Yes,Fiber optic,Yes,No,Yes,No,4977.2,No
5876-HZVZM,Female,0,Yes,Yes,6,Yes,DSL,Yes,Yes,No,No,365.35,Yes
1400-MMYXY,Male,1,Yes,No,3,Yes,Fiber optic,No,Yes,Yes,No,334.65,Yes
5126-RCXYW,Male,0,Yes,Yes,54,No,DSL,No,No,Yes,Yes,2424.05,No
3085-QUOZK,Female,0,No,No,1,Yes,DSL,No,No,No,No,43.95,Yes
2363-BJLSL,Male,0,No,No,62,Yes,DSL,No,Yes,Yes,Yes,4981.15,No
1956-YIFGE,Male,0,Yes,Yes,22,Yes,Fiber optic,No,Yes,Yes,No,2090.25,No
3926-CUQZX,Male,0,No,No,1,Yes,DSL,No,No,No,No,45.1,Yes
7921-LMDFQ,Male,1,No,No,51,Yes,Fiber optic,No,No,Yes,No,4905.75,No
2925-MXLSX,Female,0,No,No,30,Yes,DSL,No,Yes,Yes,No,2038.7,No
5820-PTRYM,Female,1,Yes,No,56,Yes,DSL,Yes,Yes,Yes,Yes,4014,No
9609-BENEA,Male,0,Yes,No,35,Yes,DSL,No,Yes,No,Yes,2441.7,No
6211-WHMYA,Female,1,No,No,64,No,DSL,No,Yes,No,Yes,2751,No
4459-BBGHE,Male,0,No,Yes,30,No,DSL,No,No,No,No,1307.8,No
9945-PSVIP,Female,0,Yes,Yes,25,Yes,No,No internet service,No internet service,No internet service,No internet service,383.65,No
1041-RXHRA,Female,0,No,No,41,Yes,Fiber optic,No,No,No,No,2868.05,Yes
1750-CSKKM,Male,0,No,Yes,9,Yes,DSL,No,No,No,No,449.75,Yes
9108-EJFJP,Female,0,Yes,No,1,Yes,DSL,Yes,Yes,No,No,53.55,No
0530-IJVDB,Male,0,No,Yes,70,Yes,Fiber optic,Yes,Yes,Yes,Yes,7882.5,No
0508-SQWPL,Female,0,Yes,Yes,57,Yes,No,No internet service,No internet service,No internet service,No internet service,1087.7,No
2215-ZAFGX,Male,0,No,No,9,Yes,Fiber optic,No,No,No,No,791.7,No
8213-TAZPM,Female,0,Yes,Yes,69,Yes,Fiber optic,No,Yes,Yes,Yes,7493.05,No
7142-HVGBG,Male,1,Yes,No,43,Yes,Fiber optic,No,Yes,Yes,No,4414.3,Yes
1304-SEGFY,Female,0,Yes,No,72,Yes,Fiber optic,No,No,Yes,No,6841.3,No
7242-EDTYC,Male,0,No,Yes,44,Yes,No,No internet service,No internet service,No internet service,No internet service,819.95,No
2904-GGUAZ,Female,0,Yes,No,72,Yes,Fiber optic,Yes,Yes,No,No,6052.25,No
8267-ZNYVZ,Female,0,Yes,No,33,Yes,Fiber optic,Yes,No,Yes,Yes,3361.05,Yes
5136-GFPMB,Male,0,No,No,54,Yes,Fiber optic,No,No,Yes,No,4869.5,No
2595-KIWPV,Male,0,No,Yes,27,Yes,No,No internet service,No internet service,No internet service,No internet service,509.3,No
5243-SAOTC,Male,0,No,No,54,Yes,Fiber optic,No,Yes,No,No,4308.25,No
9398-MMQTO,Male,0,No,No,3,Yes,Fiber optic,No,Yes,No,No,221.1,No
7619-PLRLP,Female,0,Yes,No,53,Yes,DSL,Yes,Yes,Yes,No,3833.95,No
6457-GIRWB,Male,0,No,No,1,Yes,Fiber optic,No,No,No,No,69.35,Yes
6508-NJYRO,Male,0,Yes,No,15,Yes,No,No internet service,No internet service,No internet service,No internet service,294.95,No
1450-SKCVI,Female,0,No,No,56,Yes,Fiber optic,No,Yes,No,No,4092.85,Yes
4710-NKCAW,Male,0,Yes,Yes,5,Yes,DSL,Yes,Yes,No,Yes,316.9,No
5306-BVTKJ,Male,0,Yes,Yes,48,Yes,DSL,No,Yes,Yes,No,2651.2,No
0357-NVCRI,Female,0,No,Yes,25,Yes,No,No internet service,No internet service,No internet service,No internet service,471.7,No
5570-PTWEH,Female,0,Yes,No,3,Yes,Fiber optic,No,No,No,No,216.75,Yes
2371-KFUOG,Male,0,No,No,58,Yes,Fiber optic,Yes,Yes,No,No,5720.95,No
0463-ZSDNT,Male,0,No,No,10,Yes,DSL,No,No,No,No,503.25,No
6502-MJQAE,Male,0,No,No,1,Yes,Fiber optic,No,No,No,No,69.6,Yes
6257-DTAYD,Male,0,Yes,No,71,Yes,Fiber optic,No,Yes,No,Yes,7365.3,No
4616-ULAOA,Female,0,Yes,Yes,65,Yes,Fiber optic,No,Yes,Yes,Yes,7245.9,No
7693-LCKZL,Male,0,Yes,Yes,5,Yes,Fiber optic,No,Yes,No,No,385,Yes
7746-AWNQW,Female,0,No,No,28,No,DSL,No,No,Yes,Yes,961.4,No
5996-EBTKM,Female,0,Yes,Yes,67,Yes,DSL,No,No,Yes,Yes,4615.9,No
2758-RNWXS,Male,0,No,No,35,Yes,Fiber optic,Yes,No,No,Yes,3251.3,No
2314-TNDJQ,Female,0,Yes,Yes,72,No,DSL,Yes,Yes,Yes,Yes,3880.05,No
2405-LBMUW,Female,0,Yes,Yes,61,No,DSL,Yes,Yes,No,Yes,3088.75,No
3454-JFUBC,Male,1,No,No,68,Yes,No,No internet service,No internet service,No internet service,No internet service,1396,No
0032-PGELS,Female,0,Yes,Yes,1,No,DSL,Yes,No,No,No,30.5,Yes
9039-ZVJDC,Male,0,No,No,3,Yes,No,No internet service,No internet service,No internet service,No internet service,53.05,No
6797-LNAQX,Male,0,Yes,Yes,70,Yes,Fiber optic,No,Yes,No,No,6859.5,Yes
9013-AQORL,Female,0,No,Yes,48,No,DSL,No,Yes,Yes,No,2108.35,No
2898-MRKPI,Male,0,Yes,Yes,68,Yes,Fiber optic,No,Yes,No,No,6770.5,No
2750-BJLSB,Female,0,No,No,47,Yes,Fiber optic,Yes,No,Yes,Yes,4730.6,No
3648-GZPHF,Male,0,Yes,Yes,32,No,DSL,No,No,Yes,Yes,1151.05,No
2075-RMJIK,Female,0,Yes,Yes,5,Yes,DSL,Yes,No,No,No,232.55,No
9588-YRFHY,Male,0,No,No,49,Yes,No,No internet service,No internet service,No internet service,No internet service,1022.6,No
6394-MFYNG,Female,0,No,No,48,Yes,Fiber optic,No,Yes,Yes,No,5121.3,Yes
1564-NTYXF,Female,1,No,No,13,Yes,Fiber optic,No,No,No,No,1127.2,Yes
9364-YKUVW,Male,0,No,No,15,Yes,No,No internet service,No internet service,No internet service,No internet service,309.4,No
5392-AKEMH,Female,0,No,No,12,Yes,DSL,No,No,No,No,523.1,No
2451-YMUXS,Male,1,No,No,67,Yes,DSL,Yes,Yes,No,Yes,4250.1,No
3914-FDRHP,Male,0,No,No,9,Yes,Fiber optic,No,No,No,Yes,770.5,No
3078-ZKNTS,Female,0,Yes,Yes,13,Yes,No,No internet service,No internet service,No internet service,No internet service,246.7,No
1024-KPRBB,Female,0,No,No,38,Yes,Fiber optic,No,No,No,No,3342,No
4690-PKDQG,Female,1,Yes,No,42,Yes,Fiber optic,No,Yes,Yes,No,3930.6,No
8155-IBNHG,Female,0,Yes,No,24,Yes,Fiber optic,No,No,No,No,1747.85,Yes
0886-QGENL,Female,1,Yes,No,27,Yes,Fiber optic,Yes,No,Yes,No,2754.45,Yes
9547-ITEFG,Male,0,Yes,Yes,9,Yes,Fiber optic,No,Yes,Yes,No,897.75,No
1264-FUHCX,Female,0,Yes,No,49,No,DSL,No,Yes,No,Yes,2780.6,No
7789-CRUVC,Female,1,Yes,No,61,Yes,Fiber optic,Yes,Yes,Yes,Yes,5895.45,No
6598-KELSS,Male,0,No,Yes,50,No,DSL,Yes,Yes,No,No,2208.05,No
8739-WWKDU,Male,1,No,No,25,Yes,Fiber optic,No,Yes,No,No,2196.15,Yes
8685-WHQPW,Female,1,No,No,22,Yes,Fiber optic,No,No,No,No,1692.6,Yes
4745-LSPLO,Male,0,No,No,1,Yes,No,No internet service,No internet service,No internet service,No internet service,20.5,Yes
8083-YTZES,Male,0,No,No,4,Yes,Fiber optic,No,No,No,No,265.35,Yes
7240-FQLHE,Female,1,Yes,No,18,Yes,Fiber optic,No,No,No,Yes,1836.25,Yes
6664-FPDAC,Female,1,No,No,56,Yes,Fiber optic,No,Yes,Yes,Yes,6418.9,Yes
9972-VAFJJ,Female,1,Yes,No,53,Yes,Fiber optic,No,Yes,Yes,Yes,4871.45,No
0422-UXFAP,Female,0,Yes,No,51,Yes,Fiber optic,No,No,Yes,No,4947.55,No
1904-WAJAA,Female,0,Yes,Yes,24,Yes,DSL,Yes,Yes,Yes,No,1558.65,No
5130-YPIRV,Female,0,Yes,No,62,Yes,DSL,Yes,Yes,Yes,No,4284.2,No
2843-CQMEG,Male,0,No,No,24,Yes,DSL,No,Yes,No,No,1218.25,No
6439-PKTRR,Female,0,Yes,Yes,70,Yes,DSL,Yes,Yes,Yes,Yes,5617.95,No
5351-QESIO,Male,0,No,Yes,1,No,DSL,No,No,No,No,24.2,No
0786-VSSUD,Male,1,No,No,16,No,DSL,No,Yes,No,No,679.85,Yes
5568-DMXZS,Female,0,No,No,8,Yes,DSL,No,Yes,No,Yes,554.45,No
8468-FZTOE,Female,0,Yes,Yes,72,Yes,DSL,Yes,Yes,Yes,Yes,5237.4,No
6633-SYEUS,Female,0,No,No,23,Yes,Fiber optic,No,Yes,Yes,Yes,2032.3,No
6447-GORXK,Male,0,No,Yes,31,No,DSL,No,No,No,No,789.2,No
6967-PEJLL,Male,0,Yes,Yes,37,No,DSL,Yes,No,Yes,Yes,1525.35,No
3976-BWUCK,Female,0,Yes,No,30,Yes,Fiber optic,No,Yes,No,Yes,2804.45,Yes
5981-ZVXOT,Female,1,No,No,35,Yes,Fiber optic,Yes,Yes,Yes,No,3726.15,No
1684-FLBGS,Female,0,Yes,Yes,23,Yes,DSL,No,Yes,No,Yes,1652.1,No
1389-WNUIB,Female,0,Yes,Yes,20,Yes,DSL,Yes,No,No,No,1588.75,No
0376-OIWME,Male,0,Yes,No,36,Yes,Fiber optic,Yes,No,No,No,3366.05,No
3585-ISXZP,Female,0,No,No,8,Yes,Fiber optic,No,No,No,No,778.1,Yes
0218-QNVAS,Male,0,Yes,Yes,71,Yes,Fiber optic,No,Yes,No,No,7113.75,No
6583-QGCSI,Female,1,Yes,No,50,Yes,Fiber optic,No,Yes,No,No,4367.35,Yes
0804-YGEQV,Female,0,Yes,Yes,43,Yes,No,No internet service,No internet service,No internet service,No internet service,993.15,No
7164-BPTUT,Male,0,No,Yes,57,Yes,DSL,Yes,Yes,Yes,Yes,5012.35,No
4174-LPGTI,Female,0,Yes,Yes,41,Yes,DSL,No,Yes,No,Yes,2728.6,Yes
2523-EWWZL,Female,0,Yes,No,27,Yes,Fiber optic,No,Yes,No,No,2093.4,No
0928-XUTSN,Female,0,No,No,13,Yes,Fiber optic,No,No,No,No,1011.8,No
2108-XWMPY,Male,0,No,No,3,No,DSL,Yes,Yes,No,No,106.85,Yes
0052-YNYOT,Female,0,No,No,67,Yes,No,No internet service,No internet service,No internet service,No internet service,1343.4,No
6304-IJFSQ,Male,0,No,No,3,Yes,DSL,No,Yes,No,No,130.1,Yes
9586-JGQKH,Female,0,Yes,No,64,Yes,Fiber optic,No,Yes,No,Yes,6794.75,No
4501-VCPFK,Male,0,No,No,26,No,DSL,No,No,Yes,Yes,1022.5,No
6075-SLNIL,Male,0,No,No,38,Yes,Fiber optic,No,Yes,Yes,No,3691.2,No
9347-AERRL,Male,0,Yes,No,23,Yes,No,No internet service,No internet service,No internet service,No internet service,486.2,No
0093-XWZFY,Male,0,No,No,40,Yes,Fiber optic,No,Yes,Yes,No,4036.85,Yes
2274-XUATA,Male,1,Yes,No,72,No,DSL,Yes,Yes,Yes,Yes,4685.55,No
1980-KXVPM,Female,1,No,No,3,Yes,Fiber optic,No,No,No,No,256.25,Yes
7703-ZEKEF,Male,0,No,No,23,Yes,Fiber optic,No,No,Yes,No,1917.1,Yes
0723-DRCLG,Female,1,Yes,No,1,Yes,Fiber optic,No,No,No,No,74.45,Yes
5482-NUPNA,Female,0,No,No,4,Yes,DSL,Yes,Yes,No,Yes,272.15,Yes
6691-CCIHA,Female,0,Yes,No,62,Yes,DSL,Yes,Yes,No,Yes,5150.55,No
1685-BQULA,Female,0,No,No,40,Yes,Fiber optic,No,Yes,Yes,No,3756.4,No
9053-EJUNL,Male,0,No,No,41,Yes,Fiber optic,No,Yes,No,No,3645.75,No
0666-UXTJO,Male,1,Yes,No,34,Yes,Fiber optic,No,No,Yes,No,2874.45,No
1471-GIQKQ,Female,0,No,No,1,Yes,DSL,No,Yes,No,No,49.95,No
4807-IZYOZ,Female,0,No,No,51,Yes,No,No internet service,No internet service,No internet service,No internet service,1020.75,No
1122-JWTJW,Male,0,Yes,Yes,1,Yes,Fiber optic,No,No,No,No,70.65,Yes
9710-NJERN,Female,0,No,No,39,Yes,No,No internet service,No internet service,No internet service,No internet service,826,No
9837-FWLCH,Male,0,Yes,Yes,12,Yes,No,No internet service,No internet service,No internet service,No internet service,239,No
1699-HPSBG,Male,0,No,No,12,Yes,DSL,No,No,No,Yes,727.8,Yes
7203-OYKCT,Male,0,No,No,72,Yes,Fiber optic,No,Yes,Yes,No,7544.3,No
1035-IPQPU,Female,1,Yes,No,63,Yes,Fiber optic,No,Yes,Yes,No,6479.4,No
7398-LXGYX,Male,0,Yes,No,44,Yes,Fiber optic,Yes,No,Yes,No,3626.35,No
2823-LKABH,Female,0,No,No,18,Yes,Fiber optic,No,No,Yes,Yes,1679.4,No
8775-CEBBJ,Female,0,No,No,9,Yes,DSL,No,No,No,No,403.35,Yes
0550-DCXLH,Male,0,No,No,13,Yes,DSL,No,Yes,No,Yes,931.55,No
9281-CEDRU,Female,0,Yes,No,68,Yes,DSL,No,Yes,No,Yes,4326.25,No
2235-DWLJU,Female,1,No,No,6,No,DSL,No,No,No,No,263.05,No
0871-OPBXW,Female,0,No,No,2,Yes,No,No internet service,No internet service,No internet service,No internet service,39.25,No
3605-JISKB,Male,1,Yes,No,55,Yes,DSL,Yes,Yes,No,No,3316.1,No
6894-LFHLY,Male,1,No,No,1,Yes,Fiber optic,No,No,No,No,75.75,Yes
9767-FFLEM,Male,0,No,No,38,Yes,Fiber optic,No,No,No,No,2625.25,No
0639-TSIQW,Female,0,No,No,67,Yes,Fiber optic,Yes,Yes,Yes,No,6886.25,Yes
8456-QDAVC,Male,0,No,No,19,Yes,Fiber optic,No,No,No,No,1495.1,No
7750-EYXWZ,Female,0,No,No,12,No,DSL,No,Yes,Yes,Yes,743.3,No
2569-WGERO,Female,0,No,No,72,Yes,No,No internet service,No internet service,No internet service,No internet service,1419.4,No
6840-RESVB,Male,0,Yes,Yes,24,Yes,DSL,Yes,No,Yes,Yes,1990.5,No
2234-XADUH,Female,0,Yes,Yes,72,Yes,Fiber optic,No,Yes,Yes,No,7362.9,No
4801-JZAZL,Female,0,Yes,Yes,11,No,DSL,Yes,No,No,No,346.45,No
8361-LTMKD,Male,1,Yes,No,4,Yes,Fiber optic,No,No,No,No,306.6,Yes
3186-AJIEK,Male,0,No,No,66,Yes,Fiber optic,Yes,No,Yes,Yes,6844.5,No
